id_institution,smape_isp,r2_isp,r2_clip_isp,n_obs_x,smape_base,r2_base,r2_clip_base,n_obs_y,missing_rate,n_train,train_median_bytes,train_mean_bytes,train_std_bytes,cv,traffic_group,missing_group,volatility_group,delta_smape,delta_r2,track,label,baseline,id_institution_subnet
0.0,21.870102845621943,0.7310028795749882,0.7310028795749882,3480.0,22.13182879776765,0.7237818808587179,0.7237818808587179,3480.0,0.00042517006802722523,2352,76423561216.0,76367990000.0,40472923831.01894,0.5299723822283063,high,low_missing,low_cv,-0.2617259521457065,0.007220998716270355,org_24h,"To chuc, 24h",gru,
1.0,23.37131514431203,0.5938431401258634,0.5938431401258634,3480.0,23.762014272114303,0.5940538394430562,0.5940538394430562,3480.0,0.00042517006802722523,2352,54806323200.0,59659194000.0,45387970242.95703,0.7607875152149596,high,low_missing,low_cv,-0.39069912780227156,-0.00021069931719286394,org_24h,"To chuc, 24h",gru,
2.0,30.052944953257867,0.16430833123172223,0.16430833123172223,3480.0,29.728635501376957,0.18376463056897455,0.18376463056897455,3480.0,0.00042517006802722523,2352,87796350976.0,93760094000.0,49447555222.092575,0.5273838048028914,high,low_missing,low_cv,0.32430945188091087,-0.01945629933725232,org_24h,"To chuc, 24h",gru,
3.0,26.12103836012908,0.7037142310156748,0.7037142310156748,3480.0,27.353573748162514,0.6999598410955336,0.6999598410955336,3480.0,0.00042517006802722523,2352,26015002624.0,29509917000.0,18030273407.899612,0.6109903192308008,high,low_missing,low_cv,-1.2325353880334333,0.00375438992014121,org_24h,"To chuc, 24h",gru,
4.0,69.14514052959025,0.5234469221129563,0.5234469221129563,3480.0,69.62385565915976,0.5245912951474384,0.5245912951474384,3480.0,0.00042517006802722523,2352,9560567.0,82105704.0,162976159.7837959,1.9849553909652353,low,low_missing,mid_cv,-0.47871512956950824,-0.0011443730344821157,org_24h,"To chuc, 24h",gru,
5.0,65.06923334445788,0.28369447243449714,0.28369447243449714,3480.0,63.911447047918216,0.2955308634171176,0.2955308634171176,3480.0,0.00042517006802722523,2352,24104212.0,414751840.0,863452781.285737,2.0818540100647582,mid,low_missing,high_cv,1.157786296539669,-0.01183639098262046,org_24h,"To chuc, 24h",gru,
6.0,75.22480431876166,0.26674491352328716,0.26674491352328716,3480.0,78.02771693905979,0.2705432406553791,0.2705432406553791,3480.0,0.00042517006802722523,2352,107751960.0,203472960.0,305037541.15928537,1.4991551759962864,mid,low_missing,mid_cv,-2.8029126202981303,-0.0037983271320919387,org_24h,"To chuc, 24h",gru,
7.0,77.31805468151094,0.48818705066257134,0.48818705066257134,3480.0,76.63156199130022,0.4966316700183376,0.4966316700183376,3480.0,0.00042517006802722523,2352,4704792.0,192133330.0,489041781.66842806,2.5453250966871717,low,low_missing,high_cv,0.6864926902107271,-0.008444619355766236,org_24h,"To chuc, 24h",gru,
8.0,106.18712521582479,0.3249992140471976,0.3249992140471976,3471.0,106.13230291664291,0.33885983285402377,0.33885983285402377,3471.0,0.00042517006802722523,2352,824540.0,49878670.0,125884545.99665819,2.5238151087233875,low,low_missing,high_cv,0.054822299181878975,-0.013860618806826153,org_24h,"To chuc, 24h",gru,
9.0,37.09013582731478,0.20568977922354717,0.20568977922354717,3480.0,37.75067609596024,0.21459480395320754,0.21459480395320754,3480.0,0.00042517006802722523,2352,5345344000.0,6743888400.0,6052849375.21828,0.8975310726640697,high,low_missing,low_cv,-0.6605402686454553,-0.008905024729660371,org_24h,"To chuc, 24h",gru,
10.0,44.43452650394081,0.7120745691085965,0.7120745691085965,3480.0,44.7776340631627,0.7326170912445251,0.7326170912445251,3480.0,0.00042517006802722523,2352,1011310400.0,2338716200.0,2831748734.3051043,1.21081334397805,high,low_missing,mid_cv,-0.34310755922189173,-0.020542522135928665,org_24h,"To chuc, 24h",gru,
11.0,127.90021462346972,-0.16530493871100835,-0.16530493871100835,3480.0,129.74435295494763,-0.19023250941809408,-0.19023250941809408,3480.0,0.00042517006802722523,2352,267715568.0,809742400.0,1389083216.1802804,1.7154631104660945,high,low_missing,mid_cv,-1.8441383314779074,0.024927570707085733,org_24h,"To chuc, 24h",gru,
12.0,48.88667761381648,0.43081930458050816,0.43081930458050816,3478.0,50.328374784052166,0.47061583933449863,0.47061583933449863,3478.0,0.00042517006802722523,2352,381727360.0,742487000.0,905791931.6036303,1.2199431921128139,high,low_missing,mid_cv,-1.4416971702356847,-0.039796534753990476,org_24h,"To chuc, 24h",gru,
13.0,81.93248551683091,0.022235974165679868,0.022235974165679868,3479.0,81.74437961502986,0.021438865854084232,0.021438865854084232,3479.0,0.00042517006802722523,2352,29405928.0,407570850.0,1568549799.8230941,3.8485328563614396,mid,low_missing,high_cv,0.1881059018010518,0.0007971083115956359,org_24h,"To chuc, 24h",gru,
14.0,77.24680621783979,0.12143063588953963,0.12143063588953963,3480.0,77.24803907914783,0.135115327662251,0.135115327662251,3480.0,0.002125850340136015,2352,38975292.0,298437660.0,610601785.8760487,2.0459943885502625,mid,high_missing,high_cv,-0.001232861308039901,-0.01368469177271138,org_24h,"To chuc, 24h",gru,
15.0,74.00641730897185,0.16532821437991507,0.16532821437991507,3480.0,73.43479325932925,0.1594717111438765,0.1594717111438765,3480.0,0.00042517006802722523,2352,23431764.0,105829976.0,206850193.7071995,1.954552023211264,mid,low_missing,mid_cv,0.571624049642594,0.005856503236038563,org_24h,"To chuc, 24h",gru,
16.0,65.22484194721643,0.4830732606184463,0.4830732606184463,3480.0,65.03287508034931,0.49002660416346505,0.49002660416346505,3480.0,0.00042517006802722523,2352,68930872.0,205869660.0,332629601.82524425,1.6157290751941202,mid,low_missing,mid_cv,0.19196686686711928,-0.006953343545018753,org_24h,"To chuc, 24h",gru,
17.0,61.20274199376119,0.3727646779806943,0.3727646779806943,3480.0,60.770516583225394,0.4605301162698388,0.4605301162698388,3480.0,0.00042517006802722523,2352,506844896.0,678373500.0,646658846.8250833,0.9532489742186088,high,low_missing,low_cv,0.4322254105357928,-0.08776543828914452,org_24h,"To chuc, 24h",gru,
18.0,91.83841461423184,0.25057822233712795,0.25057822233712795,3480.0,93.28173580386694,0.21682168181857472,0.21682168181857472,3480.0,0.02423469387755106,2352,10545274.0,66169720.0,148777245.69230548,2.248418849170066,low,high_missing,high_cv,-1.4433211896350997,0.03375654051855323,org_24h,"To chuc, 24h",gru,
19.0,67.5973304311629,-0.0021007421396282665,-0.0021007421396282665,3480.0,67.23980310322138,0.002742244746654933,0.002742244746654933,3480.0,0.00170068027210879,2352,23542442.0,229711790.0,784781592.4654412,3.41637486535929,mid,high_missing,high_cv,0.35752732794152564,-0.0048429868862832,org_24h,"To chuc, 24h",gru,
20.0,83.65677798476239,0.03504561101901717,0.03504561101901717,3478.0,88.61078006247472,0.0167664840103338,0.0167664840103338,3478.0,0.00042517006802722523,2352,40651956.0,84301864.0,115596274.54766625,1.3712184886880585,mid,low_missing,mid_cv,-4.954002077712332,0.018279127008683366,org_24h,"To chuc, 24h",gru,
21.0,71.26048599527725,-0.022195648461538636,-0.022195648461538636,3480.0,71.85940564277735,-0.0221741318982988,-0.0221741318982988,3480.0,0.00042517006802722523,2352,53959.0,322585500.0,2407516711.3014174,7.463189391490503,low,low_missing,high_cv,-0.5989196475000966,-2.1516563239835917e-05,org_24h,"To chuc, 24h",gru,
22.0,33.08161213565811,0.44884762658610994,0.44884762658610994,3480.0,33.324889352218094,0.4695469932448962,0.4695469932448962,3480.0,0.00042517006802722523,2352,4167804672.0,5095279600.0,3770942300.0704746,0.7400854485451804,high,low_missing,low_cv,-0.24327721655998147,-0.020699366658786245,org_24h,"To chuc, 24h",gru,
23.0,27.894150366523093,0.7332719724070635,0.7332719724070635,3480.0,28.50765495982587,0.7291965510551881,0.7291965510551881,3480.0,0.00042517006802722523,2352,11821113344.0,13174070000.0,8505562941.61963,0.6456290854692983,high,low_missing,low_cv,-0.6135045933027783,0.004075421351875441,org_24h,"To chuc, 24h",gru,
24.0,48.60817974355185,0.013969840380906401,0.013969840380906401,3480.0,48.366026975961915,0.04711401874270733,0.04711401874270733,3480.0,0.00042517006802722523,2352,463540448.0,569505000.0,511123147.19094676,0.8974866342723374,high,low_missing,low_cv,0.24215276758993554,-0.033144178361800926,org_24h,"To chuc, 24h",gru,
25.0,51.84730095936933,0.1372650480240218,0.1372650480240218,3480.0,51.32821995685921,0.1391806999765932,0.1391806999765932,3480.0,0.00042517006802722523,2352,376467328.0,450409860.0,428365107.3847439,0.9510562472787983,high,low_missing,low_cv,0.51908100251012,-0.0019156519525713733,org_24h,"To chuc, 24h",gru,
26.0,45.642268186310275,0.18304854307728477,0.18304854307728477,3480.0,46.08850548815496,0.18550493201562812,0.18550493201562812,3480.0,0.00042517006802722523,2352,358588768.0,455877380.0,395730206.1275638,0.8680628321585403,high,low_missing,low_cv,-0.4462373018446826,-0.0024563889383433513,org_24h,"To chuc, 24h",gru,
27.0,33.40353800791517,0.3466229505521435,0.3466229505521435,3480.0,33.10348878062341,0.36165406987791354,0.36165406987791354,3480.0,0.00042517006802722523,2352,1189428736.0,1451833600.0,1056616974.1682338,0.7277810447204375,high,low_missing,low_cv,0.3000492272917583,-0.01503111932577006,org_24h,"To chuc, 24h",gru,
28.0,46.947727481319646,0.12348204832260025,0.12348204832260025,3480.0,46.28494179354223,0.1379545154395272,0.1379545154395272,3480.0,0.00042517006802722523,2352,371302784.0,444789920.0,345640161.62616026,0.7770863189214365,high,low_missing,low_cv,0.662785687777415,-0.014472467116926943,org_24h,"To chuc, 24h",gru,
29.0,51.39117320474054,0.2619288345250758,0.2619288345250758,3478.0,51.04226464985893,0.2161040646712887,0.2161040646712887,3478.0,0.00042517006802722523,2352,280350048.0,369067900.0,318217267.680404,0.8622187522445842,high,low_missing,low_cv,0.34890855488161066,0.04582476985378711,org_24h,"To chuc, 24h",gru,
30.0,46.90978921851633,0.02699152692399257,0.02699152692399257,3478.0,68.3513935407658,-11.537638762129944,-1.0,3478.0,0.00042517006802722523,2352,249265376.0,340823940.0,391818175.9982477,1.1496204773547585,high,low_missing,low_cv,-21.441604322249468,11.564630289053937,org_24h,"To chuc, 24h",gru,
31.0,44.60592789814587,0.3803252321053907,0.3803252321053907,3474.0,45.16339207923493,0.44570665633448764,0.44570665633448764,3474.0,0.00042517006802722523,2352,1676076032.0,2041110700.0,1484613870.064368,0.7273558960168243,high,low_missing,low_cv,-0.5574641810890597,-0.06538142422909693,org_24h,"To chuc, 24h",gru,
32.0,28.00599660461624,0.3738241241115581,0.3738241241115581,3480.0,27.59903321567012,0.4052835885317572,0.4052835885317572,3480.0,0.00042517006802722523,2352,2021419264.0,2201166300.0,1079615873.7630427,0.4904744617005821,high,low_missing,low_cv,0.40696338894612083,-0.031459464420199146,org_24h,"To chuc, 24h",gru,
33.0,33.230242634004604,0.34120795124608677,0.34120795124608677,3480.0,32.7981179730582,0.3854372779572863,0.3854372779572863,3480.0,0.00042517006802722523,2352,1687556352.0,2202774000.0,1679241132.220056,0.7623301891264256,high,low_missing,low_cv,0.4321246609464069,-0.0442293267111995,org_24h,"To chuc, 24h",gru,
34.0,41.1336888261883,0.6632860438579807,0.6632860438579807,3480.0,40.78250387104396,0.683826736773994,0.683826736773994,3480.0,0.00042517006802722523,2352,471735104.0,1461722200.0,1912123291.4882886,1.3081303952030507,high,low_missing,mid_cv,0.35118495514434045,-0.020540692916013237,org_24h,"To chuc, 24h",gru,
35.0,68.94775220651275,0.3313352688551077,0.3313352688551077,3480.0,70.04916913309657,0.3290149388347358,0.3290149388347358,3480.0,0.00042517006802722523,2352,48618076.0,114378700.0,167209416.88900074,1.4618929139903591,mid,low_missing,mid_cv,-1.1014169265838234,0.002320330020371908,org_24h,"To chuc, 24h",gru,
36.0,43.860810140538966,0.3635609185209095,0.3635609185209095,3480.0,43.21391034403805,0.3768099695699787,0.3768099695699787,3480.0,0.00042517006802722523,2352,472835680.0,742517500.0,672293632.2525237,0.9054246245116447,high,low_missing,low_cv,0.646899796500918,-0.013249051049069205,org_24h,"To chuc, 24h",gru,
37.0,29.327544426400152,0.03133927017537827,0.03133927017537827,3480.0,31.061300732710265,0.016303179062601838,0.016303179062601838,3480.0,0.00042517006802722523,2352,10701.0,12288.253,30268.623481834653,2.4632161833768835,low,low_missing,high_cv,-1.733756306310113,0.015036091112776432,org_24h,"To chuc, 24h",gru,
38.0,75.71133981223545,0.44706968426196503,0.44706968426196503,3476.0,82.82566246285383,0.4496244985471503,0.4496244985471503,3476.0,0.00042517006802722523,2352,78144832.0,320291000.0,591920327.6490527,1.8480703886918135,mid,low_missing,mid_cv,-7.1143226506183765,-0.0025548142851852806,org_24h,"To chuc, 24h",gru,
39.0,75.81864144741034,0.22239527256102268,0.22239527256102268,3480.0,78.8810025462114,0.04243471152685221,0.04243471152685221,3480.0,0.00042517006802722523,2352,393238848.0,1940406800.0,2883634156.5394855,1.4860977503877277,high,low_missing,mid_cv,-3.0623610988010626,0.17996056103417046,org_24h,"To chuc, 24h",gru,
40.0,72.39048325576893,0.44573253769611737,0.44573253769611737,3480.0,72.09440569537115,0.466901085840842,0.466901085840842,3480.0,0.00042517006802722523,2352,172481424.0,359785600.0,435957771.0423226,1.211715452320278,mid,low_missing,mid_cv,0.29607756039777655,-0.02116854814472463,org_24h,"To chuc, 24h",gru,
41.0,66.69233819958932,0.3922236959030529,0.3922236959030529,3480.0,68.09422450840034,0.3423873307538568,0.3423873307538568,3480.0,0.00042517006802722523,2352,254932720.0,590328770.0,726304855.1213782,1.230339591245159,high,low_missing,mid_cv,-1.4018863088110294,0.049836365149196094,org_24h,"To chuc, 24h",gru,
42.0,68.04202794752183,0.5034385646555611,0.5034385646555611,3480.0,67.58114148233076,0.5382691187394191,0.5382691187394191,3480.0,0.00042517006802722523,2352,15886766.0,106794500.0,207645855.97883165,1.944349791011998,low,low_missing,mid_cv,0.46088646519106646,-0.034830554083857934,org_24h,"To chuc, 24h",gru,
43.0,70.85547528129241,0.2988323752125263,0.2988323752125263,3480.0,71.32176001508144,0.30162650933758695,0.30162650933758695,3480.0,0.0008503401360544505,2352,16021830.5,150817710.0,438806268.5740798,2.9095141595443366,low,high_missing,high_cv,-0.46628473378902413,-0.002794134125060632,org_24h,"To chuc, 24h",gru,
45.0,82.1290417995303,0.43990455909105314,0.43990455909105314,3480.0,82.51061230640909,0.44552435934428686,0.44552435934428686,3480.0,0.00042517006802722523,2352,16635705.0,227261920.0,431438098.4290651,1.8984179066561837,low,low_missing,mid_cv,-0.3815705068787878,-0.00561980025323372,org_24h,"To chuc, 24h",gru,
46.0,91.8391280431178,0.3519472717741395,0.3519472717741395,3480.0,92.51453253195321,0.31384058294491424,0.31384058294491424,3480.0,0.00042517006802722523,2352,57100252.0,208478750.0,330126246.25345963,1.5835006833380296,mid,low_missing,mid_cv,-0.6754044888354116,0.038106688829225244,org_24h,"To chuc, 24h",gru,
47.0,21.75626217831395,0.14819595350340523,0.14819595350340523,3476.0,22.626948367570538,0.1944585677273348,0.1944585677273348,3476.0,0.00042517006802722523,2352,26659.0,48704.934,103357.42761712702,2.122114126655749,low,low_missing,high_cv,-0.8706861892565882,-0.04626261422392958,org_24h,"To chuc, 24h",gru,
48.0,25.17347224058066,0.5539453755576528,0.5539453755576528,3480.0,25.2737418743048,0.5628080705649394,0.5628080705649394,3480.0,0.00042517006802722523,2352,52894072832.0,55006278000.0,26468816352.37101,0.48119628325790814,high,low_missing,low_cv,-0.10026963372413888,-0.008862695007286647,org_24h,"To chuc, 24h",gru,
49.0,34.92847660346274,0.1962302420141027,0.1962302420141027,3480.0,35.714607193191284,0.20447099423486415,0.20447099423486415,3480.0,0.00042517006802722523,2352,59885846528.0,68810785000.0,46145361924.8693,0.670612347765708,high,low_missing,low_cv,-0.7861305897285433,-0.008240752220761455,org_24h,"To chuc, 24h",gru,
50.0,27.190616948564195,0.7053529821386633,0.7053529821386633,3480.0,28.17864227483322,0.6965785675187363,0.6965785675187363,3480.0,0.00042517006802722523,2352,14268986368.0,18291280000.0,12877715895.343763,0.7040358020576114,high,low_missing,low_cv,-0.9880253262690246,0.008774414619927007,org_24h,"To chuc, 24h",gru,
51.0,44.76231404421389,0.03862526997087787,0.03862526997087787,3480.0,47.92893017811732,0.03620004598328443,0.03620004598328443,3480.0,0.00042517006802722523,2352,417332.0,4896942.0,17977325.6604514,3.671133058233363,low,low_missing,high_cv,-3.1666161339034318,0.0024252239875934348,org_24h,"To chuc, 24h",gru,
52.0,34.839459575880504,0.5954236329953743,0.5954236329953743,3480.0,35.29812214626684,0.5838830643906995,0.5838830643906995,3480.0,0.00042517006802722523,2352,4172819712.0,5647819000.0,4728732711.478633,0.8372670794019548,high,low_missing,low_cv,-0.4586625703863376,0.011540568604674784,org_24h,"To chuc, 24h",gru,
53.0,28.40367876740193,0.6805159945822868,0.6805159945822868,3480.0,29.247735415441994,0.6782520597799989,0.6782520597799989,3480.0,0.00042517006802722523,2352,18945470464.0,21361437000.0,13043456481.996344,0.6106076422796674,high,low_missing,low_cv,-0.8440566480400626,0.0022639348022879258,org_24h,"To chuc, 24h",gru,
54.0,68.39866629983949,0.4118283198090487,0.4118283198090487,3480.0,70.07344921236269,0.4110179442425508,0.4110179442425508,3480.0,0.00042517006802722523,2352,54922464.0,248657580.0,392201262.95420223,1.5772744858415508,mid,low_missing,mid_cv,-1.6747829125231988,0.000810375566497934,org_24h,"To chuc, 24h",gru,
55.0,28.247421519267977,0.5739403343994606,0.5739403343994606,3480.0,28.498800174102147,0.5820568188706434,0.5820568188706434,3480.0,0.00042517006802722523,2352,5400788480.0,6005989000.0,3967757193.5223527,0.6606334582644928,high,low_missing,low_cv,-0.2513786548341699,-0.00811648447118285,org_24h,"To chuc, 24h",gru,
56.0,33.50882202157257,0.5648370616723003,0.5648370616723003,3480.0,34.66130355090328,0.572477980366815,0.572477980366815,3480.0,0.00042517006802722523,2352,10818817024.0,12627709000.0,8794452167.415676,0.6964408363828638,high,low_missing,low_cv,-1.1524815293307071,-0.0076409186945146645,org_24h,"To chuc, 24h",gru,
57.0,27.44226746429028,0.6312634133111713,0.6312634133111713,3480.0,27.78752442203211,0.6380572785055841,0.6380572785055841,3480.0,0.00042517006802722523,2352,15360297984.0,17639606000.0,12071050823.85676,0.6843152073647804,high,low_missing,low_cv,-0.3452569577418316,-0.006793865194412829,org_24h,"To chuc, 24h",gru,
58.0,74.67362691332,0.3952418150047532,0.3952418150047532,3480.0,74.03290081598841,0.39764786364734667,0.39764786364734667,3480.0,0.00042517006802722523,2352,22872892.0,117965610.0,229144413.39937744,1.9424679555703848,mid,low_missing,mid_cv,0.6407260973315942,-0.0024060486425934724,org_24h,"To chuc, 24h",gru,
59.0,31.962220033654237,0.5872103180537996,0.5872103180537996,3480.0,32.37548489258436,0.5962002116703529,0.5962002116703529,3480.0,0.00042517006802722523,2352,8373480448.0,9870691000.0,6825542710.633536,0.6914959128821758,high,low_missing,low_cv,-0.4132648589301233,-0.008989893616553224,org_24h,"To chuc, 24h",gru,
60.0,33.90752375884936,0.37817980469324786,0.37817980469324786,3480.0,33.216568564303564,0.40786530981824365,0.40786530981824365,3480.0,0.00042517006802722523,2352,1481095680.0,1734147500.0,1114034129.4319215,0.6424102665419021,high,low_missing,low_cv,0.6909551945457935,-0.029685505124995792,org_24h,"To chuc, 24h",gru,
61.0,29.456156829387037,-0.26112868699866737,-0.26112868699866737,3480.0,29.510032174328426,-0.14513957142345957,-0.14513957142345957,3480.0,0.00042517006802722523,2352,22805147648.0,26083471000.0,15841002690.641285,0.6073195730739301,high,low_missing,low_cv,-0.0538753449413889,-0.1159891155752078,org_24h,"To chuc, 24h",gru,
62.0,76.98105941658935,0.5437188507485485,0.5437188507485485,3480.0,78.2368686364404,0.520963968335855,0.520963968335855,3480.0,0.00042517006802722523,2352,22908540.0,389930700.0,791922345.3986075,2.0309310597236387,mid,low_missing,high_cv,-1.2558092198510593,0.022754882412693522,org_24h,"To chuc, 24h",gru,
63.0,78.06797343319796,0.5107009202121994,0.5107009202121994,3480.0,78.34823184878921,0.5136325447528,0.5136325447528,3480.0,0.00042517006802722523,2352,8077022.0,170733200.0,357192199.43139464,2.09210744853019,low,low_missing,high_cv,-0.2802584155912484,-0.002931624540600586,org_24h,"To chuc, 24h",gru,
64.0,62.745098553719025,0.5021883167545277,0.5021883167545277,3480.0,61.75553888123007,0.5420731486210237,0.5420731486210237,3480.0,0.00042517006802722523,2352,124953288.0,374884500.0,552634056.9729588,1.474144808022794,mid,low_missing,mid_cv,0.9895596724889515,-0.03988483186649605,org_24h,"To chuc, 24h",gru,
65.0,77.22135519803567,0.45274736393849196,0.45274736393849196,3480.0,77.032946691516,0.45570914081809444,0.45570914081809444,3480.0,0.00042517006802722523,2352,24468360.0,281636200.0,559610500.4811924,1.9869978233521648,mid,low_missing,mid_cv,0.18840850651966434,-0.0029617768796024735,org_24h,"To chuc, 24h",gru,
66.0,48.07778427647511,0.3114351152829889,0.3114351152829889,3480.0,47.60947950321067,0.330946879971477,0.330946879971477,3480.0,0.00042517006802722523,2352,400820672.0,649927230.0,778152794.4195032,1.1972921830416596,high,low_missing,mid_cv,0.4683047732644354,-0.019511764688488087,org_24h,"To chuc, 24h",gru,
67.0,39.2678422075954,0.42707829475011216,0.42707829475011216,3480.0,39.85311083183595,0.44192502006288964,0.44192502006288964,3480.0,0.00042517006802722523,2352,4336411648.0,5451674000.0,4316494011.354183,0.7917740354018767,high,low_missing,low_cv,-0.5852686242405483,-0.014846725312777476,org_24h,"To chuc, 24h",gru,
68.0,28.42149008594306,0.5320242319865055,0.5320242319865055,3480.0,29.028400031881635,0.529340363721638,0.529340363721638,3480.0,0.00042517006802722523,2352,12443442176.0,13973830000.0,7866455815.294216,0.5629420153570551,high,low_missing,low_cv,-0.6069099459385754,0.0026838682648675505,org_24h,"To chuc, 24h",gru,
69.0,35.85031927323181,0.6800212020614218,0.6800212020614218,3480.0,35.541713719741345,0.7101209373018954,0.7101209373018954,3480.0,0.00042517006802722523,2352,491934624.0,1166710900.0,1295871249.4897976,1.1107046622786687,high,low_missing,low_cv,0.3086055534904659,-0.030099735240473602,org_24h,"To chuc, 24h",gru,
70.0,71.67818577693284,0.5929520226742508,0.5929520226742508,3480.0,70.33248158234908,0.6322418765841172,0.6322418765841172,3480.0,0.00042517006802722523,2352,43075336.0,407982370.0,817295733.4930755,2.0032623897439494,mid,low_missing,high_cv,1.3457041945837602,-0.03928985390986639,org_24h,"To chuc, 24h",gru,
71.0,79.99940115212831,0.369295605087983,0.369295605087983,3480.0,79.53895760131,0.38514045195694746,0.38514045195694746,3480.0,0.00042517006802722523,2352,26293048.0,110770870.0,168237752.37900394,1.5187905388973009,mid,low_missing,mid_cv,0.46044355081831156,-0.01584484686896448,org_24h,"To chuc, 24h",gru,
72.0,93.8206931847238,0.39041333995680455,0.39041333995680455,3480.0,92.13812525759766,0.2780743588952412,0.2780743588952412,3480.0,0.00042517006802722523,2352,291146.0,45859896.0,112793229.15912572,2.459517770365762,low,low_missing,high_cv,1.6825679271261293,0.11233898106156337,org_24h,"To chuc, 24h",gru,
73.0,62.06934400575409,0.40142645778572295,0.40142645778572295,3480.0,60.60786431798031,0.42041567203955177,0.42041567203955177,3480.0,0.00042517006802722523,2352,17676188.0,297654750.0,680433616.4765145,2.2859827095134517,low,low_missing,high_cv,1.4614796877737817,-0.018989214253828823,org_24h,"To chuc, 24h",gru,
74.0,35.70810936608931,0.5467481593683531,0.5467481593683531,3480.0,35.044482346726774,0.5791353106434696,0.5791353106434696,3480.0,0.00042517006802722523,2352,3109054464.0,4239169300.0,3617707094.257666,0.8534000072433215,high,low_missing,low_cv,0.6636270193625364,-0.03238715127511649,org_24h,"To chuc, 24h",gru,
75.0,41.06589095940827,0.028605647841421136,0.028605647841421136,3480.0,40.940743770652865,0.05885705314120351,0.05885705314120351,3480.0,0.00042517006802722523,2352,4125732864.0,4653595600.0,2773273282.496723,0.5959420397190305,high,low_missing,low_cv,0.1251471887554061,-0.03025140529978237,org_24h,"To chuc, 24h",gru,
76.0,67.43966232096108,0.31235008413246307,0.31235008413246307,3480.0,66.2983569770686,0.33392572036155593,0.33392572036155593,3480.0,0.00042517006802722523,2352,10908656.0,218517760.0,504893046.63840085,2.3105355218651376,low,low_missing,high_cv,1.1413053438924834,-0.021575636229092865,org_24h,"To chuc, 24h",gru,
77.0,62.61378906731685,0.08857478568879819,0.08857478568879819,3480.0,62.3035391089596,0.1029510567276727,0.1029510567276727,3480.0,0.00042517006802722523,2352,177825936.0,246916130.0,362886982.206299,1.469677113219186,mid,low_missing,mid_cv,0.3102499583572538,-0.01437627103887451,org_24h,"To chuc, 24h",gru,
78.0,54.17754809111681,0.14570461987541947,0.14570461987541947,3480.0,53.6482582596043,0.1697503825358687,0.1697503825358687,3480.0,0.00042517006802722523,2352,1728248576.0,2447224000.0,2411467151.378641,0.9853887867697272,high,low_missing,low_cv,0.5292898315125143,-0.02404576266044922,org_24h,"To chuc, 24h",gru,
79.0,46.878962198365855,0.2922075191586077,0.2922075191586077,3480.0,46.44726331926227,0.3028557141757305,0.3028557141757305,3480.0,0.00042517006802722523,2352,239871440.0,370647230.0,444194511.09627455,1.198429322402911,mid,low_missing,mid_cv,0.4316988791035854,-0.010648195017122775,org_24h,"To chuc, 24h",gru,
80.0,24.219603014708046,0.6538463099109918,0.6538463099109918,3480.0,24.277393861163095,0.6501566858730703,0.6501566858730703,3480.0,0.00042517006802722523,2352,5534706176.0,5872196000.0,3091365714.407097,0.5264411582768602,high,low_missing,low_cv,-0.05779084645504895,0.0036896240379215017,org_24h,"To chuc, 24h",gru,
81.0,52.46813470149399,0.31826412227447226,0.31826412227447226,3480.0,54.11096575278711,0.27921296820258173,0.27921296820258173,3480.0,0.00042517006802722523,2352,105967672.0,173206000.0,275778357.109309,1.5921986369369943,mid,low_missing,mid_cv,-1.642831051293122,0.039051154071890526,org_24h,"To chuc, 24h",gru,
82.0,86.68604694889329,0.18332201386350608,0.18332201386350608,3480.0,89.03775501173702,0.1968835075161325,0.1968835075161325,3480.0,0.00042517006802722523,2352,18667808.0,67671380.0,142529667.87998492,2.1062031881838035,low,low_missing,high_cv,-2.351708062843727,-0.013561493652626433,org_24h,"To chuc, 24h",gru,
83.0,106.27428089863058,-0.24768808107771978,-0.24768808107771978,3480.0,108.68825757681611,-0.3465413026727169,-0.3465413026727169,3480.0,0.00042517006802722523,2352,344597216.0,758853000.0,870365671.8001314,1.1469489887708468,high,low_missing,low_cv,-2.4139766781855343,0.0988532215949971,org_24h,"To chuc, 24h",gru,
84.0,53.76087393196656,-0.02775223111175153,-0.02775223111175153,3479.0,53.59986588200187,-0.025044252263249436,-0.025044252263249436,3479.0,0.00042517006802722523,2352,227453360.0,269873700.0,197339368.25071535,0.7312286124050984,mid,low_missing,low_cv,0.16100804996468554,-0.0027079788485020947,org_24h,"To chuc, 24h",gru,
85.0,48.32597853925595,0.17462507447439746,0.17462507447439746,3464.0,48.35025310383815,0.17115411363267316,0.17115411363267316,3464.0,0.00042517006802722523,2352,36399148.0,115843544.0,211861011.87807974,1.8288547169972609,mid,low_missing,mid_cv,-0.024274564582199787,0.0034709608417242965,org_24h,"To chuc, 24h",gru,
86.0,48.268478065941366,0.50927912036727,0.50927912036727,3476.0,47.984995668684405,0.5474040876762234,0.5474040876762234,3476.0,0.00042517006802722523,2352,359230944.0,905026000.0,1125612686.8370638,1.2437352150510894,high,low_missing,mid_cv,0.2834823972569609,-0.03812496730895343,org_24h,"To chuc, 24h",gru,
87.0,59.04996893791096,0.25242965923001814,0.25242965923001814,3480.0,58.59070918391859,0.13893888092765772,0.13893888092765772,3480.0,0.00042517006802722523,2352,549449472.0,864203200.0,1165673559.0461674,1.3488419842071486,high,low_missing,mid_cv,0.4592597539923702,0.11349077830236043,org_24h,"To chuc, 24h",gru,
88.0,70.63952002126904,0.4679364381543145,0.4679364381543145,3480.0,72.72369274128891,0.37273094308594407,0.37273094308594407,3480.0,0.00042517006802722523,2352,225309072.0,665131300.0,808248582.8043956,1.2151714237167845,mid,low_missing,mid_cv,-2.084172720019879,0.09520549506837045,org_24h,"To chuc, 24h",gru,
89.0,64.08940976537828,-0.0785722980347322,-0.0785722980347322,3480.0,63.82564539628498,-0.13018551710728068,-0.13018551710728068,3480.0,0.004251700680272141,2352,527701728.0,1205502300.0,2131767121.1218092,1.7683641561369892,high,high_missing,mid_cv,0.2637643690932947,0.05161321907254848,org_24h,"To chuc, 24h",gru,
90.0,41.16510665587071,0.23341642613344715,0.23341642613344715,3480.0,40.70551601018221,0.24415805531262932,0.24415805531262932,3480.0,0.00042517006802722523,2352,1788124800.0,2490978300.0,2339050751.210826,0.9390088815525974,high,low_missing,low_cv,0.4595906456885004,-0.010741629179182172,org_24h,"To chuc, 24h",gru,
91.0,68.73069590714334,0.23642715421026708,0.23642715421026708,3480.0,68.49562796748255,0.24350574818051096,0.24350574818051096,3480.0,0.00042517006802722523,2352,17708612.0,201015100.0,541531236.2490553,2.693982817575018,low,low_missing,high_cv,0.23506793966079442,-0.007078593970243879,org_24h,"To chuc, 24h",gru,
92.0,82.63292485912685,0.04167388948639456,0.04167388948639456,3480.0,81.10692063364716,0.023407932942280833,0.023407932942280833,3480.0,0.00042517006802722523,2352,548130.0,26223198.0,76277242.04100631,2.908769633703956,low,low_missing,high_cv,1.5260042254796815,0.01826595654411373,org_24h,"To chuc, 24h",gru,
93.0,78.07978775947157,0.5058094658699579,0.5058094658699579,3480.0,78.25939216052753,0.5428615009506687,0.5428615009506687,3480.0,0.00042517006802722523,2352,98346928.0,1112168300.0,2190622030.186774,1.96968569486566,mid,low_missing,mid_cv,-0.1796044010559541,-0.037052035080710755,org_24h,"To chuc, 24h",gru,
94.0,37.13781747266524,0.5080008984684133,0.5080008984684133,3480.0,37.67884382725991,0.5270047688344435,0.5270047688344435,3480.0,0.00042517006802722523,2352,1792081024.0,2312150800.0,2168029486.8525805,0.9376678639884848,high,low_missing,low_cv,-0.5410263545946705,-0.01900387036603013,org_24h,"To chuc, 24h",gru,
95.0,37.89162942817038,0.424062100667044,0.424062100667044,3480.0,37.67845651397774,0.42527278851501576,0.42527278851501576,3480.0,0.00042517006802722523,2352,343890848.0,747355300.0,907993490.6425014,1.2149421521786505,high,low_missing,mid_cv,0.21317291419263995,-0.001210687847971792,org_24h,"To chuc, 24h",gru,
96.0,63.74527594455793,0.3550981448042243,0.3550981448042243,3480.0,65.93013662755124,0.3515164487232956,0.3515164487232956,3480.0,0.00042517006802722523,2352,51854828.0,207689470.0,343041406.52884793,1.6517033975070625,mid,low_missing,mid_cv,-2.1848606829933033,0.0035816960809286758,org_24h,"To chuc, 24h",gru,
97.0,46.779060682129,0.12880211582475012,0.12880211582475012,3480.0,46.57314544005258,0.14046610874132234,0.14046610874132234,3480.0,0.00042517006802722523,2352,1379566080.0,1958676400.0,2228368692.1507044,1.1376911197581583,high,low_missing,low_cv,0.2059152420764221,-0.011663992916572219,org_24h,"To chuc, 24h",gru,
98.0,53.136506877215936,0.3307397480561307,0.3307397480561307,3479.0,54.44340852570196,0.3549547686367945,0.3549547686367945,3479.0,0.00042517006802722523,2352,860795456.0,1333569300.0,1410452952.2755144,1.0576525520110318,high,low_missing,low_cv,-1.3069016484860256,-0.02421502058066377,org_24h,"To chuc, 24h",gru,
99.0,79.29343749818116,0.5058453049222306,0.5058453049222306,3480.0,79.72854387290232,0.43371808390099775,0.43371808390099775,3480.0,0.00042517006802722523,2352,3730800.0,176505100.0,474262939.51518863,2.6869644490007984,low,low_missing,high_cv,-0.4351063747211583,0.07212722102123281,org_24h,"To chuc, 24h",gru,
100.0,43.03905984400231,0.4795546640200603,0.4795546640200603,3480.0,42.034602336069995,0.49855960900503354,0.49855960900503354,3480.0,0.00042517006802722523,2352,73328088.0,247166720.0,406483752.4906646,1.6445731548756426,mid,mid_missing,mid_cv,1.0044575079323153,-0.019004944984973238,org_24h,"To chuc, 24h",gru,
101.0,42.58301508326681,0.5727801494874304,0.5727801494874304,3480.0,41.60067655156717,0.6271922025608649,0.6271922025608649,3480.0,0.00042517006802722523,2352,1177909760.0,2451284200.0,2674792429.950801,1.091180045040261,high,mid_missing,low_cv,0.9823385316996394,-0.05441205307343455,org_24h,"To chuc, 24h",gru,
102.0,69.38548275311544,0.40400369087176874,0.40400369087176874,3480.0,68.63894007020504,0.40974720799139686,0.40974720799139686,3480.0,0.00042517006802722523,2352,8324207.0,100726184.0,225738026.8082937,2.2411057169434088,low,mid_missing,high_cv,0.7465426829104018,-0.0057435171196281165,org_24h,"To chuc, 24h",gru,
103.0,56.08747910443566,0.11955377059463375,0.11955377059463375,3480.0,58.23479385512328,0.12613233806774812,0.12613233806774812,3480.0,0.00042517006802722523,2352,43260424.0,69076130.0,89355993.72083287,1.2935871813896818,mid,mid_missing,mid_cv,-2.1473147506876202,-0.0065785674731143745,org_24h,"To chuc, 24h",gru,
104.0,31.078887384173886,0.5394297726438387,0.5394297726438387,3480.0,31.464441796781756,0.5532607288011128,0.5532607288011128,3480.0,0.00042517006802722523,2352,744736704.0,1168601100.0,1082206099.971202,0.9260697350738748,high,mid_missing,low_cv,-0.3855544126078705,-0.013830956157274032,org_24h,"To chuc, 24h",gru,
105.0,46.76361800500312,0.28099762744128753,0.28099762744128753,3480.0,47.44644441191792,0.2893311081898157,0.2893311081898157,3480.0,0.00042517006802722523,2352,2139512320.0,2640289000.0,2395941297.025526,0.9074541746174853,high,mid_missing,low_cv,-0.6828264069148062,-0.008333480748528188,org_24h,"To chuc, 24h",gru,
106.0,29.668614978329227,0.39568210354444994,0.39568210354444994,3480.0,29.347858580435496,0.40831383932526966,0.40831383932526966,3480.0,0.00042517006802722523,2352,2423648256.0,2639775000.0,1468080870.92949,0.556138642223984,high,mid_missing,low_cv,0.32075639789373156,-0.01263173578081972,org_24h,"To chuc, 24h",gru,
107.0,80.18638280380934,0.535912283226124,0.535912283226124,3480.0,77.70971383746586,0.5336941062866657,0.5336941062866657,3480.0,0.00042517006802722523,2352,4295246.0,296478600.0,644630443.812567,2.1742900202810156,low,mid_missing,high_cv,2.4766689663434818,0.0022181769394583606,org_24h,"To chuc, 24h",gru,
108.0,25.71435686823636,0.538236080301339,0.538236080301339,3477.0,25.488793602592015,0.5352030052735602,0.5352030052735602,3477.0,0.00042517006802722523,2352,4264395776.0,4283147500.0,1922873612.7362692,0.44893938482330614,high,mid_missing,low_cv,0.2255632656443467,0.00303307502777872,org_24h,"To chuc, 24h",gru,
109.0,24.19610999059596,0.5588078049222055,0.5588078049222055,3480.0,23.82667742092352,0.5790342331846615,0.5790342331846615,3480.0,0.00042517006802722523,2352,4817604608.0,5357868500.0,2898799006.002476,0.5410358582329705,high,mid_missing,low_cv,0.36943256967244054,-0.02022642826245602,org_24h,"To chuc, 24h",gru,
110.0,83.75511038792042,0.06969592219778308,0.06969592219778308,3480.0,84.22692164293396,0.06671883822106962,0.06671883822106962,3480.0,0.00042517006802722523,2352,75582160.0,453475620.0,983031585.4940984,2.167771652564663,mid,mid_missing,high_cv,-0.4718112550135345,0.0029770839767134516,org_24h,"To chuc, 24h",gru,
111.0,71.15501834729834,0.1760100574548219,0.1760100574548219,3480.0,72.05490850882377,0.15190838860620146,0.15190838860620146,3480.0,0.00170068027210879,2352,211006384.0,355947170.0,415786506.3459575,1.1681129777831454,mid,high_missing,mid_cv,-0.899890161525434,0.024101668848620444,org_24h,"To chuc, 24h",gru,
112.0,67.62106112293957,0.355594758478122,0.355594758478122,3479.0,68.02828492290284,0.35470371621207053,0.35470371621207053,3479.0,0.00042517006802722523,2352,22297708.0,109440990.0,178247409.59008545,1.6287079122061088,mid,mid_missing,mid_cv,-0.4072237999632762,0.0008910422660514672,org_24h,"To chuc, 24h",gru,
113.0,27.938209748287154,0.5232501983898458,0.5232501983898458,3480.0,27.193434981514383,0.5592266307706918,0.5592266307706918,3480.0,0.00042517006802722523,2352,3454594048.0,4107693600.0,2396312838.3723936,0.5833718603160404,high,mid_missing,low_cv,0.7447747667727711,-0.035976432380846024,org_24h,"To chuc, 24h",gru,
114.0,70.73052126051262,0.4341110795507248,0.4341110795507248,3472.0,71.02469798459907,0.43889490383380697,0.43889490383380697,3472.0,0.00042517006802722523,2352,138109824.0,489239800.0,829510863.714785,1.6955097482884813,mid,mid_missing,mid_cv,-0.294176724086455,-0.004783824283082161,org_24h,"To chuc, 24h",gru,
115.0,82.14323622495696,0.3766726571548456,0.3766726571548456,3480.0,83.58663356407571,0.3940857535431528,0.3940857535431528,3480.0,0.00042517006802722523,2352,230073504.0,785851300.0,1246614416.5926275,1.586323484068258,mid,mid_missing,mid_cv,-1.4433973391187465,-0.01741309638830718,org_24h,"To chuc, 24h",gru,
116.0,46.65281289678685,0.07302090329566453,0.07302090329566453,3480.0,45.97716340341819,0.1280946732470711,0.1280946732470711,3480.0,0.00042517006802722523,2352,510225728.0,601273800.0,488926971.882679,0.8131519756688131,high,mid_missing,low_cv,0.6756494933686596,-0.05507376995140657,org_24h,"To chuc, 24h",gru,
117.0,81.93650075452433,0.40139792734633845,0.40139792734633845,3480.0,82.58757788646925,0.38546846195436046,0.38546846195436046,3480.0,0.00042517006802722523,2352,78973968.0,188543620.0,253998886.4879719,1.3471624862014522,mid,mid_missing,mid_cv,-0.6510771319449162,0.01592946539197798,org_24h,"To chuc, 24h",gru,
118.0,35.490096594206555,0.04492719770530983,0.04492719770530983,3480.0,35.0548366203468,0.07702646481033587,0.07702646481033587,3480.0,0.00042517006802722523,2352,24261752.0,26097926.0,11777882.415448105,0.45129572424445163,mid,mid_missing,low_cv,0.43525997385975757,-0.03209926710502604,org_24h,"To chuc, 24h",gru,
119.0,24.847346564237753,0.4089817481918807,0.4089817481918807,3480.0,24.82233909441099,0.42718837130707943,0.42718837130707943,3480.0,0.00042517006802722523,2352,5318751744.0,5993510400.0,2949740930.3211136,0.49215580410457177,high,mid_missing,low_cv,0.025007469826764606,-0.018206623115198717,org_24h,"To chuc, 24h",gru,
120.0,40.169888968215595,0.2062646887073211,0.2062646887073211,3480.0,40.223327856459484,0.20646893202225716,0.20646893202225716,3480.0,0.00042517006802722523,2352,677281024.0,729870600.0,456622710.9684321,0.6256214676593411,high,mid_missing,low_cv,-0.05343888824388898,-0.00020424331493607006,org_24h,"To chuc, 24h",gru,
121.0,15.375808681044928,0.025931815478763203,0.025931815478763203,3480.0,15.464130779507968,0.027900313940176797,0.027900313940176797,3480.0,0.00042517006802722523,2352,1689350.0,1735286.1,1122522.8692201502,0.6468805651403167,low,mid_missing,low_cv,-0.08832209846304018,-0.001968498461413594,org_24h,"To chuc, 24h",gru,
122.0,66.13613078260867,0.13803382046778417,0.13803382046778417,3480.0,65.77268620233558,0.1556542130264979,0.1556542130264979,3480.0,0.00042517006802722523,2352,74492512.0,175759090.0,296555128.025513,1.6872819004699944,mid,mid_missing,mid_cv,0.36344458027309656,-0.017620392558713727,org_24h,"To chuc, 24h",gru,
123.0,42.477875168695185,0.3165870173866607,0.3165870173866607,3480.0,42.689096505019016,0.32145717778606414,0.32145717778606414,3480.0,0.00042517006802722523,2352,625355840.0,1138854300.0,1397225285.0085151,1.2268692486482722,high,mid_missing,mid_cv,-0.2112213363238311,-0.004870160399403467,org_24h,"To chuc, 24h",gru,
124.0,66.69326953846456,0.37951621210180697,0.37951621210180697,3480.0,67.59297062556844,0.37553466509241135,0.37553466509241135,3480.0,0.00042517006802722523,2352,189814320.0,470704350.0,626149852.0553806,1.330240201508442,mid,mid_missing,mid_cv,-0.8997010871038782,0.003981547009395625,org_24h,"To chuc, 24h",gru,
125.0,35.09817989159157,0.1977331272019658,0.1977331272019658,3479.0,34.91726657069473,0.21521158224155879,0.21521158224155879,3479.0,0.00042517006802722523,2352,1060973952.0,1162762100.0,613764326.635962,0.5278502974097268,high,mid_missing,low_cv,0.18091332089684187,-0.01747845503959297,org_24h,"To chuc, 24h",gru,
126.0,39.41629694364702,0.2765014691837309,0.2765014691837309,3480.0,38.45338479167525,0.32488931617447986,0.32488931617447986,3480.0,0.00042517006802722523,2352,917639488.0,1057650700.0,718342367.5136397,0.6791867822371611,high,mid_missing,low_cv,0.9629121519717714,-0.04838784699074894,org_24h,"To chuc, 24h",gru,
127.0,78.10166599425948,0.2899283812834787,0.2899283812834787,3480.0,77.07631383965851,0.310901964263183,0.310901964263183,3480.0,0.00042517006802722523,2352,6748893.0,154706670.0,336178642.3391838,2.1730067487922162,low,mid_missing,high_cv,1.0253521546009665,-0.02097358297970431,org_24h,"To chuc, 24h",gru,
128.0,61.77876916682842,0.07986135028339816,0.07986135028339816,3480.0,62.166568455534865,0.07047388407981836,0.07047388407981836,3480.0,0.00042517006802722523,2352,212347072.0,544354240.0,992433900.3578807,1.823139836952277,mid,mid_missing,mid_cv,-0.38779928870644653,0.009387466203579803,org_24h,"To chuc, 24h",gru,
129.0,57.22100242448224,0.5843462154118603,0.5843462154118603,3480.0,56.370300494957185,0.5857189537353019,0.5857189537353019,3480.0,0.00042517006802722523,2352,137102320.0,405004500.0,601580402.5936232,1.4853671620172546,mid,mid_missing,mid_cv,0.8507019295250586,-0.0013727383234416468,org_24h,"To chuc, 24h",gru,
130.0,42.59796065647878,0.1276906226099054,0.1276906226099054,3480.0,41.71627919436337,0.16494700785210253,0.16494700785210253,3480.0,0.00042517006802722523,2352,840258496.0,936216900.0,567426986.3148793,0.6060849667841065,high,mid_missing,low_cv,0.8816814621154094,-0.037256385242197126,org_24h,"To chuc, 24h",gru,
131.0,31.173305335307735,0.08451267944855843,0.08451267944855843,3480.0,31.27704948150347,0.09115227275938508,0.09115227275938508,3480.0,0.00042517006802722523,2352,316170368.0,408576830.0,366959277.2895112,0.8981401992208682,high,mid_missing,low_cv,-0.10374414619573713,-0.006639593310826641,org_24h,"To chuc, 24h",gru,
132.0,64.93377122693458,0.5460503205637613,0.5460503205637613,3480.0,65.35056553717567,0.5710765540351624,0.5710765540351624,3480.0,0.002125850340136015,2352,56772736.0,567920830.0,1138077551.9378111,2.0039369711618735,mid,high_missing,high_cv,-0.4167943102410874,-0.025026233471401094,org_24h,"To chuc, 24h",gru,
133.0,67.0458168318642,0.2690767812310972,0.2690767812310972,3480.0,66.36969949963539,0.28703898376626796,0.28703898376626796,3480.0,0.00042517006802722523,2352,73829864.0,163881700.0,266951199.246578,1.6289262667050872,mid,mid_missing,mid_cv,0.676117332228813,-0.01796220253517078,org_24h,"To chuc, 24h",gru,
134.0,65.96492137055287,0.0290083006318973,0.0290083006318973,3480.0,65.83751786445193,0.030175077729495365,0.030175077729495365,3480.0,0.012755102040816313,2352,170180968.0,381651040.0,917523506.8377068,2.4040901521916638,mid,high_missing,high_cv,0.12740350610094708,-0.0011667770975980658,org_24h,"To chuc, 24h",gru,
135.0,51.777259013567935,0.0041218093783952315,0.0041218093783952315,3480.0,52.82693562180055,0.0769839297305597,0.0769839297305597,3480.0,0.00042517006802722523,2352,89302976.0,187386780.0,224401059.02119175,1.1975287383190896,mid,mid_missing,mid_cv,-1.049676608232616,-0.07286212035216447,org_24h,"To chuc, 24h",gru,
136.0,51.24065022181361,0.2618185760605756,0.2618185760605756,3480.0,51.46903834079179,0.2729951149197107,0.2729951149197107,3480.0,0.00042517006802722523,2352,394184960.0,673695360.0,750918958.755668,1.1146268823280423,high,mid_missing,low_cv,-0.2283881189781809,-0.011176538859135055,org_24h,"To chuc, 24h",gru,
137.0,50.51931174194408,0.1402691381260501,0.1402691381260501,3480.0,50.75583927063803,0.15328704245750666,0.15328704245750666,3480.0,0.00042517006802722523,2352,1788469248.0,3325279200.0,4466583617.688631,1.3432206157923736,high,mid_missing,mid_cv,-0.23652752869394789,-0.013017904331456553,org_24h,"To chuc, 24h",gru,
138.0,55.728173361557516,0.29575929301630094,0.29575929301630094,3480.0,55.57412318448407,0.32488764514381857,0.32488764514381857,3480.0,0.0012755102040816757,2352,709272512.0,1070045900.0,1138806109.1045356,1.064259133066764,high,high_missing,low_cv,0.1540501770734437,-0.02912835212751763,org_24h,"To chuc, 24h",gru,
139.0,69.27384801504162,0.4832139732607941,0.4832139732607941,3480.0,68.22451159286395,0.5130102285019787,0.5130102285019787,3480.0,0.00042517006802722523,2352,12306601.0,271198000.0,706068999.9106858,2.6035183085951696,low,mid_missing,high_cv,1.0493364221776744,-0.02979625524118462,org_24h,"To chuc, 24h",gru,
140.0,74.99489374312712,0.48723090627487436,0.48723090627487436,1916.0,125.41476218331752,0.4076074223477794,0.4076074223477794,1916.0,0.00042517006802722523,2352,10020610.0,168931000.0,337547108.860036,1.9981358831413356,low,mid_missing,mid_cv,-50.4198684401904,0.07962348392709495,org_24h,"To chuc, 24h",gru,
141.0,55.05517871582629,0.3167168624509669,0.3167168624509669,3480.0,56.42121472685658,0.3265703707042608,0.3265703707042608,3480.0,0.00042517006802722523,2352,266214528.0,422466080.0,568643810.3510723,1.3460105728513692,high,mid_missing,mid_cv,-1.366036011030296,-0.009853508253293897,org_24h,"To chuc, 24h",gru,
142.0,54.70539972049533,0.1662893583040437,0.1662893583040437,3480.0,54.30653439131098,0.17142650210551855,0.17142650210551855,3480.0,0.00042517006802722523,2352,29567384.0,86942344.0,253809930.71478954,2.91929017596753,mid,mid_missing,high_cv,0.39886532918434625,-0.005137143801474842,org_24h,"To chuc, 24h",gru,
143.0,72.61055116846973,0.0930574922494934,0.0930574922494934,3480.0,72.00930775784474,0.10335578343689046,0.10335578343689046,3480.0,0.00042517006802722523,2352,103466512.0,206370450.0,314684048.2758482,1.524850342311842,mid,mid_missing,mid_cv,0.6012434106249884,-0.010298291187397057,org_24h,"To chuc, 24h",gru,
144.0,82.11485271803606,0.38845799990258123,0.38845799990258123,3480.0,81.58073896813193,0.4031972108956193,0.4031972108956193,3480.0,0.00042517006802722523,2352,222879808.0,408173000.0,527351714.70192283,1.2919809125977715,mid,mid_missing,mid_cv,0.5341137499041366,-0.014739210993038043,org_24h,"To chuc, 24h",gru,
145.0,51.6035982881125,0.5549134472484617,0.5549134472484617,3480.0,54.877490112069104,0.5461159609235531,0.5461159609235531,3480.0,0.00042517006802722523,2352,18885668.0,200041490.0,352402484.1891597,1.7616469848952518,mid,mid_missing,mid_cv,-3.2738918239566033,0.008797486324908621,org_24h,"To chuc, 24h",gru,
146.0,66.9599100903813,0.29205565455601334,0.29205565455601334,3480.0,67.20246811688888,0.29174688080231764,0.29174688080231764,3480.0,0.00042517006802722523,2352,155626160.0,248543040.0,506342377.7884625,2.037242232928601,mid,mid_missing,high_cv,-0.24255802650758085,0.00030877375369570137,org_24h,"To chuc, 24h",gru,
147.0,76.60536302461692,0.48346316830332947,0.48346316830332947,3480.0,75.33699342796213,0.4976216512743199,0.4976216512743199,3480.0,0.00042517006802722523,2352,31980364.0,543762600.0,1130973836.5672162,2.079903595152609,mid,mid_missing,high_cv,1.268369596654793,-0.014158482970990427,org_24h,"To chuc, 24h",gru,
148.0,71.94794953107248,0.14571417227259234,0.14571417227259234,3480.0,71.21824114747075,0.17292965429662235,0.17292965429662235,3480.0,0.005952380952380931,2352,1505558.5,145371710.0,552094660.4461813,3.7978135694390205,low,high_missing,high_cv,0.7297083836017322,-0.027215482024030013,org_24h,"To chuc, 24h",gru,
149.0,74.49376137733759,0.3905974755724993,0.3905974755724993,3480.0,76.9941297883566,0.28107898016247196,0.28107898016247196,3480.0,0.00042517006802722523,2352,135736064.0,328909280.0,388344406.33742553,1.1807037075312241,mid,mid_missing,mid_cv,-2.5003684110190108,0.10951849541002734,org_24h,"To chuc, 24h",gru,
150.0,80.87473423926612,0.25628167781333006,0.25628167781333006,3480.0,79.44124075684397,0.24268402198980568,0.24268402198980568,3480.0,0.0012755102040816757,2352,8033899.0,68276890.0,153585897.82950768,2.2494566218294496,low,high_missing,high_cv,1.4334934824221506,0.013597655823524374,org_24h,"To chuc, 24h",gru,
151.0,78.32904373080171,0.49974618072703847,0.49974618072703847,3480.0,77.60615210638832,0.5044533871261653,0.5044533871261653,3480.0,0.00042517006802722523,2352,4089158.0,136572580.0,301346602.49565965,2.2064942415354283,low,mid_missing,high_cv,0.7228916244133927,-0.0047072063991268065,org_24h,"To chuc, 24h",gru,
152.0,75.11346255731398,0.4903508975297415,0.4903508975297415,3478.0,83.15937533806483,-0.04552505923124203,-0.04552505923124203,3478.0,0.008928571428571397,2352,560994880.0,922682400.0,938298896.963865,1.0169251407694235,high,high_missing,low_cv,-8.045912780750854,0.5358759567609835,org_24h,"To chuc, 24h",gru,
153.0,59.284720090260144,0.2001763870841863,0.2001763870841863,3480.0,59.08563091540545,0.21763239315236108,0.21763239315236108,3480.0,0.00042517006802722523,2352,105350720.0,170235070.0,230033910.74263582,1.3512721441010453,mid,mid_missing,mid_cv,0.19908917485469146,-0.017456006068174768,org_24h,"To chuc, 24h",gru,
154.0,64.03152017700909,0.25876475287514383,0.25876475287514383,3480.0,68.44267297503715,0.2770421713301443,0.2770421713301443,3480.0,0.00042517006802722523,2352,29449300.0,93910950.0,187938857.46142104,2.0012453655184013,mid,mid_missing,high_cv,-4.41115279802807,-0.01827741845500047,org_24h,"To chuc, 24h",gru,
155.0,60.72824465376819,0.18888533662946005,0.18888533662946005,3480.0,60.0360892302106,0.2143144645046667,0.2143144645046667,3480.0,0.00042517006802722523,2352,170544304.0,255215630.0,283962304.89940447,1.1126368031383143,mid,mid_missing,low_cv,0.692155423557594,-0.025429127875206653,org_24h,"To chuc, 24h",gru,
156.0,33.30458198870155,0.29051366466012585,0.29051366466012585,3480.0,32.518339004069524,0.3142813453047599,0.3142813453047599,3480.0,0.00042517006802722523,2352,1282029184.0,1508624400.0,1132582521.7859077,0.7507385760151599,high,mid_missing,low_cv,0.7862429846320254,-0.023767680644634026,org_24h,"To chuc, 24h",gru,
157.0,61.61849206154748,0.4507482315931344,0.4507482315931344,3480.0,62.155746675070326,0.3563899960606444,0.3563899960606444,3480.0,0.00042517006802722523,2352,4747801.0,80467100.0,199140453.80697665,2.474805776618687,low,mid_missing,high_cv,-0.5372546135228475,0.09435823553248995,org_24h,"To chuc, 24h",gru,
158.0,68.77948685950027,0.48098989480691584,0.48098989480691584,3480.0,67.49607055470436,0.5079927193553883,0.5079927193553883,3480.0,0.00042517006802722523,2352,4038943.0,43048310.0,85967200.6914308,1.9969935334846767,low,mid_missing,mid_cv,1.2834163047959066,-0.027002824548472415,org_24h,"To chuc, 24h",gru,
159.0,74.25005512668001,0.03232527429656926,0.03232527429656926,3480.0,75.67054167334024,0.0378113416059039,0.0378113416059039,3480.0,0.00042517006802722523,2352,2993587.0,53472468.0,205963407.60774526,3.8517655030948874,low,mid_missing,high_cv,-1.4204865466602286,-0.0054860673093346385,org_24h,"To chuc, 24h",gru,
160.0,54.78011016567991,-0.016840847099673498,-0.016840847099673498,3480.0,57.004572179349054,-0.0093209873264061,-0.0093209873264061,3480.0,0.00042517006802722523,2352,29745526.0,87865770.0,199734061.20822036,2.273172655911007,mid,mid_missing,high_cv,-2.2244620136691466,-0.007519859773267398,org_24h,"To chuc, 24h",gru,
161.0,58.069438692770056,0.5619341189858919,0.5619341189858919,3480.0,61.93604807789549,0.5319827441374868,0.5319827441374868,3480.0,0.00042517006802722523,2352,7829216.0,168781390.0,370673736.33430153,2.1961765567989957,low,mid_missing,high_cv,-3.866609385125436,0.029951374848405043,org_24h,"To chuc, 24h",gru,
162.0,77.55521159418676,0.052465075677241325,0.052465075677241325,3480.0,76.60102915523885,0.04926093518733363,0.04926093518733363,3480.0,0.00042517006802722523,2352,318048.0,12483672.0,37573348.6249574,3.0097994103784047,low,mid_missing,high_cv,0.9541824389479103,0.003204140489907692,org_24h,"To chuc, 24h",gru,
163.0,77.53700353949996,0.059450041947753995,0.059450041947753995,3480.0,78.44367280730346,0.0605261109941348,0.0605261109941348,3480.0,0.00042517006802722523,2352,3067054.0,54265676.0,208381373.0529371,3.840021693509118,low,mid_missing,high_cv,-0.906669267803494,-0.0010760690463808079,org_24h,"To chuc, 24h",gru,
164.0,48.534672018173104,0.292621220838521,0.292621220838521,3480.0,48.36683521165634,0.30502300082977785,0.30502300082977785,3480.0,0.00042517006802722523,2352,634453120.0,1049892300.0,1290089069.459709,1.2287823086283198,high,mid_missing,mid_cv,0.16783680651676747,-0.012401779991256856,org_24h,"To chuc, 24h",gru,
165.0,53.89717187088568,0.1995943665958093,0.1995943665958093,3480.0,56.19994618226263,0.22426332733090593,0.22426332733090593,3480.0,0.0025510204081632404,2352,648681184.0,882162500.0,1051195633.9571444,1.1916122468633539,high,high_missing,mid_cv,-2.3027743113769503,-0.024668960735096612,org_24h,"To chuc, 24h",gru,
166.0,83.88225640841779,0.05490418711810153,0.05490418711810153,3480.0,82.79375428742867,0.07922857238501287,0.07922857238501287,3480.0,0.00042517006802722523,2352,166351952.0,216285340.0,213899828.60813215,0.9889705176146015,mid,mid_missing,low_cv,1.0885021209891192,-0.024324385266911337,org_24h,"To chuc, 24h",gru,
167.0,57.71798940232734,0.21685604309554132,0.21685604309554132,3480.0,59.05139999676563,0.2020470922136743,0.2020470922136743,3480.0,0.00042517006802722523,2352,336944960.0,696116000.0,1057176511.0252012,1.5186787254177758,high,mid_missing,mid_cv,-1.3334105944382912,0.014808950881867011,org_24h,"To chuc, 24h",gru,
168.0,41.11616599532227,0.1993990951990997,0.1993990951990997,3480.0,40.83048805434949,0.212924020204487,0.212924020204487,3480.0,0.00042517006802722523,2352,990889664.0,1181070800.0,912155532.1413983,0.7723122907368537,high,mid_missing,low_cv,0.2856779409727821,-0.013524925005387295,org_24h,"To chuc, 24h",gru,
169.0,59.77543575304992,0.038013855133472996,0.038013855133472996,3480.0,59.26075101361781,0.0628639760551829,0.0628639760551829,3480.0,0.00042517006802722523,2352,511791104.0,662049540.0,583220383.9740869,0.8809316407014095,high,mid_missing,low_cv,0.5146847394321057,-0.024850120921709906,org_24h,"To chuc, 24h",gru,
170.0,66.7716766188097,0.12623011022976308,0.12623011022976308,3480.0,67.35568347335183,0.11949284530189917,0.11949284530189917,3480.0,0.00042517006802722523,2352,57005884.0,139106910.0,295367673.9480323,2.123314145224015,mid,mid_missing,high_cv,-0.5840068545421246,0.0067372649278639035,org_24h,"To chuc, 24h",gru,
171.0,46.32473927151684,0.3259184346375848,0.3259184346375848,3480.0,46.01774393211628,0.33301994233976845,0.33301994233976845,3480.0,0.00042517006802722523,2352,205235328.0,311161600.0,318685678.2397581,1.0241806130311648,mid,mid_missing,low_cv,0.306995339400558,-0.0071015077021836515,org_24h,"To chuc, 24h",gru,
172.0,92.94992335381251,-0.17732970110587262,-0.17732970110587262,3480.0,93.07184388757351,-0.1717770619163653,-0.1717770619163653,3480.0,0.00042517006802722523,2352,461794240.0,612505340.0,581145263.1084918,0.9488003146442617,high,mid_missing,low_cv,-0.1219205337609992,-0.005552639189507325,org_24h,"To chuc, 24h",gru,
173.0,88.89356170083215,0.1778096036500814,0.1778096036500814,3480.0,88.26844277478858,0.20031598040737675,0.20031598040737675,3480.0,0.00042517006802722523,2352,92457352.0,990033150.0,2145217808.4613035,2.1668141153936866,mid,mid_missing,high_cv,0.6251189260435694,-0.02250637675729536,org_24h,"To chuc, 24h",gru,
175.0,41.38261538033449,0.404854074039996,0.404854074039996,3480.0,43.639400287429346,0.3165970490223049,0.3165970490223049,3480.0,0.00042517006802722523,2352,1048037504.0,1595525500.0,1599572038.528228,1.0025361766503158,high,mid_missing,low_cv,-2.256784907094854,0.08825702501769112,org_24h,"To chuc, 24h",gru,
176.0,52.369087639888114,0.052020349136915535,0.052020349136915535,3480.0,52.472424336195395,0.0406526908700681,0.0406526908700681,3480.0,0.00042517006802722523,2352,144122608.0,221985020.0,350213134.46685857,1.57764306869124,mid,mid_missing,mid_cv,-0.10333669630728082,0.011367658266847436,org_24h,"To chuc, 24h",gru,
177.0,63.11686658653371,0.2244119732540477,0.2244119732540477,3480.0,73.24845329395647,0.2357805808636639,0.2357805808636639,3480.0,0.00042517006802722523,2352,22598084.0,149213840.0,336662115.06682044,2.256239200511296,mid,mid_missing,high_cv,-10.131586707422763,-0.011368607609616221,org_24h,"To chuc, 24h",gru,
178.0,35.792856647075645,0.44984418865598247,0.44984418865598247,3480.0,36.0443453790162,0.43259403664880214,0.43259403664880214,3480.0,0.00042517006802722523,2352,672248640.0,788877630.0,554617364.2537848,0.7030461275061032,high,mid_missing,low_cv,-0.25148873194055454,0.01725015200718033,org_24h,"To chuc, 24h",gru,
179.0,42.65650239535051,0.3481352575166516,0.3481352575166516,3480.0,42.922269108992026,0.36441038760820704,0.36441038760820704,3480.0,0.00042517006802722523,2352,651137088.0,1005523400.0,1063874536.0069032,1.0580306181548318,high,mid_missing,low_cv,-0.2657667136415185,-0.016275130091555456,org_24h,"To chuc, 24h",gru,
180.0,74.8567204200216,0.060306633056097535,0.060306633056097535,3480.0,74.4368368108673,0.06851883908992683,0.06851883908992683,3480.0,0.00042517006802722523,2352,116166704.0,189987070.0,252275759.33452424,1.3278575046123362,mid,mid_missing,mid_cv,0.41988360915429723,-0.008212206033829293,org_24h,"To chuc, 24h",gru,
181.0,74.51581549967341,-0.04312300676679274,-0.04312300676679274,3478.0,74.39025685138125,0.0596277632298867,0.0596277632298867,3478.0,0.00042517006802722523,2352,157261136.0,534036100.0,1143349282.3426898,2.1409588057933258,mid,mid_missing,high_cv,0.1255586482921558,-0.10275076999667944,org_24h,"To chuc, 24h",gru,
182.0,26.84288363441679,0.38840899139711665,0.38840899139711665,3480.0,28.330455991669556,0.1811781035017284,0.1811781035017284,3480.0,0.00042517006802722523,2352,26399.0,28512.762,48004.23184486949,1.6836051280610218,low,mid_missing,mid_cv,-1.4875723572527662,0.20723088789538827,org_24h,"To chuc, 24h",gru,
183.0,75.40119969900972,0.3870903022624166,0.3870903022624166,3480.0,76.99954805844474,0.41289510756099396,0.41289510756099396,3480.0,0.00042517006802722523,2352,13958300.0,108142560.0,202413205.30321375,1.8717256675190022,low,mid_missing,mid_cv,-1.5983483594350218,-0.02580480529857737,org_24h,"To chuc, 24h",gru,
184.0,60.85796409625758,0.2557302247549357,0.2557302247549357,3480.0,61.113530453068854,0.2594469867372025,0.2594469867372025,3480.0,0.00042517006802722523,2352,212615808.0,429642850.0,662055449.6547952,1.5409437227610854,mid,mid_missing,mid_cv,-0.25556635681127204,-0.0037167619822668363,org_24h,"To chuc, 24h",gru,
185.0,78.88398667579857,0.17403655706444146,0.17403655706444146,3480.0,78.77297723119415,0.1696406863445438,0.1696406863445438,3480.0,0.00042517006802722523,2352,52322540.0,155341140.0,228597026.05373475,1.4715807540749204,mid,mid_missing,mid_cv,0.11100944460442008,0.004395870719897665,org_24h,"To chuc, 24h",gru,
186.0,50.577842161575944,0.4820643631491106,0.4820643631491106,3480.0,50.774706099683875,0.423974802340698,0.423974802340698,3480.0,0.00042517006802722523,2352,122625296.0,318529570.0,418550656.50217164,1.3140088034218902,mid,mid_missing,mid_cv,-0.19686393810793135,0.0580895608084126,org_24h,"To chuc, 24h",gru,
187.0,50.43470892487747,0.0814477982899791,0.0814477982899791,3480.0,50.608014902801834,0.08300790832031563,0.08300790832031563,3480.0,0.00042517006802722523,2352,242286816.0,301579500.0,317351369.00548196,1.0522975919551993,mid,mid_missing,low_cv,-0.17330597792436464,-0.0015601100303365284,org_24h,"To chuc, 24h",gru,
188.0,51.70914263803078,-0.00021974520643833323,-0.00021974520643833323,3480.0,51.408120027814824,0.003281725104645467,0.003281725104645467,3480.0,0.00042517006802722523,2352,39688816.0,67223050.0,221041944.6496721,3.288186882714275,mid,mid_missing,high_cv,0.3010226102159521,-0.0035014703110838002,org_24h,"To chuc, 24h",gru,
189.0,87.11609193623057,0.21254250823757578,0.21254250823757578,3480.0,85.97655721834529,-0.030091493779694462,-0.030091493779694462,3480.0,0.00042517006802722523,2352,2714966.0,179223490.0,509600049.54320097,2.8433775909059475,low,mid_missing,high_cv,1.139534717885283,0.24263400201727026,org_24h,"To chuc, 24h",gru,
190.0,73.72378324980751,0.11538133198924604,0.11538133198924604,3480.0,74.93699837629237,0.11497438952308918,0.11497438952308918,3480.0,0.00042517006802722523,2352,5935142.0,37320324.0,74875746.80713375,2.006299484622206,low,mid_missing,high_cv,-1.2132151264848545,0.0004069424661568566,org_24h,"To chuc, 24h",gru,
191.0,70.11878337222662,0.22551822866504787,0.22551822866504787,3480.0,77.6548973019042,0.259891716795057,0.259891716795057,3480.0,0.004251700680272141,2352,1642282.0,95934520.0,230618092.2418072,2.4039114621286184,low,high_missing,high_cv,-7.536113929677583,-0.03437348813000915,org_24h,"To chuc, 24h",gru,
192.0,36.666184414663824,0.29954152805793904,0.29954152805793904,3480.0,52.35456962314718,-0.18226083956915942,-0.18226083956915942,3480.0,0.00042517006802722523,2352,8530974.0,11035918.0,16886130.703085184,1.5301065759173984,low,mid_missing,mid_cv,-15.688385208483353,0.4818023676270985,org_24h,"To chuc, 24h",gru,
193.0,39.201520100925876,0.32636663047939474,0.32636663047939474,3480.0,39.59151120089595,0.3100911385631404,0.3100911385631404,3480.0,0.00042517006802722523,2352,829556224.0,922555500.0,540655159.0458249,0.5860407827225671,high,mid_missing,low_cv,-0.3899910999700751,0.016275491916254325,org_24h,"To chuc, 24h",gru,
194.0,56.012518687816964,0.3978383561805566,0.3978383561805566,3480.0,55.075217478830346,0.410353328236393,0.410353328236393,3480.0,0.00042517006802722523,2352,31727228.0,115847550.0,189365898.20753676,1.634612859212914,mid,mid_missing,mid_cv,0.937301208986618,-0.012514972055836404,org_24h,"To chuc, 24h",gru,
195.0,65.32684125724921,0.2299053492073975,0.2299053492073975,3480.0,65.76205869360328,0.23269394205294933,0.23269394205294933,3480.0,0.00042517006802722523,2352,13088502.0,41985730.0,77031368.74178678,1.8347036579141078,low,mid_missing,mid_cv,-0.4352174363540655,-0.0027885928455518294,org_24h,"To chuc, 24h",gru,
196.0,67.11516244397899,0.4366001114817096,0.4366001114817096,3480.0,66.29444132925924,0.4517982772102375,0.4517982772102375,3480.0,0.00042517006802722523,2352,23276524.0,147255340.0,280072542.81630945,1.9019516386197126,mid,mid_missing,mid_cv,0.8207211147197455,-0.015198165728527946,org_24h,"To chuc, 24h",gru,
197.0,82.87057815671476,0.10048831519881944,0.10048831519881944,3480.0,81.3434681246317,0.11686408634155165,0.11686408634155165,3480.0,0.00042517006802722523,2352,1598875.0,39003664.0,83117242.02768315,2.1310111282797215,low,mid_missing,high_cv,1.5271100320830584,-0.016375771142732212,org_24h,"To chuc, 24h",gru,
198.0,74.73679918967252,0.36136140390357246,0.36136140390357246,3480.0,75.4624771752802,0.38197208211199896,0.38197208211199896,3480.0,0.00042517006802722523,2352,123240768.0,390882780.0,631515214.3310736,1.6156127621396434,mid,mid_missing,mid_cv,-0.7256779856076747,-0.02061067820842649,org_24h,"To chuc, 24h",gru,
199.0,73.59184692475198,0.20581962427186162,0.20581962427186162,3480.0,73.26097582210299,0.20298484395037866,0.20298484395037866,3480.0,0.00042517006802722523,2352,54627092.0,228762860.0,324579366.66253155,1.4188464027209047,mid,mid_missing,mid_cv,0.33087110264898456,0.0028347803214829603,org_24h,"To chuc, 24h",gru,
200.0,56.852756117139734,0.1466468604037198,0.1466468604037198,3480.0,57.01498224164542,0.12478804546560628,0.12478804546560628,3480.0,0.00042517006802722523,2352,347117184.0,462867260.0,507435473.15353674,1.0962872352829358,high,mid_missing,low_cv,-0.1622261245056862,0.02185881493811352,org_24h,"To chuc, 24h",gru,
201.0,76.84477692643833,0.024130591507237967,0.024130591507237967,3480.0,76.47814644729009,0.035410011810397,0.035410011810397,3480.0,0.00042517006802722523,2352,130427008.0,293225660.0,503254490.97115225,1.7162702749345713,mid,mid_missing,mid_cv,0.36663047914824176,-0.011279420303159031,org_24h,"To chuc, 24h",gru,
202.0,64.3931523982633,0.21227477019422547,0.21227477019422547,3456.0,73.85812535460323,0.2290025267125911,0.2290025267125911,3456.0,0.00042517006802722523,2352,106725912.0,356114050.0,792467070.8152537,2.2253181958585744,mid,mid_missing,high_cv,-9.464972956339935,-0.01672775651836564,org_24h,"To chuc, 24h",gru,
203.0,81.12468505433938,0.16265079829368365,0.16265079829368365,3480.0,82.7431416459648,0.1255228319605462,0.1255228319605462,3480.0,0.00042517006802722523,2352,251951712.0,473082780.0,606114567.4775678,1.2812019121743559,high,mid_missing,mid_cv,-1.6184565916254172,0.03712796633313745,org_24h,"To chuc, 24h",gru,
204.0,89.92443809331895,0.0314092156156791,0.0314092156156791,3480.0,87.77532888489297,0.014412789453494267,0.014412789453494267,3480.0,0.00042517006802722523,2352,6153948.0,78815450.0,320611369.08608603,4.067874727884387,low,high_missing,high_cv,2.1491092084259833,0.016996426162184837,org_24h,"To chuc, 24h",gru,
205.0,59.09253152875264,0.27928900615909974,0.27928900615909974,3480.0,59.161631970106725,0.28735696748976053,0.28735696748976053,3480.0,0.00042517006802722523,2352,87418176.0,242255940.0,406422115.2140396,1.6776559613962962,mid,high_missing,mid_cv,-0.0691004413540881,-0.008067961330660789,org_24h,"To chuc, 24h",gru,
206.0,62.936166429579174,0.2765475723583818,0.2765475723583818,3477.0,62.64447175238197,0.2962499114244283,0.2962499114244283,3477.0,0.00042517006802722523,2352,36155936.0,166912370.0,346315893.6642641,2.07483662123986,mid,high_missing,high_cv,0.29169467719720643,-0.019702339066046515,org_24h,"To chuc, 24h",gru,
207.0,81.58247862994138,0.37254013659296265,0.37254013659296265,3480.0,81.86248211111355,0.40348897190172855,0.40348897190172855,3480.0,0.00042517006802722523,2352,3446266.0,84397090.0,197785884.50499794,2.3435155073715097,low,high_missing,high_cv,-0.280003481172173,-0.03094883530876591,org_24h,"To chuc, 24h",gru,
208.0,82.45114521761322,0.31490411320623307,0.31490411320623307,3480.0,83.69250043729295,0.12923058827561448,0.12923058827561448,3480.0,0.00042517006802722523,2352,217171984.0,570976100.0,767147381.5581261,1.3435717255733082,mid,high_missing,mid_cv,-1.2413552196797326,0.1856735249306186,org_24h,"To chuc, 24h",gru,
209.0,46.58602505523424,0.0968915892229435,0.0968915892229435,3476.0,46.04256582056825,0.15260369911803726,0.15260369911803726,3476.0,0.00042517006802722523,2352,1201399808.0,1318536000.0,786508066.892261,0.5965010474255751,high,high_missing,low_cv,0.5434592346659883,-0.05571210989509376,org_24h,"To chuc, 24h",gru,
210.0,52.30694577526875,0.3422619838274132,0.3422619838274132,3480.0,52.03783480514277,0.34596104750975226,0.34596104750975226,3480.0,0.00042517006802722523,2352,93622024.0,196366620.0,236474150.94899938,1.2042481870493398,mid,high_missing,mid_cv,0.26911097012597907,-0.0036990636823390766,org_24h,"To chuc, 24h",gru,
211.0,75.75508511939081,0.08120619634499467,0.08120619634499467,3480.0,79.34553763443256,0.0544551559552278,0.0544551559552278,3480.0,0.00042517006802722523,2352,28717080.0,161166500.0,650443132.415869,4.03584583991867,mid,high_missing,high_cv,-3.590452515041747,0.02675104038976687,org_24h,"To chuc, 24h",gru,
212.0,27.549413720231787,0.051299879406887995,0.051299879406887995,3480.0,28.269765172528636,0.0537289436891206,0.0537289436891206,3480.0,0.00042517006802722523,2352,238426128.0,273126430.0,140917048.6449988,0.5159407224453428,mid,high_missing,low_cv,-0.7203514522968497,-0.002429064282232607,org_24h,"To chuc, 24h",gru,
213.0,64.7019921146655,0.07477676638638353,0.07477676638638353,3480.0,65.34722553773513,0.08639531560591324,0.08639531560591324,3480.0,0.00042517006802722523,2352,48163168.0,150285900.0,307102879.454891,2.043457644935822,mid,high_missing,high_cv,-0.6452334230696266,-0.011618549219529706,org_24h,"To chuc, 24h",gru,
214.0,76.98269622595502,0.46671157891674153,0.46671157891674153,3479.0,77.45734401439157,0.4988168321839241,0.4988168321839241,3479.0,0.00042517006802722523,2352,32419728.0,209588130.0,394908469.4894719,1.8842120174357964,mid,high_missing,mid_cv,-0.4746477884365419,-0.032105253267182554,org_24h,"To chuc, 24h",gru,
215.0,69.48118473404584,-0.0424038609145079,-0.0424038609145079,3480.0,69.41867924032341,-0.031151544711360935,-0.031151544711360935,3480.0,0.00042517006802722523,2352,470172768.0,680461630.0,864878819.1028643,1.2710177597535202,high,high_missing,mid_cv,0.06250549372242631,-0.011252316203146966,org_24h,"To chuc, 24h",gru,
216.0,58.22890642416049,0.44878041221975046,0.44878041221975046,3480.0,64.72624466011494,0.4010886398334835,0.4010886398334835,3480.0,0.00042517006802722523,2352,4321738.0,95106020.0,203588923.6016881,2.140652423098956,low,high_missing,high_cv,-6.497338235954452,0.047691772386266984,org_24h,"To chuc, 24h",gru,
217.0,80.09674470390082,0.3360716593011625,0.3360716593011625,3480.0,98.3683015317482,0.0792624334473037,0.0792624334473037,3480.0,0.004251700680272141,2352,553442.0,2208522.2,4182661.5386228543,1.8938733982068119,low,high_missing,mid_cv,-18.271556827847377,0.2568092258538588,org_24h,"To chuc, 24h",gru,
218.0,50.58999190556498,0.0274966692276804,0.0274966692276804,3480.0,50.474088344551085,0.049417955385622166,0.049417955385622166,3480.0,0.00042517006802722523,2352,253914816.0,298500130.0,230528546.6671437,0.7722896074173332,high,high_missing,low_cv,0.11590356101389432,-0.021921286157941765,org_24h,"To chuc, 24h",gru,
219.0,80.23363050057607,0.2531545750333398,0.2531545750333398,3478.0,79.24467015229578,0.2445922582980439,0.2445922582980439,3478.0,0.00042517006802722523,2352,58796084.0,243689920.0,404520862.4080383,1.6599819246033578,mid,high_missing,mid_cv,0.9889603482802869,0.008562316735295922,org_24h,"To chuc, 24h",gru,
220.0,53.616525101115116,0.3515696436334479,0.3515696436334479,3480.0,52.40255486781229,0.3582265206054678,0.3582265206054678,3480.0,0.00042517006802722523,2352,9050326.0,76618490.0,152879041.67901194,1.9953283557228634,low,high_missing,mid_cv,1.213970233302824,-0.006656876972019887,org_24h,"To chuc, 24h",gru,
221.0,80.58217959056778,0.3880761125142849,0.3880761125142849,3480.0,84.00438474756884,0.3612188886503886,0.3612188886503886,3480.0,0.00042517006802722523,2352,7079859.0,67089420.0,149878014.00791228,2.234003722314372,low,high_missing,high_cv,-3.422205157001059,0.02685722386389633,org_24h,"To chuc, 24h",gru,
222.0,64.84040874360572,0.430212311632298,0.430212311632298,3480.0,65.49076284937594,0.4308699310154677,0.4308699310154677,3480.0,0.00042517006802722523,2352,463451456.0,752484500.0,914369720.8124024,1.215134325178909,high,high_missing,mid_cv,-0.6503541057702193,-0.0006576193831697164,org_24h,"To chuc, 24h",gru,
223.0,66.52132260754236,0.5710749499524926,0.5710749499524926,3480.0,65.56860582071106,0.6015291646877426,0.6015291646877426,3480.0,0.00042517006802722523,2352,11333830.0,157552720.0,305965338.05041075,1.9419870253614837,low,high_missing,mid_cv,0.9527167868313029,-0.030454214735250007,org_24h,"To chuc, 24h",gru,
224.0,52.402156449345505,0.5388091920491968,0.5388091920491968,3480.0,51.9479814528799,0.5725924744659943,0.5725924744659943,3480.0,0.00042517006802722523,2352,65360120.0,256960830.0,373223294.3585572,1.45245207782701,mid,high_missing,mid_cv,0.45417499646560344,-0.03378328241679751,org_24h,"To chuc, 24h",gru,
225.0,66.04452485265045,-0.08949157152192337,-0.08949157152192337,3480.0,65.61071309893042,-0.06998714730755219,-0.06998714730755219,3480.0,0.00042517006802722523,2352,1041973568.0,1181858200.0,793708111.1776688,0.6715764440230676,high,high_missing,low_cv,0.4338117537200361,-0.01950442421437118,org_24h,"To chuc, 24h",gru,
226.0,67.45691055295806,-0.014025754354939834,-0.014025754354939834,3480.0,64.97491120348494,-0.0136911460011428,-0.0136911460011428,3480.0,0.00042517006802722523,2352,633280.0,18570278.0,114382931.23223744,6.159462514898132,low,high_missing,high_cv,2.481999349473128,-0.00033460835379703346,org_24h,"To chuc, 24h",gru,
227.0,59.659618178610685,-0.004275976482444733,-0.004275976482444733,3480.0,59.27950784825004,0.001347336615917,0.001347336615917,3480.0,0.00042517006802722523,2352,137660672.0,179628750.0,207307389.3913206,1.1540880125433404,mid,high_missing,low_cv,0.3801103303606439,-0.005623313098361733,org_24h,"To chuc, 24h",gru,
228.0,39.483207661629045,0.3897109448666473,0.3897109448666473,3480.0,40.414688833103746,0.40414330613813765,0.40414330613813765,3480.0,0.00042517006802722523,2352,18391264.0,88899496.0,150730061.1236843,1.6955108623302464,low,high_missing,mid_cv,-0.9314811714747009,-0.014432361271490335,org_24h,"To chuc, 24h",gru,
229.0,48.81296645910646,0.1053821899487371,0.1053821899487371,3480.0,48.872769235573536,0.11599961879639753,0.11599961879639753,3480.0,0.00042517006802722523,2352,396520192.0,495431520.0,525215117.8621516,1.0601164775752492,high,high_missing,low_cv,-0.059802776467073215,-0.010617428847660426,org_24h,"To chuc, 24h",gru,
230.0,36.08914419869639,0.2610885295226103,0.2610885295226103,3480.0,35.499463411359095,0.2987379766692482,0.2987379766692482,3480.0,0.00042517006802722523,2352,1324782336.0,1492722400.0,909561556.0480573,0.6093306676107199,high,high_missing,low_cv,0.5896807873372936,-0.03764944714663787,org_24h,"To chuc, 24h",gru,
231.0,59.51804348613408,0.12793520354213775,0.12793520354213775,3476.0,58.88034082888478,0.12659207636778994,0.12659207636778994,3476.0,0.00042517006802722523,2352,12151447.0,97395770.0,252744926.67738283,2.5950298649257824,low,high_missing,high_cv,0.6377026572492994,0.0013431271743478135,org_24h,"To chuc, 24h",gru,
232.0,61.89927880838912,0.0013391829736475666,0.0013391829736475666,3480.0,62.04674995601852,0.016341151086154998,0.016341151086154998,3480.0,0.00042517006802722523,2352,134610032.0,192458610.0,212799543.30938384,1.1056899222163337,mid,high_missing,low_cv,-0.14747114762940328,-0.015001968112507431,org_24h,"To chuc, 24h",gru,
233.0,85.31280636343507,0.030648805667364998,0.030648805667364998,3480.0,85.4200472772767,0.012856890638139199,0.012856890638139199,3480.0,0.00042517006802722523,2352,10773273.0,132409220.0,383683279.42719066,2.8977082639564204,low,high_missing,high_cv,-0.10724091384162193,0.0177919150292258,org_24h,"To chuc, 24h",gru,
234.0,45.18480056809138,0.17488618355041793,0.17488618355041793,3480.0,45.37234614433523,0.19722264095962025,0.19722264095962025,3480.0,0.00042517006802722523,2352,330437728.0,414241730.0,391520818.61165035,0.9451506020456982,high,high_missing,low_cv,-0.18754557624384915,-0.022336457409202315,org_24h,"To chuc, 24h",gru,
235.0,59.24852283053184,0.48745185462623103,0.48745185462623103,3480.0,58.86139536651209,0.5066648779105575,0.5066648779105575,3480.0,0.00042517006802722523,2352,42397460.0,135536980.0,217459300.2619896,1.6044278593170738,mid,high_missing,mid_cv,0.3871274640197484,-0.019213023284326447,org_24h,"To chuc, 24h",gru,
236.0,94.85160973064451,-0.056499613982858465,-0.056499613982858465,3480.0,99.85954407992278,-0.05920085101821393,-0.05920085101821393,3480.0,0.0012755102040816757,2352,32080832.0,707682300.0,2133826718.5772917,3.015232550702994,mid,high_missing,high_cv,-5.007934349278273,0.0027012370353554638,org_24h,"To chuc, 24h",gru,
237.0,67.56033838071794,0.03295712432407683,0.03295712432407683,3480.0,67.60459660321321,0.03416932811899593,0.03416932811899593,3480.0,0.00042517006802722523,2352,11378493.0,49481936.0,139124136.18266514,2.8116146502971335,low,high_missing,high_cv,-0.044258222495273,-0.0012122037949190978,org_24h,"To chuc, 24h",gru,
238.0,47.17970460862234,0.0380033047160784,0.0380033047160784,3480.0,47.89095212540411,0.04024005005495936,0.04024005005495936,3480.0,0.00042517006802722523,2352,620769088.0,712417400.0,457565804.25390524,0.6422720712825496,high,high_missing,low_cv,-0.7112475167817749,-0.0022367453388809633,org_24h,"To chuc, 24h",gru,
239.0,85.43194612372861,0.4369894806753762,0.4369894806753762,3468.0,84.91948528201505,0.4474779946503398,0.4474779946503398,3468.0,0.00042517006802722523,2352,42381160.0,167487090.0,316264037.46536595,1.8882890689780572,mid,high_missing,mid_cv,0.5124608417135619,-0.010488513974963642,org_24h,"To chuc, 24h",gru,
240.0,88.17761965713343,0.2968500006084567,0.2968500006084567,3480.0,87.40290623477402,0.39377953257561754,0.39377953257561754,3480.0,0.00042517006802722523,2352,6397306.0,108149100.0,202588897.1384739,1.873236944602647,low,high_missing,mid_cv,0.7747134223594117,-0.09692953196716086,org_24h,"To chuc, 24h",gru,
241.0,101.55040435718409,-0.03842180267186116,-0.03842180267186116,3480.0,101.0554149779951,-0.04002891825433056,-0.04002891825433056,3480.0,0.00042517006802722523,2352,21466390.0,44949732.0,120254532.00858735,2.6753114347508755,mid,high_missing,high_cv,0.49498937918899344,0.0016071155824693983,org_24h,"To chuc, 24h",gru,
242.0,130.01678171245615,-0.009699278406823301,-0.009699278406823301,3480.0,131.82557796214812,-0.010272844860403033,-0.010272844860403033,3480.0,0.00042517006802722523,2352,2643248.0,19634980.0,110288416.4091579,5.616935510459288,low,high_missing,high_cv,-1.8087962496919658,0.0005735664535797321,org_24h,"To chuc, 24h",gru,
243.0,59.76430473538948,0.6846883144583803,0.6846883144583803,3377.0,123.41074548230218,0.7081166817418983,0.7081166817418983,3377.0,0.00042517006802722523,2352,51743616.0,165346300.0,226952850.51525715,1.3725910106539614,mid,high_missing,mid_cv,-63.646440746912695,-0.023428367283518048,org_24h,"To chuc, 24h",gru,
244.0,63.628585675047084,0.5119266263980364,0.5119266263980364,3480.0,67.01790564869187,0.49526287108071615,0.49526287108071615,3480.0,0.00042517006802722523,2352,9963894.0,209895650.0,460097371.05525047,2.1920291127486857,low,high_missing,high_cv,-3.389319973644781,0.016663755317320283,org_24h,"To chuc, 24h",gru,
245.0,91.57983063329459,0.06466933992742903,0.06466933992742903,3480.0,92.3040811065976,0.07511561355046613,0.07511561355046613,3480.0,0.00042517006802722523,2352,7217621.0,40895524.0,89744687.67268544,2.194486801848668,low,high_missing,high_cv,-0.7242504733030017,-0.0104462736230371,org_24h,"To chuc, 24h",gru,
246.0,69.58898974752172,0.4043368956879582,0.4043368956879582,3480.0,104.20090299932139,-0.0139033606821908,-0.0139033606821908,3480.0,0.005102040816326481,2352,806976.0,2720626.2,4499293.487384523,1.6537712548294803,low,high_missing,mid_cv,-34.61191325179966,0.418240256370149,org_24h,"To chuc, 24h",gru,
247.0,93.10934455391488,0.08533561462129113,0.08533561462129113,3480.0,91.75846132031715,0.08930155263376256,0.08930155263376256,3480.0,0.00042517006802722523,2352,701619.0,28102938.0,70700671.32729112,2.515775088259139,low,high_missing,high_cv,1.3508832335977274,-0.003965938012471429,org_24h,"To chuc, 24h",gru,
248.0,65.21691936426177,0.31207384945114286,0.31207384945114286,3480.0,65.33154797798859,0.30465774554129355,0.30465774554129355,3480.0,0.00042517006802722523,2352,39579836.0,135857260.0,251514663.08583727,1.851315532792102,mid,high_missing,mid_cv,-0.11462861372682198,0.007416103909849314,org_24h,"To chuc, 24h",gru,
249.0,93.32590731609135,0.3430431110346667,0.3430431110346667,3480.0,92.91853241214808,0.3557365222437958,0.3557365222437958,3480.0,0.00042517006802722523,2352,1510723.0,81500056.0,217352871.15376696,2.6669045620504477,low,high_missing,high_cv,0.40737490394326414,-0.01269341120912909,org_24h,"To chuc, 24h",gru,
250.0,87.4263479620984,0.03665396397517613,0.03665396397517613,3480.0,84.94637075429576,0.042804139434527634,0.042804139434527634,3480.0,0.0008503401360544505,2352,407319.5,28634728.0,74851053.2582196,2.6139956090457575,low,high_missing,high_cv,2.479977207802648,-0.006150175459351502,org_24h,"To chuc, 24h",gru,
251.0,63.15134965440694,0.2797838721986767,0.2797838721986767,3480.0,62.80296273332177,0.2929995105790027,0.2929995105790027,3480.0,0.00042517006802722523,2352,10699468.0,62411830.0,199065529.77022246,3.1895479333185164,low,high_missing,high_cv,0.3483869210851722,-0.013215638380326022,org_24h,"To chuc, 24h",gru,
252.0,88.43377403348295,-0.0230983975874704,-0.0230983975874704,3480.0,89.7132127677138,-0.11493276006414203,-0.11493276006414203,3480.0,0.00042517006802722523,2352,1064082.0,26077914.0,66695960.34806724,2.5575650087682336,low,high_missing,high_cv,-1.279438734230851,0.09183436247667164,org_24h,"To chuc, 24h",gru,
253.0,89.95548972713594,0.11904130315528516,0.11904130315528516,3480.0,88.8749638917799,0.13843248249105297,0.13843248249105297,3480.0,0.00042517006802722523,2352,5137023.0,30532106.0,63676407.332727686,2.0855556879282315,low,high_missing,high_cv,1.0805258353560419,-0.01939117933576781,org_24h,"To chuc, 24h",gru,
254.0,137.89771594218857,-0.3798566559365597,-0.3798566559365597,3480.0,140.22013600560064,-0.37645072865963397,-0.37645072865963397,3480.0,0.00042517006802722523,2352,102438840.0,319628580.0,367684908.47007537,1.1503505508533611,mid,high_missing,low_cv,-2.3224200634120677,-0.0034059272769257354,org_24h,"To chuc, 24h",gru,
255.0,82.84591768906635,-0.0145564029733384,-0.0145564029733384,3480.0,82.82076916842315,-0.014623148979508532,-0.014623148979508532,3480.0,0.0008503401360544505,2352,13692565.5,201559710.0,1467405622.8251097,7.280252627197194,low,high_missing,high_cv,0.02514852064319939,6.674600617013159e-05,org_24h,"To chuc, 24h",gru,
256.0,89.54993078934046,-0.0025535210690335003,-0.0025535210690335003,3462.0,88.93992936465061,-0.0026343591337259337,-0.0026343591337259337,3462.0,0.00042517006802722523,2352,693222.0,8658046.0,107421525.71924011,12.407132708608861,low,high_missing,high_cv,0.6100014246898553,8.083806469243345e-05,org_24h,"To chuc, 24h",gru,
257.0,81.93789207528205,0.050368560399480504,0.050368560399480504,3478.0,80.87535663679206,0.0531966710867503,0.0531966710867503,3478.0,0.00042517006802722523,2352,5818241.0,78011450.0,255289929.20444596,3.2724675127738427,low,high_missing,high_cv,1.0625354384899879,-0.0028281106872697984,org_24h,"To chuc, 24h",gru,
258.0,78.58684010948502,-0.0290759739647681,-0.0290759739647681,3480.0,77.44595517620071,-0.027929391633783832,-0.027929391633783832,3480.0,0.00042517006802722523,2352,1389667.0,70738970.0,420848139.790218,5.949311273387788,low,high_missing,high_cv,1.1408849332843118,-0.001146582330984268,org_24h,"To chuc, 24h",gru,
259.0,59.407920179657715,-0.0031433715296113,-0.0031433715296113,3476.0,76.25970145089552,-0.005707183656934599,-0.005707183656934599,3476.0,0.00042517006802722523,2352,731725.0,24927994.0,379636164.1456223,15.229310635489655,low,high_missing,high_cv,-16.851781271237805,0.002563812127323299,org_24h,"To chuc, 24h",gru,
260.0,102.04098444858948,0.004474696470276034,0.004474696470276034,3474.0,109.77707085300733,-0.004403979552351433,-0.004403979552351433,3474.0,0.3660714285714286,2352,1619015.0,22643432.0,57750823.228777155,2.550444792502177,low,high_missing,high_cv,-7.736086404417847,0.008878676022627468,org_24h,"To chuc, 24h",gru,
261.0,52.47749243377985,0.3279775222118279,0.3279775222118279,3480.0,52.96215275636047,0.33748229006112745,0.33748229006112745,3480.0,0.00042517006802722523,2352,18835216.0,78543544.0,244495957.84123245,3.112871477269124,low,high_missing,high_cv,-0.4846603225806163,-0.009504767849299545,org_24h,"To chuc, 24h",gru,
262.0,20.293929395467682,0.28139947633217915,0.28139947633217915,3480.0,22.181934250618507,0.2277327474663268,0.2277327474663268,3480.0,0.00042517006802722523,2352,30105.0,31204.662,24863.591928070524,0.7967909359480169,low,high_missing,low_cv,-1.8880048551508253,0.05366672886585236,org_24h,"To chuc, 24h",gru,
263.0,112.6043438846318,-0.0025059962520202666,-0.0025059962520202666,3469.0,116.04128310047001,-0.0026767674318268334,-0.0026767674318268334,3469.0,0.0012755102040816757,2352,294648.0,2919100.2,39802283.83926902,13.635120561299331,low,high_missing,high_cv,-3.4369392158382084,0.0001707711798065669,org_24h,"To chuc, 24h",gru,
264.0,71.43986632027499,-2.0310901813783198,-1.0,1791.0,100.50771250901327,-19.96874360329159,-1.0,1791.0,0.038690476190476164,2352,15653.0,4942389.0,75807447.93729107,15.338219621582006,low,high_missing,high_cv,-29.067846188738287,17.937653421913268,org_24h,"To chuc, 24h",gru,
265.0,91.80989577438561,0.26203466598802155,0.26203466598802155,3480.0,89.87986007096167,0.23034153622326572,0.23034153622326572,3480.0,0.0008503401360544505,2352,460648.5,23338938.0,66149547.06481081,2.8342997896824103,low,high_missing,high_cv,1.9300357034239397,0.03169312976475583,org_24h,"To chuc, 24h",gru,
266.0,37.92816327901116,0.0880099939764241,0.0880099939764241,3480.0,39.56534307743252,0.118242943278977,0.118242943278977,3480.0,0.00042517006802722523,2352,4256.0,4514.4067,5124.415353523586,1.1351248681403887,low,high_missing,low_cv,-1.6371797984213643,-0.030232949302552894,org_24h,"To chuc, 24h",gru,
267.0,49.8332111465374,-0.0582822640147502,-0.0582822640147502,3353.0,49.82528316731193,-0.043083843130653166,-0.043083843130653166,3353.0,0.012755102040816313,2352,1100.0,1360.0961,4015.5500466723456,2.9524017730842536,low,high_missing,high_cv,0.007927979225470949,-0.015198420884097036,org_24h,"To chuc, 24h",gru,
268.0,79.7030407151829,0.0523706571592217,0.0523706571592217,3480.0,80.12480770764643,0.05229785844681343,0.05229785844681343,3480.0,0.022108843537414935,2352,1560179.5,31570354.0,98156380.00202972,3.1091314339405165,low,high_missing,high_cv,-0.42176699246353166,7.279871240827018e-05,org_24h,"To chuc, 24h",gru,
269.0,120.81011554577294,-0.12261518437943597,-0.12261518437943597,3480.0,122.2891078513893,-0.12537986959586775,-0.12537986959586775,3480.0,0.00042517006802722523,2352,8495350.0,47129588.0,112732145.77456304,2.3919611980177513,low,high_missing,high_cv,-1.4789923056163587,0.002764685216431778,org_24h,"To chuc, 24h",gru,
270.0,34.37292987157404,0.1870993488967504,0.1870993488967504,3480.0,36.53923127964094,0.17463464575481372,0.17463464575481372,3480.0,0.00042517006802722523,2352,5240.0,5648.3257,10404.347012021599,1.8420232109211216,low,high_missing,mid_cv,-2.1663014080669,0.012464703141936678,org_24h,"To chuc, 24h",gru,
271.0,25.295057311046886,-6.889151082220107e-05,-6.889151082220107e-05,3356.0,26.772995113897093,0.0004691338222059667,0.0004691338222059667,3356.0,0.00042517006802722523,2352,8110.0,8576.974,9080.167157787839,1.058667957547438,low,high_missing,low_cv,-1.4779378028502066,-0.0005380253330281678,org_24h,"To chuc, 24h",gru,
272.0,31.95720131717843,0.0573680459864386,0.0573680459864386,3480.0,34.89130612268669,-0.13861192301592665,-0.13861192301592665,3480.0,0.1071428571428571,2352,2795.0,3208.0542,9751.30612987794,3.0396326010491506,low,high_missing,high_cv,-2.9341048055082624,0.19597996900236525,org_24h,"To chuc, 24h",gru,
273.0,89.64737790142755,0.0347188066745494,0.0347188066745494,3480.0,89.17602080118581,0.0389865755400793,0.0389865755400793,3480.0,0.00042517006802722523,2352,306030.0,11542808.0,104781390.14690994,9.077634328398249,low,high_missing,high_cv,0.4713571002417325,-0.004267768865529903,org_24h,"To chuc, 24h",gru,
274.0,93.04238830832035,0.05974299702234017,0.05974299702234017,3480.0,95.32431057738876,0.07074713694399487,0.07074713694399487,3480.0,0.00042517006802722523,2352,329792.0,18887840.0,122667488.47973886,6.4945217917844955,low,high_missing,high_cv,-2.281922269068403,-0.0110041399216547,org_24h,"To chuc, 24h",gru,
275.0,26.604477551801537,0.20782248207245893,0.20782248207245893,3480.0,27.242987231699043,0.19480728402728806,0.19480728402728806,3480.0,0.00042517006802722523,2352,37784.0,40695.535,37639.86749390637,0.9249139334177219,low,high_missing,low_cv,-0.6385096798975063,0.013015198045170873,org_24h,"To chuc, 24h",gru,
276.0,74.71409175410744,-0.005134889153373,-0.005134889153373,3480.0,76.92868625179777,-0.0071225932433264345,-0.0071225932433264345,3480.0,0.0008503401360544505,2352,4550668.5,30601126.0,301388272.4973016,9.848927536107709,low,high_missing,high_cv,-2.214594497690328,0.0019877040899534343,org_24h,"To chuc, 24h",gru,
277.0,79.96504926467348,-0.0014247548621149147,-0.0014247548621149147,3480.0,146.1606895558643,-0.006672435699356567,-0.006672435699356567,3480.0,0.9528061224489796,2352,1756.0,1861.3243,746.7167061958901,0.4011749536713205,low,high_missing,low_cv,-66.19564029119083,0.005247680837241652,org_24h,"To chuc, 24h",gru,
278.0,78.92757395660509,-0.049976981505653696,-0.049976981505653696,3480.0,98.16427968290695,-15.891034251579645,-1.0,3480.0,0.5140306122448979,2352,80619248.0,545907260.0,1688900574.1174743,3.09374995625168,mid,high_missing,high_cv,-19.236705726301864,15.841057270073991,org_24h,"To chuc, 24h",gru,
279.0,53.98851855103262,-0.08530225344657233,-0.08530225344657233,3451.0,53.436416021614626,-0.0589982339438333,-0.0589982339438333,3451.0,0.0012755102040816757,2352,1708.0,2108.5908,5971.12032760303,2.831806090627906,low,high_missing,high_cv,0.5521025294179935,-0.02630401950273903,org_24h,"To chuc, 24h",gru,
280.0,58.171839521850764,-0.0025706317496743333,-0.0025706317496743333,3442.0,58.30697009502319,-0.0022856439716076333,-0.0022856439716076333,3442.0,0.01573129251700678,2352,1975.0,2881.7517,18076.891304871362,6.272882999778721,low,high_missing,high_cv,-0.13513057317242527,-0.00028498777806670005,org_24h,"To chuc, 24h",gru,
281.0,42.14611457610105,0.0047086449345722335,0.0047086449345722335,3480.0,41.38890040263465,0.017155113204478635,0.017155113204478635,3480.0,0.00042517006802722523,2352,4600.0,5638.609,35070.97492241141,6.21979208471402,low,high_missing,high_cv,0.7572141734664015,-0.012446468269906402,org_24h,"To chuc, 24h",gru,
283.0,57.063316411399455,0.002154136000485934,0.002154136000485934,289.0,58.01753121302087,0.0320850471139712,0.0320850471139712,289.0,0.2283163265306123,2352,1420.0,1700.1383,1160.2002536651062,0.6824152186912463,low,high_missing,low_cv,-0.9542148016214114,-0.029930911113485264,org_24h,"To chuc, 24h",gru,
284.0,17.569925108602142,0.5071610152064023,0.5071610152064023,3480.0,28.155964566753312,0.41558886902177167,0.41558886902177167,3480.0,0.00042517006802722523,2352,386431.0,382253.16,145264.40045239366,0.3800214545707722,low,high_missing,low_cv,-10.58603945815117,0.09157214618463067,org_24h,"To chuc, 24h",gru,
0.0,29.591963593289222,0.5317942486370111,0.5317942486370111,3192.0,31.034539047774075,0.4947152737085197,0.4947152737085197,3192.0,0.00042517006802722523,2352,76423561216.0,76367990000.0,40472923831.01894,0.5299723822283063,high,low_missing,low_cv,-1.442575454484853,0.03707897492849138,org_168h,"To chuc, 168h",transformer,
1.0,29.98142785649674,0.3881379655552177,0.3881379655552177,3192.0,32.43700197066495,-0.013062468577689798,-0.013062468577689798,3192.0,0.00042517006802722523,2352,54806323200.0,59659194000.0,45387970242.95703,0.7607875152149596,high,low_missing,low_cv,-2.4555741141682113,0.40120043413290746,org_168h,"To chuc, 168h",transformer,
2.0,33.11530704449611,0.0021601572506568336,0.0021601572506568336,3192.0,33.45088707955335,-0.028635525328832734,-0.028635525328832734,3192.0,0.00042517006802722523,2352,87796350976.0,93760094000.0,49447555222.092575,0.5273838048028914,high,low_missing,low_cv,-0.33558003505723377,0.03079568257948957,org_168h,"To chuc, 168h",transformer,
3.0,35.470062922380045,0.51450318518061,0.51450318518061,3192.0,35.503624832199016,0.546489331068455,0.546489331068455,3192.0,0.00042517006802722523,2352,26015002624.0,29509917000.0,18030273407.899612,0.6109903192308008,high,low_missing,low_cv,-0.033561909818971,-0.031986145887844986,org_168h,"To chuc, 168h",transformer,
4.0,78.78878116453944,0.3710295371766197,0.3710295371766197,3192.0,84.71512579931239,0.2966600067728502,0.2966600067728502,3192.0,0.00042517006802722523,2352,9560567.0,82105704.0,162976159.7837959,1.9849553909652353,low,low_missing,mid_cv,-5.926344634772946,0.07436953040376948,org_168h,"To chuc, 168h",transformer,
5.0,73.77349629659432,0.30607315425184684,0.30607315425184684,3192.0,76.99096067373777,0.21261628435571955,0.21261628435571955,3192.0,0.00042517006802722523,2352,24104212.0,414751840.0,863452781.285737,2.0818540100647582,mid,low_missing,high_cv,-3.2174643771434575,0.09345686989612728,org_168h,"To chuc, 168h",transformer,
6.0,88.7099694452187,0.15284303446035288,0.15284303446035288,3192.0,86.66765749426888,0.17749722658860037,0.17749722658860037,3192.0,0.00042517006802722523,2352,107751960.0,203472960.0,305037541.15928537,1.4991551759962864,mid,low_missing,mid_cv,2.0423119509498235,-0.024654192128247487,org_168h,"To chuc, 168h",transformer,
7.0,87.26651064060263,0.3365858044568073,0.3365858044568073,3192.0,94.66601951473967,-0.022346647243533635,-0.022346647243533635,3192.0,0.00042517006802722523,2352,4704792.0,192133330.0,489041781.66842806,2.5453250966871717,low,low_missing,high_cv,-7.399508874137041,0.35893245170034094,org_168h,"To chuc, 168h",transformer,
8.0,113.34292503655213,0.23008943648167893,0.23008943648167893,3183.0,117.43660257485878,0.15628383525924944,0.15628383525924944,3183.0,0.00042517006802722523,2352,824540.0,49878670.0,125884545.99665819,2.5238151087233875,low,low_missing,high_cv,-4.09367753830665,0.07380560122242949,org_168h,"To chuc, 168h",transformer,
9.0,41.7517261273343,0.15223999410625577,0.15223999410625577,3192.0,45.580257783737316,0.15054011134268283,0.15054011134268283,3192.0,0.00042517006802722523,2352,5345344000.0,6743888400.0,6052849375.21828,0.8975310726640697,high,low_missing,low_cv,-3.8285316564030154,0.0016998827635729408,org_168h,"To chuc, 168h",transformer,
10.0,53.61356340803087,0.5172547081827462,0.5172547081827462,3192.0,53.80223972014707,0.5200298848695626,0.5200298848695626,3192.0,0.00042517006802722523,2352,1011310400.0,2338716200.0,2831748734.3051043,1.21081334397805,high,low_missing,mid_cv,-0.1886763121162005,-0.002775176686816372,org_168h,"To chuc, 168h",transformer,
11.0,130.09844865474395,-0.19667756153235658,-0.19667756153235658,3192.0,128.71192722707985,-0.19739104158108467,-0.19739104158108467,3192.0,0.00042517006802722523,2352,267715568.0,809742400.0,1389083216.1802804,1.7154631104660945,high,low_missing,mid_cv,1.3865214276640927,0.0007134800487280935,org_168h,"To chuc, 168h",transformer,
12.0,56.12328164605251,0.3132256530337936,0.3132256530337936,3190.0,59.15302609695083,0.31990664506100347,0.31990664506100347,3190.0,0.00042517006802722523,2352,381727360.0,742487000.0,905791931.6036303,1.2199431921128139,high,low_missing,mid_cv,-3.0297444508983205,-0.006680992027209842,org_168h,"To chuc, 168h",transformer,
13.0,85.4033224312473,-0.007219508895988834,-0.007219508895988834,3191.0,85.7174331147708,0.018406926407285033,0.018406926407285033,3191.0,0.00042517006802722523,2352,29405928.0,407570850.0,1568549799.8230941,3.8485328563614396,mid,low_missing,high_cv,-0.314110683523495,-0.025626435303273867,org_168h,"To chuc, 168h",transformer,
14.0,83.980414475914,0.0858582895074456,0.0858582895074456,3192.0,84.77387795605806,0.11605779644900498,0.11605779644900498,3192.0,0.002125850340136015,2352,38975292.0,298437660.0,610601785.8760487,2.0459943885502625,mid,high_missing,high_cv,-0.7934634801440552,-0.030199506941559373,org_168h,"To chuc, 168h",transformer,
15.0,78.5341937145993,0.072024798455709,0.072024798455709,3192.0,78.41787540427721,0.08305302692527815,0.08305302692527815,3192.0,0.00042517006802722523,2352,23431764.0,105829976.0,206850193.7071995,1.954552023211264,mid,low_missing,mid_cv,0.11631831032208595,-0.011028228469569148,org_168h,"To chuc, 168h",transformer,
16.0,69.3348019245189,0.3737430692462225,0.3737430692462225,3192.0,70.82396243026973,0.3904113531490887,0.3904113531490887,3192.0,0.00042517006802722523,2352,68930872.0,205869660.0,332629601.82524425,1.6157290751941202,mid,low_missing,mid_cv,-1.4891605057508315,-0.016668283902866177,org_168h,"To chuc, 168h",transformer,
17.0,66.24310443610696,0.2582684678157487,0.2582684678157487,3192.0,69.3370473562829,0.24480597587217787,0.24480597587217787,3192.0,0.00042517006802722523,2352,506844896.0,678373500.0,646658846.8250833,0.9532489742186088,high,low_missing,low_cv,-3.093942920175934,0.013462491943570826,org_168h,"To chuc, 168h",transformer,
18.0,94.32146248279093,0.16309866610937226,0.16309866610937226,3192.0,94.67620800598088,0.15334754651777108,0.15334754651777108,3192.0,0.02423469387755106,2352,10545274.0,66169720.0,148777245.69230548,2.248418849170066,low,high_missing,high_cv,-0.3547455231899477,0.009751119591601187,org_168h,"To chuc, 168h",transformer,
19.0,72.0377122284243,-0.004892167372807467,-0.004892167372807467,3192.0,74.98664144331646,0.007712791825418167,0.007712791825418167,3192.0,0.00170068027210879,2352,23542442.0,229711790.0,784781592.4654412,3.41637486535929,mid,high_missing,high_cv,-2.9489292148921606,-0.012604959198225634,org_168h,"To chuc, 168h",transformer,
20.0,91.88104507342484,-0.018931787110096965,-0.018931787110096965,3190.0,98.28506335327877,-0.04827648844523804,-0.04827648844523804,3190.0,0.00042517006802722523,2352,40651956.0,84301864.0,115596274.54766625,1.3712184886880585,mid,low_missing,mid_cv,-6.404018279853929,0.029344701335141075,org_168h,"To chuc, 168h",transformer,
21.0,82.76160736140334,-0.023337098897138434,-0.023337098897138434,3192.0,78.82685529076193,-0.0233425855194615,-0.0233425855194615,3192.0,0.00042517006802722523,2352,53959.0,322585500.0,2407516711.3014174,7.463189391490503,low,low_missing,high_cv,3.9347520706414087,5.48662232306707e-06,org_168h,"To chuc, 168h",transformer,
22.0,38.38842664148776,0.3607132120826501,0.3607132120826501,3192.0,40.095158391619,0.39844883828986016,0.39844883828986016,3192.0,0.00042517006802722523,2352,4167804672.0,5095279600.0,3770942300.0704746,0.7400854485451804,high,low_missing,low_cv,-1.7067317501312402,-0.03773562620721005,org_168h,"To chuc, 168h",transformer,
23.0,37.95027089648531,0.51833435862323,0.51833435862323,3192.0,39.57808632300126,0.5481287283420637,0.5481287283420637,3192.0,0.00042517006802722523,2352,11821113344.0,13174070000.0,8505562941.61963,0.6456290854692983,high,low_missing,low_cv,-1.6278154265159515,-0.029794369718833758,org_168h,"To chuc, 168h",transformer,
24.0,51.21302840531888,-0.047943843905185225,-0.047943843905185225,3192.0,52.58864987798671,-0.0137603121451558,-0.0137603121451558,3192.0,0.00042517006802722523,2352,463540448.0,569505000.0,511123147.19094676,0.8974866342723374,high,low_missing,low_cv,-1.3756214726678309,-0.034183531760029424,org_168h,"To chuc, 168h",transformer,
25.0,55.06428081265394,0.0604119041702455,0.0604119041702455,3192.0,55.737366391093296,0.07304594194148147,0.07304594194148147,3192.0,0.00042517006802722523,2352,376467328.0,450409860.0,428365107.3847439,0.9510562472787983,high,low_missing,low_cv,-0.6730855784393555,-0.012634037771235965,org_168h,"To chuc, 168h",transformer,
26.0,51.86088699534785,-0.0327970098592846,-0.0327970098592846,3192.0,52.152180890188596,0.05279235691870387,0.05279235691870387,3192.0,0.00042517006802722523,2352,358588768.0,455877380.0,395730206.1275638,0.8680628321585403,high,low_missing,low_cv,-0.29129389484074864,-0.08558936677798847,org_168h,"To chuc, 168h",transformer,
27.0,37.81383293724306,0.1972794091884519,0.1972794091884519,3192.0,39.45881138652178,0.20369300692827216,0.20369300692827216,3192.0,0.00042517006802722523,2352,1189428736.0,1451833600.0,1056616974.1682338,0.7277810447204375,high,low_missing,low_cv,-1.6449784492787174,-0.006413597739820254,org_168h,"To chuc, 168h",transformer,
28.0,49.49488815447041,0.030762403487071464,0.030762403487071464,3192.0,49.91847400606655,0.06587195176463734,0.06587195176463734,3192.0,0.00042517006802722523,2352,371302784.0,444789920.0,345640161.62616026,0.7770863189214365,high,low_missing,low_cv,-0.4235858515961439,-0.03510954827756588,org_168h,"To chuc, 168h",transformer,
29.0,57.24818155480483,-0.0380604607000676,-0.0380604607000676,3190.0,57.628482476482866,-0.02896630801900743,-0.02896630801900743,3190.0,0.00042517006802722523,2352,280350048.0,369067900.0,318217267.680404,0.8622187522445842,high,low_missing,low_cv,-0.3803009216780353,-0.009094152681060168,org_168h,"To chuc, 168h",transformer,
30.0,99.76567245456097,-9.007407750928143,-1.0,3190.0,71.36999567954992,-7.724555055082521,-1.0,3190.0,0.00042517006802722523,2352,249265376.0,340823940.0,391818175.9982477,1.1496204773547585,high,low_missing,low_cv,28.395676775011054,-1.2828526958456221,org_168h,"To chuc, 168h",transformer,
31.0,55.89842537805712,0.09527624004573369,0.09527624004573369,3186.0,50.853047521617235,0.15370009189220715,0.15370009189220715,3186.0,0.00042517006802722523,2352,1676076032.0,2041110700.0,1484613870.064368,0.7273558960168243,high,low_missing,low_cv,5.045377856439885,-0.05842385184647346,org_168h,"To chuc, 168h",transformer,
32.0,31.700954486030838,0.1974581746199137,0.1974581746199137,3192.0,33.818609709950856,0.17212259296475985,0.17212259296475985,3192.0,0.00042517006802722523,2352,2021419264.0,2201166300.0,1079615873.7630427,0.4904744617005821,high,low_missing,low_cv,-2.1176552239200177,0.025335581655153844,org_168h,"To chuc, 168h",transformer,
33.0,37.5936746542161,0.17089752817166848,0.17089752817166848,3192.0,37.88857260870622,0.22351618956322009,0.22351618956322009,3192.0,0.00042517006802722523,2352,1687556352.0,2202774000.0,1679241132.220056,0.7623301891264256,high,low_missing,low_cv,-0.2948979544901178,-0.05261866139155161,org_168h,"To chuc, 168h",transformer,
34.0,47.50504393944487,0.5135308187506148,0.5135308187506148,3192.0,50.73754017645851,0.5583644636399829,0.5583644636399829,3192.0,0.00042517006802722523,2352,471735104.0,1461722200.0,1912123291.4882886,1.3081303952030507,high,low_missing,mid_cv,-3.232496237013642,-0.04483364488936814,org_168h,"To chuc, 168h",transformer,
35.0,75.87388708629594,0.23554029337933305,0.23554029337933305,3192.0,76.33888308458455,0.21484401294463418,0.21484401294463418,3192.0,0.00042517006802722523,2352,48618076.0,114378700.0,167209416.88900074,1.4618929139903591,mid,low_missing,mid_cv,-0.4649959982886145,0.02069628043469887,org_168h,"To chuc, 168h",transformer,
36.0,48.37565313279217,0.25687037764348286,0.25687037764348286,3192.0,48.16213317515787,0.2833287234430231,0.2833287234430231,3192.0,0.00042517006802722523,2352,472835680.0,742517500.0,672293632.2525237,0.9054246245116447,high,low_missing,low_cv,0.2135199576343041,-0.02645834579954026,org_168h,"To chuc, 168h",transformer,
37.0,30.424154066556483,-0.026356514898164932,-0.026356514898164932,3192.0,37.73034581510939,-0.5258671797530031,-0.5258671797530031,3192.0,0.00042517006802722523,2352,10701.0,12288.253,30268.623481834653,2.4632161833768835,low,low_missing,high_cv,-7.306191748552905,0.4995106648548382,org_168h,"To chuc, 168h",transformer,
38.0,82.97279535409388,0.33902759878602146,0.33902759878602146,3188.0,89.985446676188,0.2952136839211057,0.2952136839211057,3188.0,0.00042517006802722523,2352,78144832.0,320291000.0,591920327.6490527,1.8480703886918135,mid,low_missing,mid_cv,-7.012651322094129,0.04381391486491576,org_168h,"To chuc, 168h",transformer,
39.0,95.15191001267429,0.09732104395841427,0.09732104395841427,3192.0,90.86417339757232,-0.08779133868036587,-0.08779133868036587,3192.0,0.00042517006802722523,2352,393238848.0,1940406800.0,2883634156.5394855,1.4860977503877277,high,low_missing,mid_cv,4.287736615101977,0.18511238263878016,org_168h,"To chuc, 168h",transformer,
40.0,79.97248244032097,0.3284903455036843,0.3284903455036843,3192.0,81.1035270200231,0.28834466369135986,0.28834466369135986,3192.0,0.00042517006802722523,2352,172481424.0,359785600.0,435957771.0423226,1.211715452320278,mid,low_missing,mid_cv,-1.1310445797021202,0.04014568181232442,org_168h,"To chuc, 168h",transformer,
41.0,79.74141858749577,0.1435917040233061,0.1435917040233061,3192.0,75.59769357366808,0.154336416040749,0.154336416040749,3192.0,0.00042517006802722523,2352,254932720.0,590328770.0,726304855.1213782,1.230339591245159,high,low_missing,mid_cv,4.143725013827691,-0.010744712017442898,org_168h,"To chuc, 168h",transformer,
42.0,77.22451748122315,0.3210147143869823,0.3210147143869823,3192.0,82.14249609997792,0.29152801574305237,0.29152801574305237,3192.0,0.00042517006802722523,2352,15886766.0,106794500.0,207645855.97883165,1.944349791011998,low,low_missing,mid_cv,-4.917978618754773,0.029486698643929943,org_168h,"To chuc, 168h",transformer,
43.0,80.18351292258463,0.21936329654434086,0.21936329654434086,3192.0,83.90659179066299,0.16818525774716678,0.16818525774716678,3192.0,0.0008503401360544505,2352,16021830.5,150817710.0,438806268.5740798,2.9095141595443366,low,high_missing,high_cv,-3.7230788680783604,0.051178038797174086,org_168h,"To chuc, 168h",transformer,
45.0,91.3976100491924,0.34569724398813745,0.34569724398813745,3192.0,94.17132960692776,0.3164954735340262,0.3164954735340262,3192.0,0.00042517006802722523,2352,16635705.0,227261920.0,431438098.4290651,1.8984179066561837,low,low_missing,mid_cv,-2.7737195577353617,0.029201770454111264,org_168h,"To chuc, 168h",transformer,
46.0,101.51651205923383,0.2147277251522032,0.2147277251522032,3192.0,102.31539753410878,0.2465723394907738,0.2465723394907738,3192.0,0.00042517006802722523,2352,57100252.0,208478750.0,330126246.25345963,1.5835006833380296,mid,low_missing,mid_cv,-0.7988854748749503,-0.03184461433857061,org_168h,"To chuc, 168h",transformer,
47.0,28.091699894700508,0.0779585966961127,0.0779585966961127,3188.0,32.286417465212,0.04637037264866654,0.04637037264866654,3188.0,0.00042517006802722523,2352,26659.0,48704.934,103357.42761712702,2.122114126655749,low,low_missing,high_cv,-4.194717570511489,0.03158822404744616,org_168h,"To chuc, 168h",transformer,
48.0,31.16667098902684,0.3692406629295995,0.3692406629295995,3192.0,32.887558423847125,0.3302619437209335,0.3302619437209335,3192.0,0.00042517006802722523,2352,52894072832.0,55006278000.0,26468816352.37101,0.48119628325790814,high,low_missing,low_cv,-1.720887434820284,0.038978719208666024,org_168h,"To chuc, 168h",transformer,
49.0,39.37368192358807,0.028218202447081966,0.028218202447081966,3192.0,44.14472552663614,0.0130628857086847,0.0130628857086847,3192.0,0.00042517006802722523,2352,59885846528.0,68810785000.0,46145361924.8693,0.670612347765708,high,low_missing,low_cv,-4.771043603048064,0.015155316738397267,org_168h,"To chuc, 168h",transformer,
50.0,34.62175996211832,0.5683786902290024,0.5683786902290024,3192.0,37.028799297134135,0.5324182973822819,0.5324182973822819,3192.0,0.00042517006802722523,2352,14268986368.0,18291280000.0,12877715895.343763,0.7040358020576114,high,low_missing,low_cv,-2.407039335015817,0.03596039284672059,org_168h,"To chuc, 168h",transformer,
51.0,52.765675622319996,0.031707505587830066,0.031707505587830066,3192.0,63.5374043074976,0.034439768972557835,0.034439768972557835,3192.0,0.00042517006802722523,2352,417332.0,4896942.0,17977325.6604514,3.671133058233363,low,low_missing,high_cv,-10.771728685177607,-0.002732263384727769,org_168h,"To chuc, 168h",transformer,
52.0,43.3408892134157,0.42711353038390826,0.42711353038390826,3192.0,49.25204703802552,0.4012357586188078,0.4012357586188078,3192.0,0.00042517006802722523,2352,4172819712.0,5647819000.0,4728732711.478633,0.8372670794019548,high,low_missing,low_cv,-5.911157824609823,0.025877771765100477,org_168h,"To chuc, 168h",transformer,
53.0,37.71467765861783,0.43578197571210203,0.43578197571210203,3192.0,40.34260150126016,0.4173967907539476,0.4173967907539476,3192.0,0.00042517006802722523,2352,18945470464.0,21361437000.0,13043456481.996344,0.6106076422796674,high,low_missing,low_cv,-2.627923842642332,0.018385184958154444,org_168h,"To chuc, 168h",transformer,
54.0,77.83364022854009,0.3408167550028409,0.3408167550028409,3192.0,82.11727247196622,0.2523454080201242,0.2523454080201242,3192.0,0.00042517006802722523,2352,54922464.0,248657580.0,392201262.95420223,1.5772744858415508,mid,low_missing,mid_cv,-4.283632243426126,0.08847134698271675,org_168h,"To chuc, 168h",transformer,
55.0,36.368761499545464,0.4438433588521851,0.4438433588521851,3192.0,37.12991759855731,0.45021449248386586,0.45021449248386586,3192.0,0.00042517006802722523,2352,5400788480.0,6005989000.0,3967757193.5223527,0.6606334582644928,high,low_missing,low_cv,-0.7611560990118491,-0.0063711336316807365,org_168h,"To chuc, 168h",transformer,
56.0,40.9831430494683,0.448751686901477,0.448751686901477,3192.0,43.051719038746064,0.45378079359140194,0.45378079359140194,3192.0,0.00042517006802722523,2352,10818817024.0,12627709000.0,8794452167.415676,0.6964408363828638,high,low_missing,low_cv,-2.068575989277761,-0.005029106689924956,org_168h,"To chuc, 168h",transformer,
57.0,34.51404246627667,0.4715401812032661,0.4715401812032661,3192.0,36.07099786111629,0.4740356726976968,0.4740356726976968,3192.0,0.00042517006802722523,2352,15360297984.0,17639606000.0,12071050823.85676,0.6843152073647804,high,low_missing,low_cv,-1.556955394839619,-0.002495491494430735,org_168h,"To chuc, 168h",transformer,
58.0,79.7548567357738,0.3114382973882986,0.3114382973882986,3192.0,84.38241111609604,0.2674853491198108,0.2674853491198108,3192.0,0.00042517006802722523,2352,22872892.0,117965610.0,229144413.39937744,1.9424679555703848,mid,low_missing,mid_cv,-4.627554380322238,0.04395294826848778,org_168h,"To chuc, 168h",transformer,
59.0,39.554324630506564,0.4179314624116745,0.4179314624116745,3192.0,42.49039911593719,0.4047145870765889,0.4047145870765889,3192.0,0.00042517006802722523,2352,8373480448.0,9870691000.0,6825542710.633536,0.6914959128821758,high,low_missing,low_cv,-2.9360744854306233,0.013216875335085587,org_168h,"To chuc, 168h",transformer,
60.0,39.03635900554075,0.18400145742712903,0.18400145742712903,3192.0,41.751770904519866,0.1667407701116506,0.1667407701116506,3192.0,0.00042517006802722523,2352,1481095680.0,1734147500.0,1114034129.4319215,0.6424102665419021,high,low_missing,low_cv,-2.715411898979113,0.017260687315478446,org_168h,"To chuc, 168h",transformer,
61.0,34.039028217518855,-0.0168682517811577,-0.0168682517811577,3192.0,34.926002063058036,0.0005762169793303336,0.0005762169793303336,3192.0,0.00042517006802722523,2352,22805147648.0,26083471000.0,15841002690.641285,0.6073195730739301,high,low_missing,low_cv,-0.8869738455391811,-0.01744446876048803,org_168h,"To chuc, 168h",transformer,
62.0,84.33998268588809,0.4384460997067037,0.4384460997067037,3192.0,87.04975072581162,0.40505318656804007,0.40505318656804007,3192.0,0.00042517006802722523,2352,22908540.0,389930700.0,791922345.3986075,2.0309310597236387,mid,low_missing,high_cv,-2.7097680399235315,0.033392913138663605,org_168h,"To chuc, 168h",transformer,
63.0,92.48731158301318,0.34544393759885944,0.34544393759885944,3192.0,102.8078474798574,0.16510229745733673,0.16510229745733673,3192.0,0.00042517006802722523,2352,8077022.0,170733200.0,357192199.43139464,2.09210744853019,low,low_missing,high_cv,-10.32053589684422,0.1803416401415227,org_168h,"To chuc, 168h",transformer,
64.0,67.5800112242361,0.4678061043816479,0.4678061043816479,3192.0,67.55853374916916,0.4889135240729658,0.4889135240729658,3192.0,0.00042517006802722523,2352,124953288.0,374884500.0,552634056.9729588,1.474144808022794,mid,low_missing,mid_cv,0.021477475066944862,-0.021107419691317908,org_168h,"To chuc, 168h",transformer,
65.0,84.39120652982609,0.3266732314513143,0.3266732314513143,3192.0,87.77451361770551,0.25925330933675134,0.25925330933675134,3192.0,0.00042517006802722523,2352,24468360.0,281636200.0,559610500.4811924,1.9869978233521648,mid,low_missing,mid_cv,-3.383307087879416,0.06741992211456299,org_168h,"To chuc, 168h",transformer,
66.0,52.07622132688895,0.24595335276038535,0.24595335276038535,3192.0,51.981347659067076,0.27452979502705854,0.27452979502705854,3192.0,0.00042517006802722523,2352,400820672.0,649927230.0,778152794.4195032,1.1972921830416596,high,low_missing,mid_cv,0.09487366782187223,-0.02857644226667319,org_168h,"To chuc, 168h",transformer,
67.0,46.209162407103754,0.30076094232064576,0.30076094232064576,3192.0,48.95404343415287,0.29501448741435804,0.29501448741435804,3192.0,0.00042517006802722523,2352,4336411648.0,5451674000.0,4316494011.354183,0.7917740354018767,high,low_missing,low_cv,-2.744881027049118,0.0057464549062877235,org_168h,"To chuc, 168h",transformer,
68.0,33.80276429635013,0.35443037107970604,0.35443037107970604,3192.0,37.28657623266027,0.26719094546947575,0.26719094546947575,3192.0,0.00042517006802722523,2352,12443442176.0,13973830000.0,7866455815.294216,0.5629420153570551,high,low_missing,low_cv,-3.483811936310147,0.08723942561023029,org_168h,"To chuc, 168h",transformer,
69.0,39.57038403485692,0.5518358286332132,0.5518358286332132,3192.0,41.96809343534172,0.610038571174277,0.610038571174277,3192.0,0.00042517006802722523,2352,491934624.0,1166710900.0,1295871249.4897976,1.1107046622786687,high,low_missing,low_cv,-2.3977094004848,-0.05820274254106372,org_168h,"To chuc, 168h",transformer,
70.0,78.90351118075637,0.45240809717561886,0.45240809717561886,3192.0,79.87934055153448,0.4046768246667462,0.4046768246667462,3192.0,0.00042517006802722523,2352,43075336.0,407982370.0,817295733.4930755,2.0032623897439494,mid,low_missing,high_cv,-0.9758293707781149,0.04773127250887266,org_168h,"To chuc, 168h",transformer,
71.0,83.63193523697494,0.3018658254876524,0.3018658254876524,3192.0,84.76448230424434,0.3162860334995036,0.3162860334995036,3192.0,0.00042517006802722523,2352,26293048.0,110770870.0,168237752.37900394,1.5187905388973009,mid,low_missing,mid_cv,-1.1325470672693996,-0.014420208011851232,org_168h,"To chuc, 168h",transformer,
72.0,99.51035339209297,0.23693576805803607,0.23693576805803607,3192.0,102.2008197665703,-0.11976636639946608,-0.11976636639946608,3192.0,0.00042517006802722523,2352,291146.0,45859896.0,112793229.15912572,2.459517770365762,low,low_missing,high_cv,-2.6904663744773387,0.35670213445750215,org_168h,"To chuc, 168h",transformer,
73.0,70.44560984769957,0.3081732779321707,0.3081732779321707,3192.0,71.63251407235981,0.2622415408961986,0.2622415408961986,3192.0,0.00042517006802722523,2352,17676188.0,297654750.0,680433616.4765145,2.2859827095134517,low,low_missing,high_cv,-1.186904224660239,0.04593173703597209,org_168h,"To chuc, 168h",transformer,
74.0,44.03142143366359,0.407413401215788,0.407413401215788,3192.0,44.62877377544811,0.4356213101172514,0.4356213101172514,3192.0,0.00042517006802722523,2352,3109054464.0,4239169300.0,3617707094.257666,0.8534000072433215,high,low_missing,low_cv,-0.5973523417845215,-0.028207908901463408,org_168h,"To chuc, 168h",transformer,
75.0,43.71348191594021,-0.06938754574689272,-0.06938754574689272,3192.0,45.6864317269868,-0.04237847057702073,-0.04237847057702073,3192.0,0.00042517006802722523,2352,4125732864.0,4653595600.0,2773273282.496723,0.5959420397190305,high,low_missing,low_cv,-1.9729498110465897,-0.027009075169871992,org_168h,"To chuc, 168h",transformer,
76.0,74.8232335224708,0.2496677950726873,0.2496677950726873,3192.0,74.8872648177516,0.25591495882393767,0.25591495882393767,3192.0,0.00042517006802722523,2352,10908656.0,218517760.0,504893046.63840085,2.3105355218651376,low,low_missing,high_cv,-0.06403129528079887,-0.0062471637512503675,org_168h,"To chuc, 168h",transformer,
77.0,65.40213528071398,0.019563754803105567,0.019563754803105567,3192.0,66.05380435522473,0.05479519551323536,0.05479519551323536,3192.0,0.00042517006802722523,2352,177825936.0,246916130.0,362886982.206299,1.469677113219186,mid,low_missing,mid_cv,-0.6516690745107496,-0.03523144071012979,org_168h,"To chuc, 168h",transformer,
78.0,57.31130176911677,0.08576427660700947,0.08576427660700947,3192.0,59.51126289506036,0.08696929536183784,0.08696929536183784,3192.0,0.00042517006802722523,2352,1728248576.0,2447224000.0,2411467151.378641,0.9853887867697272,high,low_missing,low_cv,-2.199961125943595,-0.0012050187548283686,org_168h,"To chuc, 168h",transformer,
79.0,52.33860481367057,0.18944996570358444,0.18944996570358444,3192.0,54.25350857681767,0.23512243224315243,0.23512243224315243,3192.0,0.00042517006802722523,2352,239871440.0,370647230.0,444194511.09627455,1.198429322402911,mid,low_missing,mid_cv,-1.9149037631471018,-0.045672466539567996,org_168h,"To chuc, 168h",transformer,
80.0,31.552060867200144,0.4304819300343117,0.4304819300343117,3192.0,31.379867540434986,0.4293606871231999,0.4293606871231999,3192.0,0.00042517006802722523,2352,5534706176.0,5872196000.0,3091365714.407097,0.5264411582768602,high,low_missing,low_cv,0.1721933267651572,0.0011212429111117639,org_168h,"To chuc, 168h",transformer,
81.0,59.73967961406641,0.147870100015972,0.147870100015972,3192.0,64.08372097636548,0.07703724431327703,0.07703724431327703,3192.0,0.00042517006802722523,2352,105967672.0,173206000.0,275778357.109309,1.5921986369369943,mid,low_missing,mid_cv,-4.344041362299073,0.07083285570269497,org_168h,"To chuc, 168h",transformer,
82.0,92.55475636092682,0.13879825456356068,0.13879825456356068,3192.0,101.32325219919669,0.12953433104883424,0.12953433104883424,3192.0,0.00042517006802722523,2352,18667808.0,67671380.0,142529667.87998492,2.1062031881838035,low,low_missing,high_cv,-8.768495838269871,0.009263923514726435,org_168h,"To chuc, 168h",transformer,
83.0,109.14047872810632,-0.2686239689173018,-0.2686239689173018,3192.0,109.164667530268,-0.2406573497078365,-0.2406573497078365,3192.0,0.00042517006802722523,2352,344597216.0,758853000.0,870365671.8001314,1.1469489887708468,high,low_missing,low_cv,-0.024188802161688727,-0.027966619209465277,org_168h,"To chuc, 168h",transformer,
84.0,56.458968312008835,-0.07622900272773041,-0.07622900272773041,3191.0,56.025550145447845,-0.03039434939252977,-0.03039434939252977,3191.0,0.00042517006802722523,2352,227453360.0,269873700.0,197339368.25071535,0.7312286124050984,mid,low_missing,low_cv,0.4334181665609904,-0.045834653335200634,org_168h,"To chuc, 168h",transformer,
85.0,52.88993432250326,0.11267371304395228,0.11267371304395228,3176.0,53.98797489240585,0.13707012731919024,0.13707012731919024,3176.0,0.00042517006802722523,2352,36399148.0,115843544.0,211861011.87807974,1.8288547169972609,mid,low_missing,mid_cv,-1.0980405699025937,-0.024396414275237963,org_168h,"To chuc, 168h",transformer,
86.0,54.06164437756657,0.40186917161321994,0.40186917161321994,3188.0,55.8677172402757,0.4603534770364109,0.4603534770364109,3188.0,0.00042517006802722523,2352,359230944.0,905026000.0,1125612686.8370638,1.2437352150510894,high,low_missing,mid_cv,-1.8060728627091294,-0.05848430542319094,org_168h,"To chuc, 168h",transformer,
87.0,63.91621247498524,-0.06915456842111083,-0.06915456842111083,3192.0,63.71774038215975,-0.06874499151684997,-0.06874499151684997,3192.0,0.00042517006802722523,2352,549449472.0,864203200.0,1165673559.0461674,1.3488419842071486,high,low_missing,mid_cv,0.19847209282549017,-0.00040957690426085547,org_168h,"To chuc, 168h",transformer,
88.0,91.96120846281151,0.16595625571775144,0.16595625571775144,3192.0,94.6888249571699,0.09217991564559737,0.09217991564559737,3192.0,0.00042517006802722523,2352,225309072.0,665131300.0,808248582.8043956,1.2151714237167845,mid,low_missing,mid_cv,-2.7276164943583865,0.07377634007215407,org_168h,"To chuc, 168h",transformer,
89.0,67.45548877283447,-0.1148557989151827,-0.1148557989151827,3192.0,63.44993553410677,-0.025234809530069503,-0.025234809530069503,3192.0,0.004251700680272141,2352,527701728.0,1205502300.0,2131767121.1218092,1.7683641561369892,high,high_missing,mid_cv,4.0055532387277,-0.0896209893851132,org_168h,"To chuc, 168h",transformer,
90.0,48.75251027288933,-0.0673257621623135,-0.0673257621623135,3192.0,50.125860996051784,-0.010819419371424601,-0.010819419371424601,3192.0,0.00042517006802722523,2352,1788124800.0,2490978300.0,2339050751.210826,0.9390088815525974,high,low_missing,low_cv,-1.3733507231624529,-0.05650634279088889,org_168h,"To chuc, 168h",transformer,
91.0,76.37849977044476,0.166989752465852,0.166989752465852,3192.0,79.26796859923219,0.1887652006406052,0.1887652006406052,3192.0,0.00042517006802722523,2352,17708612.0,201015100.0,541531236.2490553,2.693982817575018,low,low_missing,high_cv,-2.889468828787429,-0.021775448174753215,org_168h,"To chuc, 168h",transformer,
92.0,96.29358682629885,0.027573956985166136,0.027573956985166136,3192.0,93.791332064542,0.03447360082862713,0.03447360082862713,3192.0,0.00042517006802722523,2352,548130.0,26223198.0,76277242.04100631,2.908769633703956,low,low_missing,high_cv,2.502254761756845,-0.006899643843460996,org_168h,"To chuc, 168h",transformer,
93.0,87.80148434166061,0.37411026963363386,0.37411026963363386,3192.0,94.68502475428416,0.2926078429423277,0.2926078429423277,3192.0,0.00042517006802722523,2352,98346928.0,1112168300.0,2190622030.186774,1.96968569486566,mid,low_missing,mid_cv,-6.883540412623546,0.08150242669130614,org_168h,"To chuc, 168h",transformer,
94.0,45.810945719441214,0.38215962833832773,0.38215962833832773,3192.0,46.60776736634498,0.4069522415355338,0.4069522415355338,3192.0,0.00042517006802722523,2352,1792081024.0,2312150800.0,2168029486.8525805,0.9376678639884848,high,low_missing,low_cv,-0.7968216469037657,-0.024792613197206048,org_168h,"To chuc, 168h",transformer,
95.0,43.13510673590908,0.36099034437991423,0.36099034437991423,3192.0,44.19976976065908,0.35055715696091916,0.35055715696091916,3192.0,0.00042517006802722523,2352,343890848.0,747355300.0,907993490.6425014,1.2149421521786505,high,low_missing,mid_cv,-1.064663024749997,0.010433187418995071,org_168h,"To chuc, 168h",transformer,
96.0,71.68202188972298,0.2618478995341211,0.2618478995341211,3192.0,75.08592451961316,0.23603446085902913,0.23603446085902913,3192.0,0.00042517006802722523,2352,51854828.0,207689470.0,343041406.52884793,1.6517033975070625,mid,low_missing,mid_cv,-3.403902629890183,0.02581343867509195,org_168h,"To chuc, 168h",transformer,
97.0,48.51636127443868,0.13205610229985446,0.13205610229985446,3192.0,51.51687959859015,0.12336138236960514,0.12336138236960514,3192.0,0.00042517006802722523,2352,1379566080.0,1958676400.0,2228368692.1507044,1.1376911197581583,high,low_missing,low_cv,-3.0005183241514715,0.008694719930249312,org_168h,"To chuc, 168h",transformer,
98.0,58.11499706418291,0.24118038971380482,0.24118038971380482,3191.0,61.1373859706097,0.2730600654296848,0.2730600654296848,3191.0,0.00042517006802722523,2352,860795456.0,1333569300.0,1410452952.2755144,1.0576525520110318,high,low_missing,low_cv,-3.022388906426791,-0.03187967571587999,org_168h,"To chuc, 168h",transformer,
99.0,88.19286244361577,0.3677801392549971,0.3677801392549971,3192.0,90.15649931334299,-0.16926200859748644,-0.16926200859748644,3192.0,0.00042517006802722523,2352,3730800.0,176505100.0,474262939.51518863,2.6869644490007984,low,low_missing,high_cv,-1.9636368697272246,0.5370421478524835,org_168h,"To chuc, 168h",transformer,
100.0,47.02126517575419,0.4098622581129601,0.4098622581129601,3192.0,47.2381041545405,0.44424327066527586,0.44424327066527586,3192.0,0.00042517006802722523,2352,73328088.0,247166720.0,406483752.4906646,1.6445731548756426,mid,mid_missing,mid_cv,-0.21683897878631342,-0.03438101255231574,org_168h,"To chuc, 168h",transformer,
101.0,47.344303104524535,0.4621981903306684,0.4621981903306684,3192.0,47.046789169114874,0.5375410219279754,0.5375410219279754,3192.0,0.00042517006802722523,2352,1177909760.0,2451284200.0,2674792429.950801,1.091180045040261,high,mid_missing,low_cv,0.2975139354096612,-0.07534283159730698,org_168h,"To chuc, 168h",transformer,
102.0,77.15498130561802,0.29856999846824217,0.29856999846824217,3192.0,78.47529554715686,0.26023236335370825,0.26023236335370825,3192.0,0.00042517006802722523,2352,8324207.0,100726184.0,225738026.8082937,2.2411057169434088,low,mid_missing,high_cv,-1.3203142415388385,0.03833763511453392,org_168h,"To chuc, 168h",transformer,
103.0,64.21756191009551,0.0362419005583639,0.0362419005583639,3192.0,69.1358762107044,0.0389918188045199,0.0389918188045199,3192.0,0.00042517006802722523,2352,43260424.0,69076130.0,89355993.72083287,1.2935871813896818,mid,mid_missing,mid_cv,-4.918314300608884,-0.0027499182461560023,org_168h,"To chuc, 168h",transformer,
104.0,35.99009017717977,0.4731811375827342,0.4731811375827342,3192.0,38.06423946227603,0.478902801904246,0.478902801904246,3192.0,0.00042517006802722523,2352,744736704.0,1168601100.0,1082206099.971202,0.9260697350738748,high,mid_missing,low_cv,-2.0741492850962544,-0.005721664321511777,org_168h,"To chuc, 168h",transformer,
105.0,51.75599844728065,0.16820322589793932,0.16820322589793932,3192.0,52.9224895100991,0.211724968391951,0.211724968391951,3192.0,0.00042517006802722523,2352,2139512320.0,2640289000.0,2395941297.025526,0.9074541746174853,high,mid_missing,low_cv,-1.1664910628184444,-0.043521742494011695,org_168h,"To chuc, 168h",transformer,
106.0,34.796519568251,0.25702311143907325,0.25702311143907325,3192.0,36.324416520966885,0.23510387159947763,0.23510387159947763,3192.0,0.00042517006802722523,2352,2423648256.0,2639775000.0,1468080870.92949,0.556138642223984,high,mid_missing,low_cv,-1.527896952715885,0.021919239839595622,org_168h,"To chuc, 168h",transformer,
107.0,87.56231935644426,0.37472382720966396,0.37472382720966396,3192.0,88.61794607551461,0.028433030510977498,0.028433030510977498,3192.0,0.00042517006802722523,2352,4295246.0,296478600.0,644630443.812567,2.1742900202810156,low,mid_missing,high_cv,-1.0556267190703466,0.34629079669868645,org_168h,"To chuc, 168h",transformer,
108.0,32.158533249071816,0.3112309254077164,0.3112309254077164,3189.0,32.32099633541235,0.3106867464331646,0.3106867464331646,3189.0,0.00042517006802722523,2352,4264395776.0,4283147500.0,1922873612.7362692,0.44893938482330614,high,mid_missing,low_cv,-0.1624630863405372,0.0005441789745518344,org_168h,"To chuc, 168h",transformer,
109.0,30.228908674988194,0.3679507991497935,0.3679507991497935,3192.0,30.89072451842236,0.37058389183093104,0.37058389183093104,3192.0,0.00042517006802722523,2352,4817604608.0,5357868500.0,2898799006.002476,0.5410358582329705,high,mid_missing,low_cv,-0.6618158434341659,-0.002633092681137539,org_168h,"To chuc, 168h",transformer,
110.0,95.81909121463129,0.039828751605583405,0.039828751605583405,3192.0,95.39855373079986,0.038559155649435996,0.038559155649435996,3192.0,0.00042517006802722523,2352,75582160.0,453475620.0,983031585.4940984,2.167771652564663,mid,mid_missing,high_cv,0.4205374838314242,0.0012695959561474096,org_168h,"To chuc, 168h",transformer,
111.0,74.86638930978046,0.08821848879597194,0.08821848879597194,3192.0,75.87039121870612,0.10286406526695979,0.10286406526695979,3192.0,0.00170068027210879,2352,211006384.0,355947170.0,415786506.3459575,1.1681129777831454,mid,high_missing,mid_cv,-1.0040019089256589,-0.014645576470987853,org_168h,"To chuc, 168h",transformer,
112.0,78.3039657266245,0.22801817052977993,0.22801817052977993,3191.0,81.77803064827144,0.19475254189042365,0.19475254189042365,3191.0,0.00042517006802722523,2352,22297708.0,109440990.0,178247409.59008545,1.6287079122061088,mid,mid_missing,mid_cv,-3.474064921646942,0.03326562863935628,org_168h,"To chuc, 168h",transformer,
113.0,32.70855459743343,0.3143944095129484,0.3143944095129484,3192.0,32.330550337891516,0.39162255496524806,0.39162255496524806,3192.0,0.00042517006802722523,2352,3454594048.0,4107693600.0,2396312838.3723936,0.5833718603160404,high,mid_missing,low_cv,0.3780042595419104,-0.07722814545229967,org_168h,"To chuc, 168h",transformer,
114.0,80.25013724786231,0.2975305069373675,0.2975305069373675,3184.0,80.63107377022241,0.29520701728088,0.29520701728088,3184.0,0.00042517006802722523,2352,138109824.0,489239800.0,829510863.714785,1.6955097482884813,mid,mid_missing,mid_cv,-0.380936522360102,0.0023234896564874874,org_168h,"To chuc, 168h",transformer,
115.0,92.33372296957634,0.26794949339427215,0.26794949339427215,3192.0,95.39786075021318,0.2648355547244648,0.2648355547244648,3192.0,0.00042517006802722523,2352,230073504.0,785851300.0,1246614416.5926275,1.586323484068258,mid,mid_missing,mid_cv,-3.064137780636841,0.003113938669807359,org_168h,"To chuc, 168h",transformer,
116.0,50.93387370249758,-0.0123270985450223,-0.0123270985450223,3192.0,52.73114115790654,-0.04055230236509053,-0.04055230236509053,3192.0,0.00042517006802722523,2352,510225728.0,601273800.0,488926971.882679,0.8131519756688131,high,mid_missing,low_cv,-1.7972674554089636,0.028225203820068233,org_168h,"To chuc, 168h",transformer,
117.0,93.75431881666282,0.21883278672848752,0.21883278672848752,3192.0,93.42165243494388,0.19807133368203966,0.19807133368203966,3192.0,0.00042517006802722523,2352,78973968.0,188543620.0,253998886.4879719,1.3471624862014522,mid,mid_missing,mid_cv,0.33266638171893703,0.02076145304644786,org_168h,"To chuc, 168h",transformer,
118.0,38.18161621285569,-0.07391847996583288,-0.07391847996583288,3192.0,38.22147547054692,-0.036169568990245836,-0.036169568990245836,3192.0,0.00042517006802722523,2352,24261752.0,26097926.0,11777882.415448105,0.45129572424445163,mid,mid_missing,low_cv,-0.03985925769123355,-0.037748910975587045,org_168h,"To chuc, 168h",transformer,
119.0,27.796112436959437,0.28732730387661026,0.28732730387661026,3192.0,28.113161854475695,0.3280603496057252,0.3280603496057252,3192.0,0.00042517006802722523,2352,5318751744.0,5993510400.0,2949740930.3211136,0.49215580410457177,high,mid_missing,low_cv,-0.3170494175162588,-0.04073304572911496,org_168h,"To chuc, 168h",transformer,
120.0,43.431422216021986,0.09745086708408911,0.09745086708408911,3192.0,44.613459078248475,0.09466442486172366,0.09466442486172366,3192.0,0.00042517006802722523,2352,677281024.0,729870600.0,456622710.9684321,0.6256214676593411,high,mid_missing,low_cv,-1.1820368622264894,0.0027864422223654456,org_168h,"To chuc, 168h",transformer,
121.0,19.907552646275033,-0.0088472741019908,-0.0088472741019908,3192.0,20.469575871749186,-0.007286455569993799,-0.007286455569993799,3192.0,0.00042517006802722523,2352,1689350.0,1735286.1,1122522.8692201502,0.6468805651403167,low,mid_missing,low_cv,-0.5620232254741531,-0.0015608185319970005,org_168h,"To chuc, 168h",transformer,
122.0,70.57703789300002,0.08053479898875222,0.08053479898875222,3192.0,73.61406592243706,0.12106125187274336,0.12106125187274336,3192.0,0.00042517006802722523,2352,74492512.0,175759090.0,296555128.025513,1.6872819004699944,mid,mid_missing,mid_cv,-3.037028029437039,-0.040526452883991135,org_168h,"To chuc, 168h",transformer,
123.0,44.71934138238379,0.28558865491743424,0.28558865491743424,3192.0,48.60910450653381,0.29375548701882004,0.29375548701882004,3192.0,0.00042517006802722523,2352,625355840.0,1138854300.0,1397225285.0085151,1.2268692486482722,high,mid_missing,mid_cv,-3.889763124150022,-0.008166832101385801,org_168h,"To chuc, 168h",transformer,
124.0,76.5245211797263,0.2254461498259808,0.2254461498259808,3192.0,80.85223030826687,0.20348414251465982,0.20348414251465982,3192.0,0.00042517006802722523,2352,189814320.0,470704350.0,626149852.0553806,1.330240201508442,mid,mid_missing,mid_cv,-4.327709128540562,0.021962007311320975,org_168h,"To chuc, 168h",transformer,
125.0,37.14994498743973,0.11904305207287642,0.11904305207287642,3191.0,38.72476359668027,0.10269286156680063,0.10269286156680063,3191.0,0.00042517006802722523,2352,1060973952.0,1162762100.0,613764326.635962,0.5278502974097268,high,mid_missing,low_cv,-1.5748186092405376,0.016350190506075793,org_168h,"To chuc, 168h",transformer,
126.0,42.40237628702704,0.206258699833654,0.206258699833654,3192.0,45.23447985691911,0.16521630576802568,0.16521630576802568,3192.0,0.00042517006802722523,2352,917639488.0,1057650700.0,718342367.5136397,0.6791867822371611,high,mid_missing,low_cv,-2.8321035698920696,0.04104239406562832,org_168h,"To chuc, 168h",transformer,
127.0,86.13930636651793,0.19132602977459778,0.19132602977459778,3192.0,89.56491448599269,0.1318904096799334,0.1318904096799334,3192.0,0.00042517006802722523,2352,6748893.0,154706670.0,336178642.3391838,2.1730067487922162,low,mid_missing,high_cv,-3.4256081194747594,0.05943562009466438,org_168h,"To chuc, 168h",transformer,
128.0,67.69611527245694,0.04664284395391816,0.04664284395391816,3192.0,67.54124258977224,0.04668033384236644,0.04668033384236644,3192.0,0.00042517006802722523,2352,212347072.0,544354240.0,992433900.3578807,1.823139836952277,mid,mid_missing,mid_cv,0.15487268268469734,-3.7489888448274944e-05,org_168h,"To chuc, 168h",transformer,
129.0,63.38460070370243,0.4063282829968568,0.4063282829968568,3192.0,66.08862933064249,0.45610259557790145,0.45610259557790145,3192.0,0.00042517006802722523,2352,137102320.0,405004500.0,601580402.5936232,1.4853671620172546,mid,mid_missing,mid_cv,-2.704028626940058,-0.049774312581044644,org_168h,"To chuc, 168h",transformer,
130.0,45.94091933628554,0.004517726091236767,0.004517726091236767,3192.0,47.44683863725038,-0.005943732718957233,-0.005943732718957233,3192.0,0.00042517006802722523,2352,840258496.0,936216900.0,567426986.3148793,0.6060849667841065,high,mid_missing,low_cv,-1.505919300964841,0.010461458810194,org_168h,"To chuc, 168h",transformer,
131.0,34.49729203613189,0.0570913166944107,0.0570913166944107,3192.0,36.656341853967795,0.07049457002191017,0.07049457002191017,3192.0,0.00042517006802722523,2352,316170368.0,408576830.0,366959277.2895112,0.8981401992208682,high,mid_missing,low_cv,-2.159049817835907,-0.013403253327499476,org_168h,"To chuc, 168h",transformer,
132.0,74.20538261884195,0.4319804083235641,0.4319804083235641,3192.0,77.85613767217866,0.3616543457960819,0.3616543457960819,3192.0,0.002125850340136015,2352,56772736.0,567920830.0,1138077551.9378111,2.0039369711618735,mid,high_missing,high_cv,-3.6507550533367095,0.07032606252748219,org_168h,"To chuc, 168h",transformer,
133.0,73.1943383377755,0.1904147018456521,0.1904147018456521,3192.0,72.33051242078176,0.23658946996800398,0.23658946996800398,3192.0,0.00042517006802722523,2352,73829864.0,163881700.0,266951199.246578,1.6289262667050872,mid,mid_missing,mid_cv,0.863825916993747,-0.046174768122351884,org_168h,"To chuc, 168h",transformer,
134.0,69.18073105520001,0.011290453564154534,0.011290453564154534,3192.0,68.93886698022406,0.022678078095723964,0.022678078095723964,3192.0,0.012755102040816313,2352,170180968.0,381651040.0,917523506.8377068,2.4040901521916638,mid,high_missing,high_cv,0.24186407497595042,-0.01138762453156943,org_168h,"To chuc, 168h",transformer,
135.0,57.238456719138476,-0.004095063450327633,-0.004095063450327633,3192.0,57.86307544883423,0.011787392983858001,0.011787392983858001,3192.0,0.00042517006802722523,2352,89302976.0,187386780.0,224401059.02119175,1.1975287383190896,mid,mid_missing,mid_cv,-0.6246187296957544,-0.015882456434185635,org_168h,"To chuc, 168h",transformer,
136.0,57.07266779897717,0.23885343724402794,0.23885343724402794,3192.0,59.7620075493334,0.26324363492211944,0.26324363492211944,3192.0,0.00042517006802722523,2352,394184960.0,673695360.0,750918958.755668,1.1146268823280423,high,mid_missing,low_cv,-2.6893397503562255,-0.024390197678091502,org_168h,"To chuc, 168h",transformer,
137.0,53.69260076332756,0.11069393424345664,0.11069393424345664,3192.0,56.74682376041664,0.16411415261646276,0.16411415261646276,3192.0,0.00042517006802722523,2352,1788469248.0,3325279200.0,4466583617.688631,1.3432206157923736,high,mid_missing,mid_cv,-3.0542229970890773,-0.05342021837300612,org_168h,"To chuc, 168h",transformer,
138.0,64.3752947426694,0.2032577722474401,0.2032577722474401,3192.0,61.39982311644027,0.25465179427253487,0.25465179427253487,3192.0,0.0012755102040816757,2352,709272512.0,1070045900.0,1138806109.1045356,1.064259133066764,high,high_missing,low_cv,2.9754716262291296,-0.05139402202509477,org_168h,"To chuc, 168h",transformer,
139.0,76.92248994826518,0.31332213734014003,0.31332213734014003,3192.0,80.61939526601766,0.277879641784875,0.277879641784875,3192.0,0.00042517006802722523,2352,12306601.0,271198000.0,706068999.9106858,2.6035183085951696,low,mid_missing,high_cv,-3.6969053177524813,0.03544249555526502,org_168h,"To chuc, 168h",transformer,
140.0,114.14092575388503,0.25821216871914965,0.25821216871914965,1916.0,159.28797428350535,0.2257456880739063,0.2257456880739063,1916.0,0.00042517006802722523,2352,10020610.0,168931000.0,337547108.860036,1.9981358831413356,low,mid_missing,mid_cv,-45.14704852962032,0.03246648064524335,org_168h,"To chuc, 168h",transformer,
141.0,60.534961887685846,0.2527842170192595,0.2527842170192595,3192.0,62.83469639170058,0.28738815927830225,0.28738815927830225,3192.0,0.00042517006802722523,2352,266214528.0,422466080.0,568643810.3510723,1.3460105728513692,high,mid_missing,mid_cv,-2.2997345040147366,-0.03460394225904273,org_168h,"To chuc, 168h",transformer,
142.0,56.665952241531905,0.1338610112510422,0.1338610112510422,3192.0,58.7187206059987,0.13524631763881892,0.13524631763881892,3192.0,0.00042517006802722523,2352,29567384.0,86942344.0,253809930.71478954,2.91929017596753,mid,mid_missing,high_cv,-2.052768364466793,-0.0013853063877767302,org_168h,"To chuc, 168h",transformer,
143.0,75.44997424977323,0.0657453456667685,0.0657453456667685,3192.0,74.81698295474625,0.07852362186099422,0.07852362186099422,3192.0,0.00042517006802722523,2352,103466512.0,206370450.0,314684048.2758482,1.524850342311842,mid,mid_missing,mid_cv,0.6329912950269829,-0.012778276194225724,org_168h,"To chuc, 168h",transformer,
144.0,85.33729121502965,0.28646259748246655,0.28646259748246655,3192.0,84.69692785263953,0.30553608293688495,0.30553608293688495,3192.0,0.00042517006802722523,2352,222879808.0,408173000.0,527351714.70192283,1.2919809125977715,mid,mid_missing,mid_cv,0.6403633623901186,-0.019073485454418393,org_168h,"To chuc, 168h",transformer,
145.0,70.5227072592886,0.4057565525031788,0.4057565525031788,3192.0,90.12721951547589,0.2601725142316718,0.2601725142316718,3192.0,0.00042517006802722523,2352,18885668.0,200041490.0,352402484.1891597,1.7616469848952518,mid,mid_missing,mid_cv,-19.60451225618729,0.145584038271507,org_168h,"To chuc, 168h",transformer,
146.0,74.35072111542708,0.19633482970779323,0.19633482970779323,3192.0,72.69000003800357,0.21073312688944168,0.21073312688944168,3192.0,0.00042517006802722523,2352,155626160.0,248543040.0,506342377.7884625,2.037242232928601,mid,mid_missing,high_cv,1.6607210774235028,-0.01439829718164845,org_168h,"To chuc, 168h",transformer,
147.0,84.2870561862867,0.36254431851773067,0.36254431851773067,3192.0,87.4298048300523,0.2328284155369301,0.2328284155369301,3192.0,0.00042517006802722523,2352,31980364.0,543762600.0,1130973836.5672162,2.079903595152609,mid,mid_missing,high_cv,-3.1427486437656,0.12971590298080057,org_168h,"To chuc, 168h",transformer,
148.0,81.93720337686267,0.07832259998353626,0.07832259998353626,3192.0,79.60349392516379,0.06291055049981593,0.06291055049981593,3192.0,0.005952380952380931,2352,1505558.5,145371710.0,552094660.4461813,3.7978135694390205,low,high_missing,high_cv,2.33370945169888,0.015412049483720325,org_168h,"To chuc, 168h",transformer,
149.0,86.6459648716624,0.2502222405423169,0.2502222405423169,3192.0,81.49935408153446,0.2070202529253495,0.2070202529253495,3192.0,0.00042517006802722523,2352,135736064.0,328909280.0,388344406.33742553,1.1807037075312241,mid,mid_missing,mid_cv,5.146610790127937,0.04320198761696739,org_168h,"To chuc, 168h",transformer,
150.0,84.86068435057517,0.2251652736879072,0.2251652736879072,3192.0,82.92092111007355,0.2346817238659409,0.2346817238659409,3192.0,0.0012755102040816757,2352,8033899.0,68276890.0,153585897.82950768,2.2494566218294496,low,high_missing,high_cv,1.9397632405016196,-0.009516450178033709,org_168h,"To chuc, 168h",transformer,
151.0,85.37534145261412,0.34598963849165215,0.34598963849165215,3192.0,86.36422619908812,0.06989372732257816,0.06989372732257816,3192.0,0.00042517006802722523,2352,4089158.0,136572580.0,301346602.49565965,2.2064942415354283,low,mid_missing,high_cv,-0.9888847464739996,0.276095911169074,org_168h,"To chuc, 168h",transformer,
152.0,90.88289590986646,0.19387694494664073,0.19387694494664073,3191.0,91.0755919343682,-0.06744904927667468,-0.06744904927667468,3191.0,0.008928571428571397,2352,560994880.0,922682400.0,938298896.963865,1.0169251407694235,high,high_missing,low_cv,-0.1926960245017426,0.2613259942233154,org_168h,"To chuc, 168h",transformer,
153.0,61.86285515924626,0.11810636581135585,0.11810636581135585,3192.0,61.214319745168666,0.16509065922544472,0.16509065922544472,3192.0,0.00042517006802722523,2352,105350720.0,170235070.0,230033910.74263582,1.3512721441010453,mid,mid_missing,mid_cv,0.6485354140775925,-0.04698429341408887,org_168h,"To chuc, 168h",transformer,
154.0,72.2772993097185,0.19944741801805907,0.19944741801805907,3192.0,79.00575838883934,0.1982902954602518,0.1982902954602518,3192.0,0.00042517006802722523,2352,29449300.0,93910950.0,187938857.46142104,2.0012453655184013,mid,mid_missing,high_cv,-6.728459079120839,0.001157122557807283,org_168h,"To chuc, 168h",transformer,
155.0,65.5144917575252,0.12058947478236974,0.12058947478236974,3192.0,66.40530076501359,0.14397131806499966,0.14397131806499966,3192.0,0.00042517006802722523,2352,170544304.0,255215630.0,283962304.89940447,1.1126368031383143,mid,mid_missing,low_cv,-0.8908090074883859,-0.02338184328262992,org_168h,"To chuc, 168h",transformer,
156.0,37.47770314169682,0.16972703469893402,0.16972703469893402,3192.0,38.477928004834894,0.1700478147407101,0.1700478147407101,3192.0,0.00042517006802722523,2352,1282029184.0,1508624400.0,1132582521.7859077,0.7507385760151599,high,mid_missing,low_cv,-1.0002248631380724,-0.00032078004177607533,org_168h,"To chuc, 168h",transformer,
157.0,72.74365476173216,0.34085711367716803,0.34085711367716803,3192.0,75.42162751056799,0.27078907963760296,0.27078907963760296,3192.0,0.00042517006802722523,2352,4747801.0,80467100.0,199140453.80697665,2.474805776618687,low,mid_missing,high_cv,-2.6779727488358276,0.07006803403956507,org_168h,"To chuc, 168h",transformer,
158.0,74.34347437550912,0.33813471798387545,0.33813471798387545,3192.0,75.42370781358221,0.3250701232181549,0.3250701232181549,3192.0,0.00042517006802722523,2352,4038943.0,43048310.0,85967200.6914308,1.9969935334846767,low,mid_missing,mid_cv,-1.080233438073094,0.013064594765720527,org_168h,"To chuc, 168h",transformer,
159.0,84.45471028339794,0.019522245584070466,0.019522245584070466,3192.0,88.23282600367209,0.03532079835720087,0.03532079835720087,3192.0,0.00042517006802722523,2352,2993587.0,53472468.0,205963407.60774526,3.8517655030948874,low,mid_missing,high_cv,-3.778115720274144,-0.0157985527731304,org_168h,"To chuc, 168h",transformer,
160.0,58.59737096571347,-0.02125846896588617,-0.02125846896588617,3192.0,66.7195933700259,-0.00012774649003390007,-0.00012774649003390007,3192.0,0.00042517006802722523,2352,29745526.0,87865770.0,199734061.20822036,2.273172655911007,mid,mid_missing,high_cv,-8.122222404312431,-0.02113072247585227,org_168h,"To chuc, 168h",transformer,
161.0,78.20956071770212,0.4232682238315721,0.4232682238315721,3192.0,84.15121896426884,0.313882069860449,0.313882069860449,3192.0,0.00042517006802722523,2352,7829216.0,168781390.0,370673736.33430153,2.1961765567989957,low,mid_missing,high_cv,-5.941658246566718,0.10938615397112311,org_168h,"To chuc, 168h",transformer,
162.0,85.12456917552076,0.04285594449418987,0.04285594449418987,3192.0,83.84651830651217,0.07586580295323543,0.07586580295323543,3192.0,0.00042517006802722523,2352,318048.0,12483672.0,37573348.6249574,3.0097994103784047,low,mid_missing,high_cv,1.2780508690085952,-0.03300985845904556,org_168h,"To chuc, 168h",transformer,
163.0,84.50756576911864,0.052447523880846364,0.052447523880846364,3192.0,89.86718789661161,0.05433787227774709,0.05433787227774709,3192.0,0.00042517006802722523,2352,3067054.0,54265676.0,208381373.0529371,3.840021693509118,low,mid_missing,high_cv,-5.359622127492969,-0.0018903483969007276,org_168h,"To chuc, 168h",transformer,
164.0,52.199270123693644,0.22488704698309606,0.22488704698309606,3192.0,52.30122560292882,0.24101650386448134,0.24101650386448134,3192.0,0.00042517006802722523,2352,634453120.0,1049892300.0,1290089069.459709,1.2287823086283198,high,mid_missing,mid_cv,-0.10195547923517267,-0.016129456881385285,org_168h,"To chuc, 168h",transformer,
165.0,58.092272695656014,0.1757814339180722,0.1757814339180722,3192.0,66.42180468575305,0.2048254862128954,0.2048254862128954,3192.0,0.0025510204081632404,2352,648681184.0,882162500.0,1051195633.9571444,1.1916122468633539,high,high_missing,mid_cv,-8.329531990097031,-0.02904405229482321,org_168h,"To chuc, 168h",transformer,
166.0,85.73467802201925,0.0333779000369967,0.0333779000369967,3192.0,83.4719413669096,0.0306003537652778,0.0306003537652778,3192.0,0.00042517006802722523,2352,166351952.0,216285340.0,213899828.60813215,0.9889705176146015,mid,mid_missing,low_cv,2.2627366551096486,0.0027775462717188996,org_168h,"To chuc, 168h",transformer,
167.0,62.36007967318684,0.17969583941494385,0.17969583941494385,3192.0,64.36374176969531,0.15382966631762354,0.15382966631762354,3192.0,0.00042517006802722523,2352,336944960.0,696116000.0,1057176511.0252012,1.5186787254177758,high,mid_missing,mid_cv,-2.003662096508471,0.02586617309732031,org_168h,"To chuc, 168h",transformer,
168.0,45.96019659478325,0.10426943957760193,0.10426943957760193,3192.0,48.113814494077296,0.12338907363663847,0.12338907363663847,3192.0,0.00042517006802722523,2352,990889664.0,1181070800.0,912155532.1413983,0.7723122907368537,high,mid_missing,low_cv,-2.153617899294048,-0.019119634059036536,org_168h,"To chuc, 168h",transformer,
169.0,63.81601478526548,-0.05835493020102356,-0.05835493020102356,3192.0,62.4960241429441,0.029384530496256268,0.029384530496256268,3192.0,0.00042517006802722523,2352,511791104.0,662049540.0,583220383.9740869,0.8809316407014095,high,mid_missing,low_cv,1.319990642321379,-0.08773946069727982,org_168h,"To chuc, 168h",transformer,
170.0,69.52423431700454,0.08205333393866954,0.08205333393866954,3192.0,69.9604669013655,0.07361702649525999,0.07361702649525999,3192.0,0.00042517006802722523,2352,57005884.0,139106910.0,295367673.9480323,2.123314145224015,mid,mid_missing,high_cv,-0.43623258436096535,0.00843630744340955,org_168h,"To chuc, 168h",transformer,
171.0,50.9908010125069,0.2476948760764109,0.2476948760764109,3192.0,52.64498967594835,0.22531557906203795,0.22531557906203795,3192.0,0.00042517006802722523,2352,205235328.0,311161600.0,318685678.2397581,1.0241806130311648,mid,mid_missing,low_cv,-1.6541886634414524,0.022379297014372967,org_168h,"To chuc, 168h",transformer,
172.0,96.62968789310759,-0.22389309321773235,-0.22389309321773235,3192.0,96.83968535216827,-0.1936102596989072,-0.1936102596989072,3192.0,0.00042517006802722523,2352,461794240.0,612505340.0,581145263.1084918,0.9488003146442617,high,mid_missing,low_cv,-0.20999745906068767,-0.03028283351882516,org_168h,"To chuc, 168h",transformer,
173.0,99.6344336957701,0.12320299199380935,0.12320299199380935,3192.0,101.91099376253236,0.07145513748843436,0.07145513748843436,3192.0,0.00042517006802722523,2352,92457352.0,990033150.0,2145217808.4613035,2.1668141153936866,mid,mid_missing,high_cv,-2.276560066762258,0.05174785450537499,org_168h,"To chuc, 168h",transformer,
175.0,47.276079765184875,0.346519533726574,0.346519533726574,3192.0,49.29989598280496,0.29840183189436836,0.29840183189436836,3192.0,0.00042517006802722523,2352,1048037504.0,1595525500.0,1599572038.528228,1.0025361766503158,high,mid_missing,low_cv,-2.0238162176200873,0.04811770183220565,org_168h,"To chuc, 168h",transformer,
176.0,57.51110464067508,0.01641536482947423,0.01641536482947423,3192.0,58.961936006676474,0.0015644602422239997,0.0015644602422239997,3192.0,0.00042517006802722523,2352,144122608.0,221985020.0,350213134.46685857,1.57764306869124,mid,mid_missing,mid_cv,-1.4508313660013954,0.014850904587250231,org_168h,"To chuc, 168h",transformer,
177.0,71.89138006790824,0.14669810942201691,0.14669810942201691,3192.0,105.32288901624594,0.068776273037408,0.068776273037408,3192.0,0.00042517006802722523,2352,22598084.0,149213840.0,336662115.06682044,2.256239200511296,mid,mid_missing,high_cv,-33.431508948337694,0.07792183638460891,org_168h,"To chuc, 168h",transformer,
178.0,41.13940083840199,0.2505961126763628,0.2505961126763628,3192.0,42.421279702145036,0.20720119959954866,0.20720119959954866,3192.0,0.00042517006802722523,2352,672248640.0,788877630.0,554617364.2537848,0.7030461275061032,high,mid_missing,low_cv,-1.2818788637430458,0.04339491307681412,org_168h,"To chuc, 168h",transformer,
179.0,48.36457791300992,0.25281010970728995,0.25281010970728995,3192.0,52.6939255464437,0.26069211478018783,0.26069211478018783,3192.0,0.00042517006802722523,2352,651137088.0,1005523400.0,1063874536.0069032,1.0580306181548318,high,mid_missing,low_cv,-4.329347633433784,-0.00788200507289788,org_168h,"To chuc, 168h",transformer,
180.0,78.88643738956826,0.0291134365540565,0.0291134365540565,3192.0,79.48062965682539,0.0412425008816714,0.0412425008816714,3192.0,0.00042517006802722523,2352,116166704.0,189987070.0,252275759.33452424,1.3278575046123362,mid,mid_missing,mid_cv,-0.594192267257128,-0.012129064327614895,org_168h,"To chuc, 168h",transformer,
181.0,74.75031775798918,-0.03400563885445283,-0.03400563885445283,3190.0,77.25616307914474,-0.03501988347917281,-0.03501988347917281,3190.0,0.00042517006802722523,2352,157261136.0,534036100.0,1143349282.3426898,2.1409588057933258,mid,mid_missing,high_cv,-2.5058453211555616,0.0010142446247199746,org_168h,"To chuc, 168h",transformer,
182.0,33.97308098377275,-0.03065897903678513,-0.03065897903678513,3192.0,35.439145322791546,-0.035635818125545865,-0.035635818125545865,3192.0,0.00042517006802722523,2352,26399.0,28512.762,48004.23184486949,1.6836051280610218,low,mid_missing,mid_cv,-1.4660643390187929,0.004976839088760735,org_168h,"To chuc, 168h",transformer,
183.0,87.75011674747607,0.22035679032320674,0.22035679032320674,3192.0,85.54521751821592,0.2679900714024636,0.2679900714024636,3192.0,0.00042517006802722523,2352,13958300.0,108142560.0,202413205.30321375,1.8717256675190022,low,mid_missing,mid_cv,2.2048992292601497,-0.04763328107925688,org_168h,"To chuc, 168h",transformer,
184.0,63.28914227688668,0.18569918847647818,0.18569918847647818,3192.0,65.05038303832787,0.19743809498024747,0.19743809498024747,3192.0,0.00042517006802722523,2352,212615808.0,429642850.0,662055449.6547952,1.5409437227610854,mid,mid_missing,mid_cv,-1.7612407614411865,-0.011738906503769297,org_168h,"To chuc, 168h",transformer,
185.0,85.7268990526544,0.05959856175164966,0.05959856175164966,3192.0,93.2940564900393,0.06711876720577366,0.06711876720577366,3192.0,0.00042517006802722523,2352,52322540.0,155341140.0,228597026.05373475,1.4715807540749204,mid,mid_missing,mid_cv,-7.567157437384893,-0.007520205454123997,org_168h,"To chuc, 168h",transformer,
186.0,60.305538179585064,0.17513168305982116,0.17513168305982116,3192.0,61.204791431597755,0.2160131300592976,0.2160131300592976,3192.0,0.00042517006802722523,2352,122625296.0,318529570.0,418550656.50217164,1.3140088034218902,mid,mid_missing,mid_cv,-0.8992532520126915,-0.040881446999476434,org_168h,"To chuc, 168h",transformer,
187.0,55.157234047864335,0.0146754254356511,0.0146754254356511,3192.0,56.76881025740851,0.02470864340258863,0.02470864340258863,3192.0,0.00042517006802722523,2352,242286816.0,301579500.0,317351369.00548196,1.0522975919551993,mid,mid_missing,low_cv,-1.6115762095441752,-0.010033217966937532,org_168h,"To chuc, 168h",transformer,
188.0,54.20640774462955,-0.004242799467637934,-0.004242799467637934,3192.0,56.45440311245411,-0.010151733458625268,-0.010151733458625268,3192.0,0.00042517006802722523,2352,39688816.0,67223050.0,221041944.6496721,3.288186882714275,mid,mid_missing,high_cv,-2.247995367824558,0.005908933990987334,org_168h,"To chuc, 168h",transformer,
189.0,97.77984776984418,0.2085095029095151,0.2085095029095151,3192.0,97.2471937929299,-0.13633204683163594,-0.13633204683163594,3192.0,0.00042517006802722523,2352,2714966.0,179223490.0,509600049.54320097,2.8433775909059475,low,mid_missing,high_cv,0.5326539769142755,0.344841549741151,org_168h,"To chuc, 168h",transformer,
190.0,81.43654109653171,0.1603615806912707,0.1603615806912707,3192.0,82.37336115304714,0.1814720561381462,0.1814720561381462,3192.0,0.00042517006802722523,2352,5935142.0,37320324.0,74875746.80713375,2.006299484622206,low,mid_missing,high_cv,-0.9368200565154297,-0.0211104754468755,org_168h,"To chuc, 168h",transformer,
191.0,81.4336283289248,0.2217763295978673,0.2217763295978673,3192.0,115.37885522475284,0.05412179828196347,0.05412179828196347,3192.0,0.004251700680272141,2352,1642282.0,95934520.0,230618092.2418072,2.4039114621286184,low,high_missing,high_cv,-33.94522689582804,0.16765453131590383,org_168h,"To chuc, 168h",transformer,
192.0,43.30381057869687,0.11297950988773643,0.11297950988773643,3192.0,72.17972540044869,-0.5283374973826936,-0.5283374973826936,3192.0,0.00042517006802722523,2352,8530974.0,11035918.0,16886130.703085184,1.5301065759173984,low,mid_missing,mid_cv,-28.87591482175182,0.6413170072704301,org_168h,"To chuc, 168h",transformer,
193.0,44.82340906738754,0.024208255941279604,0.024208255941279604,3192.0,46.22661618737823,0.0274496014017345,0.0274496014017345,3192.0,0.00042517006802722523,2352,829556224.0,922555500.0,540655159.0458249,0.5860407827225671,high,mid_missing,low_cv,-1.4032071199906895,-0.003241345460454896,org_168h,"To chuc, 168h",transformer,
194.0,59.5933556968661,0.38211771658961197,0.38211771658961197,3192.0,59.55263520350937,0.4172859096631723,0.4172859096631723,3192.0,0.00042517006802722523,2352,31727228.0,115847550.0,189365898.20753676,1.634612859212914,mid,mid_missing,mid_cv,0.04072049335673,-0.03516819307356034,org_168h,"To chuc, 168h",transformer,
195.0,69.532342386665,0.16402443483753568,0.16402443483753568,3192.0,72.49740667380996,0.16681147086011008,0.16681147086011008,3192.0,0.00042517006802722523,2352,13088502.0,41985730.0,77031368.74178678,1.8347036579141078,low,mid_missing,mid_cv,-2.965064287144969,-0.0027870360225744073,org_168h,"To chuc, 168h",transformer,
196.0,71.59139084331476,0.3473280390401537,0.3473280390401537,3192.0,72.18987379413879,0.3441137420681313,0.3441137420681313,3192.0,0.00042517006802722523,2352,23276524.0,147255340.0,280072542.81630945,1.9019516386197126,mid,mid_missing,mid_cv,-0.5984829508240352,0.0032142969720224124,org_168h,"To chuc, 168h",transformer,
197.0,88.17716274825769,0.06688795223073964,0.06688795223073964,3192.0,91.77038485296019,0.07576573771245176,0.07576573771245176,3192.0,0.00042517006802722523,2352,1598875.0,39003664.0,83117242.02768315,2.1310111282797215,low,mid_missing,high_cv,-3.5932221047025052,-0.008877785481712128,org_168h,"To chuc, 168h",transformer,
198.0,79.48271442163373,0.31512908321881816,0.31512908321881816,3192.0,80.56790487648269,0.3003021405332327,0.3003021405332327,3192.0,0.00042517006802722523,2352,123240768.0,390882780.0,631515214.3310736,1.6156127621396434,mid,mid_missing,mid_cv,-1.0851904548489557,0.014826942685585487,org_168h,"To chuc, 168h",transformer,
199.0,77.69464746435354,0.19489076109918788,0.19489076109918788,3192.0,76.41527031559474,0.20861315257447013,0.20861315257447013,3192.0,0.00042517006802722523,2352,54627092.0,228762860.0,324579366.66253155,1.4188464027209047,mid,mid_missing,mid_cv,1.2793771487587975,-0.013722391475282258,org_168h,"To chuc, 168h",transformer,
200.0,64.19694620858088,-0.036891238876875364,-0.036891238876875364,3192.0,72.70703224090157,-0.0909299433781311,-0.0909299433781311,3192.0,0.00042517006802722523,2352,347117184.0,462867260.0,507435473.15353674,1.0962872352829358,high,mid_missing,low_cv,-8.510086032320686,0.05403870450125573,org_168h,"To chuc, 168h",transformer,
201.0,81.98239961937416,0.009178690695769933,0.009178690695769933,3192.0,83.82175959244711,0.0192836956983817,0.0192836956983817,3192.0,0.00042517006802722523,2352,130427008.0,293225660.0,503254490.97115225,1.7162702749345713,mid,mid_missing,mid_cv,-1.8393599730729449,-0.010105005002611767,org_168h,"To chuc, 168h",transformer,
202.0,84.39101797541332,0.16413727917374796,0.16413727917374796,3168.0,108.30974909978238,0.13335402151333797,0.13335402151333797,3168.0,0.00042517006802722523,2352,106725912.0,356114050.0,792467070.8152537,2.2253181958585744,mid,mid_missing,high_cv,-23.91873112436906,0.030783257660409985,org_168h,"To chuc, 168h",transformer,
203.0,90.85038054576425,0.014641632332616632,0.014641632332616632,3192.0,93.27285111651497,-0.7120503407528483,-0.7120503407528483,3192.0,0.00042517006802722523,2352,251951712.0,473082780.0,606114567.4775678,1.2812019121743559,high,mid_missing,mid_cv,-2.4224705707507184,0.726691973085465,org_168h,"To chuc, 168h",transformer,
204.0,96.19887133866371,-0.008864638567868,-0.008864638567868,3192.0,92.18562056563661,-0.005695646716497534,-0.005695646716497534,3192.0,0.00042517006802722523,2352,6153948.0,78815450.0,320611369.08608603,4.067874727884387,low,high_missing,high_cv,4.013250773027096,-0.0031689918513704667,org_168h,"To chuc, 168h",transformer,
205.0,63.73322772341174,0.2202883981694492,0.2202883981694492,3192.0,65.21878710909596,0.22316843044880327,0.22316843044880327,3192.0,0.00042517006802722523,2352,87418176.0,242255940.0,406422115.2140396,1.6776559613962962,mid,high_missing,mid_cv,-1.485559385684219,-0.0028800322793540722,org_168h,"To chuc, 168h",transformer,
206.0,69.66949963261895,0.24213915170117936,0.24213915170117936,3189.0,74.48866607944153,0.23573574951733964,0.23573574951733964,3189.0,0.00042517006802722523,2352,36155936.0,166912370.0,346315893.6642641,2.07483662123986,mid,high_missing,high_cv,-4.819166446822578,0.006403402183839724,org_168h,"To chuc, 168h",transformer,
207.0,92.26843517402409,0.27621014751380196,0.27621014751380196,3192.0,100.0507549241196,0.30869689052954846,0.30869689052954846,3192.0,0.00042517006802722523,2352,3446266.0,84397090.0,197785884.50499794,2.3435155073715097,low,high_missing,high_cv,-7.78231975009551,-0.0324867430157465,org_168h,"To chuc, 168h",transformer,
208.0,99.33662706361712,0.14248521517625765,0.14248521517625765,3192.0,93.83117566383775,-0.0003946434830349362,-0.0003946434830349362,3192.0,0.00042517006802722523,2352,217171984.0,570976100.0,767147381.5581261,1.3435717255733082,mid,high_missing,mid_cv,5.505451399779361,0.1428798586592926,org_168h,"To chuc, 168h",transformer,
209.0,50.86487785159778,0.007027842391792834,0.007027842391792834,3188.0,50.45156295387631,0.0037442023974035656,0.0037442023974035656,3188.0,0.00042517006802722523,2352,1201399808.0,1318536000.0,786508066.892261,0.5965010474255751,high,high_missing,low_cv,0.41331489772147023,0.003283639994389268,org_168h,"To chuc, 168h",transformer,
210.0,55.3897545885776,0.2583289493632365,0.2583289493632365,3192.0,55.95778365773427,0.2771600913888652,0.2771600913888652,3192.0,0.00042517006802722523,2352,93622024.0,196366620.0,236474150.94899938,1.2042481870493398,mid,high_missing,mid_cv,-0.5680290691566654,-0.01883114202562869,org_168h,"To chuc, 168h",transformer,
211.0,88.13302681218268,0.05022842765079107,0.05022842765079107,3192.0,98.98528741461706,-0.033382661738899,-0.033382661738899,3192.0,0.00042517006802722523,2352,28717080.0,161166500.0,650443132.415869,4.03584583991867,mid,high_missing,high_cv,-10.852260602434384,0.08361108938969007,org_168h,"To chuc, 168h",transformer,
212.0,29.811380728191484,-0.035466639840349534,-0.035466639840349534,3192.0,33.837775944885294,-0.050911542015206236,-0.050911542015206236,3192.0,0.00042517006802722523,2352,238426128.0,273126430.0,140917048.6449988,0.5159407224453428,mid,high_missing,low_cv,-4.02639521669381,0.015444902174856702,org_168h,"To chuc, 168h",transformer,
213.0,67.00766839077546,0.029607086921364798,0.029607086921364798,3192.0,69.64250100458732,0.047505110647667464,0.047505110647667464,3192.0,0.00042517006802722523,2352,48163168.0,150285900.0,307102879.454891,2.043457644935822,mid,high_missing,high_cv,-2.6348326138118523,-0.017898023726302666,org_168h,"To chuc, 168h",transformer,
214.0,86.48207438680737,0.39218724400103083,0.39218724400103083,3191.0,94.50436538568754,0.3233951093215421,0.3233951093215421,3191.0,0.00042517006802722523,2352,32419728.0,209588130.0,394908469.4894719,1.8842120174357964,mid,high_missing,mid_cv,-8.022290998880166,0.06879213467948875,org_168h,"To chuc, 168h",transformer,
215.0,73.51336510501869,-0.0728780013798454,-0.0728780013798454,3192.0,74.80979187002106,-0.0027833385520293,-0.0027833385520293,3192.0,0.00042517006802722523,2352,470172768.0,680461630.0,864878819.1028643,1.2710177597535202,high,high_missing,mid_cv,-1.2964267650023658,-0.07009466282781611,org_168h,"To chuc, 168h",transformer,
216.0,73.83498352245671,0.34294684277512505,0.34294684277512505,3192.0,95.02214604767109,0.21918414986367854,0.21918414986367854,3192.0,0.00042517006802722523,2352,4321738.0,95106020.0,203588923.6016881,2.140652423098956,low,high_missing,high_cv,-21.187162525214376,0.12376269291144651,org_168h,"To chuc, 168h",transformer,
217.0,99.20892166230512,0.21543485872039805,0.21543485872039805,3192.0,140.92360439921364,-0.10362610519294142,-0.10362610519294142,3192.0,0.004251700680272141,2352,553442.0,2208522.2,4182661.5386228543,1.8938733982068119,low,high_missing,mid_cv,-41.71468273690853,0.3190609639133395,org_168h,"To chuc, 168h",transformer,
218.0,53.71909427363895,-0.04457645580613954,-0.04457645580613954,3192.0,55.5109623485404,-0.033016411217083465,-0.033016411217083465,3192.0,0.00042517006802722523,2352,253914816.0,298500130.0,230528546.6671437,0.7722896074173332,high,high_missing,low_cv,-1.7918680749014513,-0.011560044589056073,org_168h,"To chuc, 168h",transformer,
219.0,90.3332655276758,0.13974360373193415,0.13974360373193415,3190.0,88.2737920108619,0.1450564651343057,0.1450564651343057,3190.0,0.00042517006802722523,2352,58796084.0,243689920.0,404520862.4080383,1.6599819246033578,mid,high_missing,mid_cv,2.0594735168139096,-0.005312861402371555,org_168h,"To chuc, 168h",transformer,
220.0,63.71678148728711,0.2781699242183109,0.2781699242183109,3192.0,62.89364681506004,0.32761418942293097,0.32761418942293097,3192.0,0.00042517006802722523,2352,9050326.0,76618490.0,152879041.67901194,1.9953283557228634,low,high_missing,mid_cv,0.82313467222707,-0.049444265204620086,org_168h,"To chuc, 168h",transformer,
221.0,92.22040820313633,0.2520490679883294,0.2520490679883294,3192.0,98.25270047007092,0.1662591572600657,0.1662591572600657,3192.0,0.00042517006802722523,2352,7079859.0,67089420.0,149878014.00791228,2.234003722314372,low,high_missing,high_cv,-6.03229226693459,0.08578991072826367,org_168h,"To chuc, 168h",transformer,
222.0,72.61182778919594,0.34340260341072765,0.34340260341072765,3192.0,80.21267372739251,0.31169451648030416,0.31169451648030416,3192.0,0.00042517006802722523,2352,463451456.0,752484500.0,914369720.8124024,1.215134325178909,high,high_missing,mid_cv,-7.600845938196571,0.031708086930423485,org_168h,"To chuc, 168h",transformer,
223.0,75.40894704615965,0.42607485970380216,0.42607485970380216,3192.0,75.57724887779892,0.4267477682609988,0.4267477682609988,3192.0,0.00042517006802722523,2352,11333830.0,157552720.0,305965338.05041075,1.9419870253614837,low,high_missing,mid_cv,-0.16830183163926904,-0.0006729085571966498,org_168h,"To chuc, 168h",transformer,
224.0,58.146844124416724,0.4492289252989279,0.4492289252989279,3192.0,58.93526913595667,0.4737199228448817,0.4737199228448817,3192.0,0.00042517006802722523,2352,65360120.0,256960830.0,373223294.3585572,1.45245207782701,mid,high_missing,mid_cv,-0.7884250115399496,-0.024490997545953797,org_168h,"To chuc, 168h",transformer,
225.0,69.16485046897326,-0.15049010643694102,-0.15049010643694102,3192.0,68.68317138633324,-0.12091379147323238,-0.12091379147323238,3192.0,0.00042517006802722523,2352,1041973568.0,1181858200.0,793708111.1776688,0.6715764440230676,high,high_missing,low_cv,0.4816790826400137,-0.029576314963708647,org_168h,"To chuc, 168h",transformer,
226.0,70.90922529355015,-0.021056153031055833,-0.021056153031055833,3192.0,64.53348571379259,-0.021327462843752032,-0.021327462843752032,3192.0,0.00042517006802722523,2352,633280.0,18570278.0,114382931.23223744,6.159462514898132,low,high_missing,high_cv,6.375739579757564,0.00027130981269619936,org_168h,"To chuc, 168h",transformer,
227.0,62.12662462445525,-0.010351582396507632,-0.010351582396507632,3192.0,62.778362864212944,0.006129132236775533,0.006129132236775533,3192.0,0.00042517006802722523,2352,137660672.0,179628750.0,207307389.3913206,1.1540880125433404,mid,high_missing,low_cv,-0.651738239757691,-0.016480714633283166,org_168h,"To chuc, 168h",transformer,
228.0,45.294919325765754,0.3337351254308678,0.3337351254308678,3192.0,46.245102974694355,0.31281867981004025,0.31281867981004025,3192.0,0.00042517006802722523,2352,18391264.0,88899496.0,150730061.1236843,1.6955108623302464,low,high_missing,mid_cv,-0.9501836489286006,0.020916445620827562,org_168h,"To chuc, 168h",transformer,
229.0,52.911124386980326,0.05355793333372224,0.05355793333372224,3192.0,54.71585210400443,0.0630672890005297,0.0630672890005297,3192.0,0.00042517006802722523,2352,396520192.0,495431520.0,525215117.8621516,1.0601164775752492,high,high_missing,low_cv,-1.8047277170241074,-0.00950935566680746,org_168h,"To chuc, 168h",transformer,
230.0,38.63119576759028,0.14282724805457028,0.14282724805457028,3192.0,39.96921386323995,0.1463308957528213,0.1463308957528213,3192.0,0.00042517006802722523,2352,1324782336.0,1492722400.0,909561556.0480573,0.6093306676107199,high,high_missing,low_cv,-1.338018095649673,-0.003503647698251011,org_168h,"To chuc, 168h",transformer,
231.0,65.60734487240613,0.09797172204139733,0.09797172204139733,3188.0,68.00342852284318,0.1048703752779439,0.1048703752779439,3188.0,0.00042517006802722523,2352,12151447.0,97395770.0,252744926.67738283,2.5950298649257824,low,high_missing,high_cv,-2.396083650437049,-0.006898653236546579,org_168h,"To chuc, 168h",transformer,
232.0,65.3172975321761,-0.016544846252507368,-0.016544846252507368,3192.0,65.39839483900613,-0.0017748935734220666,-0.0017748935734220666,3192.0,0.00042517006802722523,2352,134610032.0,192458610.0,212799543.30938384,1.1056899222163337,mid,high_missing,low_cv,-0.08109730683003136,-0.014769952679085301,org_168h,"To chuc, 168h",transformer,
233.0,88.67146221168359,-0.03314082934781477,-0.03314082934781477,3192.0,88.61640866396363,-0.02715592511558217,-0.02715592511558217,3192.0,0.00042517006802722523,2352,10773273.0,132409220.0,383683279.42719066,2.8977082639564204,low,high_missing,high_cv,0.05505354771996451,-0.005984904232232597,org_168h,"To chuc, 168h",transformer,
234.0,50.83676104094897,0.06538503470188983,0.06538503470188983,3192.0,53.56694374050114,0.09999804044157869,0.09999804044157869,3192.0,0.00042517006802722523,2352,330437728.0,414241730.0,391520818.61165035,0.9451506020456982,high,high_missing,low_cv,-2.7301826995521665,-0.034613005739688854,org_168h,"To chuc, 168h",transformer,
235.0,64.24575674168955,0.37504826645025746,0.37504826645025746,3192.0,68.64208713308669,0.34373299727853196,0.34373299727853196,3192.0,0.00042517006802722523,2352,42397460.0,135536980.0,217459300.2619896,1.6044278593170738,mid,high_missing,mid_cv,-4.396330391397143,0.0313152691717255,org_168h,"To chuc, 168h",transformer,
236.0,100.99302588010244,-0.06306776528934244,-0.06306776528934244,3192.0,103.69913767230844,-0.10910838658680377,-0.10910838658680377,3192.0,0.0012755102040816757,2352,32080832.0,707682300.0,2133826718.5772917,3.015232550702994,mid,high_missing,high_cv,-2.706111792206002,0.04604062129746134,org_168h,"To chuc, 168h",transformer,
237.0,71.93414580501288,0.022679972089468398,0.022679972089468398,3192.0,71.94606485076126,0.025037724459550298,0.025037724459550298,3192.0,0.00042517006802722523,2352,11378493.0,49481936.0,139124136.18266514,2.8116146502971335,low,high_missing,high_cv,-0.011919045748385315,-0.0023577523700819003,org_168h,"To chuc, 168h",transformer,
238.0,49.15279122867553,0.0007211939807458337,0.0007211939807458337,3192.0,53.556516312199044,-0.08679578423971067,-0.08679578423971067,3192.0,0.00042517006802722523,2352,620769088.0,712417400.0,457565804.25390524,0.6422720712825496,high,high_missing,low_cv,-4.403725083523511,0.08751697822045651,org_168h,"To chuc, 168h",transformer,
239.0,92.3886239939789,0.281534615581998,0.281534615581998,3180.0,94.34167833019718,0.2858819509129927,0.2858819509129927,3180.0,0.00042517006802722523,2352,42381160.0,167487090.0,316264037.46536595,1.8882890689780572,mid,high_missing,mid_cv,-1.9530543362182868,-0.004347335330994684,org_168h,"To chuc, 168h",transformer,
240.0,102.28039675352657,0.18386620398562123,0.18386620398562123,3192.0,95.48048024389713,0.245989831719459,0.245989831719459,3192.0,0.00042517006802722523,2352,6397306.0,108149100.0,202588897.1384739,1.873236944602647,low,high_missing,mid_cv,6.7999165096294405,-0.06212362773383778,org_168h,"To chuc, 168h",transformer,
241.0,102.44996963161914,-0.0431386075109371,-0.0431386075109371,3192.0,103.20940126812219,-0.036367079902552106,-0.036367079902552106,3192.0,0.00042517006802722523,2352,21466390.0,44949732.0,120254532.00858735,2.6753114347508755,mid,high_missing,high_cv,-0.7594316365030522,-0.006771527608384995,org_168h,"To chuc, 168h",transformer,
242.0,134.263650685592,-0.008747768353330734,-0.008747768353330734,3192.0,140.59391361385272,-0.009637574856949667,-0.009637574856949667,3192.0,0.00042517006802722523,2352,2643248.0,19634980.0,110288416.4091579,5.616935510459288,low,high_missing,high_cv,-6.330262928260709,0.0008898065036189329,org_168h,"To chuc, 168h",transformer,
243.0,85.21829148057401,0.6133474346910662,0.6133474346910662,3101.0,147.89579156036885,0.6373502151874862,0.6373502151874862,3101.0,0.00042517006802722523,2352,51743616.0,165346300.0,226952850.51525715,1.3725910106539614,mid,high_missing,mid_cv,-62.67750007979484,-0.024002780496420018,org_168h,"To chuc, 168h",transformer,
244.0,75.63158323003692,0.4094982704775849,0.4094982704775849,3192.0,83.74101000367122,0.3757537693514861,0.3757537693514861,3192.0,0.00042517006802722523,2352,9963894.0,209895650.0,460097371.05525047,2.1920291127486857,low,high_missing,high_cv,-8.109426773634297,0.033744501126098836,org_168h,"To chuc, 168h",transformer,
245.0,104.40854887873392,0.0631779022108936,0.0631779022108936,3192.0,106.14519172225135,0.05236753681181736,0.05236753681181736,3192.0,0.00042517006802722523,2352,7217621.0,40895524.0,89744687.67268544,2.194486801848668,low,high_missing,high_cv,-1.73664284351743,0.01081036539907624,org_168h,"To chuc, 168h",transformer,
246.0,89.38305869381664,0.19414120856312803,0.19414120856312803,3192.0,147.17903067129237,-0.19221675933549218,-0.19221675933549218,3192.0,0.005102040816326481,2352,806976.0,2720626.2,4499293.487384523,1.6537712548294803,low,high_missing,mid_cv,-57.79597197747573,0.3863579678986202,org_168h,"To chuc, 168h",transformer,
247.0,95.832195507537,0.0831352349068505,0.0831352349068505,3192.0,97.00610232806086,0.08351083076617849,0.08351083076617849,3192.0,0.00042517006802722523,2352,701619.0,28102938.0,70700671.32729112,2.515775088259139,low,high_missing,high_cv,-1.173906820523868,-0.0003755958593279901,org_168h,"To chuc, 168h",transformer,
248.0,71.49451608322833,0.2434760277960304,0.2434760277960304,3192.0,71.18517491138415,0.27419922071657726,0.27419922071657726,3192.0,0.00042517006802722523,2352,39579836.0,135857260.0,251514663.08583727,1.851315532792102,mid,high_missing,mid_cv,0.3093411718441814,-0.03072319292054687,org_168h,"To chuc, 168h",transformer,
249.0,100.6926651540481,0.22565429223722652,0.22565429223722652,3192.0,102.85707072752983,0.08110089672845167,0.08110089672845167,3192.0,0.00042517006802722523,2352,1510723.0,81500056.0,217352871.15376696,2.6669045620504477,low,high_missing,high_cv,-2.16440557348173,0.14455339550877486,org_168h,"To chuc, 168h",transformer,
250.0,94.4226912962418,0.0272429974612379,0.0272429974612379,3192.0,93.83386159005862,0.03247266952604603,0.03247266952604603,3192.0,0.0008503401360544505,2352,407319.5,28634728.0,74851053.2582196,2.6139956090457575,low,high_missing,high_cv,0.5888297061831764,-0.005229672064808129,org_168h,"To chuc, 168h",transformer,
251.0,68.31434086003757,0.17183170107573598,0.17183170107573598,3192.0,73.08735137400114,0.17802726426823065,0.17802726426823065,3192.0,0.00042517006802722523,2352,10699468.0,62411830.0,199065529.77022246,3.1895479333185164,low,high_missing,high_cv,-4.77301051396357,-0.006195563192494674,org_168h,"To chuc, 168h",transformer,
252.0,91.10806119248436,-0.18028373691836586,-0.18028373691836586,3192.0,93.31197609735408,-0.615602808039853,-0.5758247114290082,3192.0,0.00042517006802722523,2352,1064082.0,26077914.0,66695960.34806724,2.5575650087682336,low,high_missing,high_cv,-2.2039149048697197,0.43531907112148716,org_168h,"To chuc, 168h",transformer,
253.0,91.72196368557177,0.07551254980475709,0.07551254980475709,3192.0,89.6197171415191,0.0988598548756785,0.0988598548756785,3192.0,0.00042517006802722523,2352,5137023.0,30532106.0,63676407.332727686,2.0855556879282315,low,high_missing,high_cv,2.1022465440526616,-0.023347305070921406,org_168h,"To chuc, 168h",transformer,
254.0,141.22276326285188,-0.3703936375123152,-0.3703936375123152,3192.0,144.00361819094064,-0.3022861632849682,-0.3022861632849682,3192.0,0.00042517006802722523,2352,102438840.0,319628580.0,367684908.47007537,1.1503505508533611,mid,high_missing,low_cv,-2.7808549280887576,-0.06810747422734698,org_168h,"To chuc, 168h",transformer,
255.0,84.40307171694748,-0.0138954408301618,-0.0138954408301618,3192.0,84.29762399059534,-0.012203727362826067,-0.012203727362826067,3192.0,0.0008503401360544505,2352,13692565.5,201559710.0,1467405622.8251097,7.280252627197194,low,high_missing,high_cv,0.10544772635213917,-0.0016917134673357336,org_168h,"To chuc, 168h",transformer,
256.0,90.62099239875316,-0.0026610391718874,-0.0026610391718874,3174.0,102.83340840154715,-0.004928198151579133,-0.004928198151579133,3174.0,0.00042517006802722523,2352,693222.0,8658046.0,107421525.71924011,12.407132708608861,low,high_missing,high_cv,-12.212416002793987,0.0022671589796917327,org_168h,"To chuc, 168h",transformer,
257.0,86.15954396275917,0.03282483161525383,0.03282483161525383,3190.0,87.45856727906589,0.04938041501214036,0.04938041501214036,3190.0,0.00042517006802722523,2352,5818241.0,78011450.0,255289929.20444596,3.2724675127738427,low,high_missing,high_cv,-1.299023316306716,-0.01655558339688653,org_168h,"To chuc, 168h",transformer,
258.0,83.80720541864038,-0.029650324007920465,-0.029650324007920465,3192.0,83.4211026741376,-0.00013581596813840016,-0.00013581596813840016,3192.0,0.00042517006802722523,2352,1389667.0,70738970.0,420848139.790218,5.949311273387788,low,high_missing,high_cv,0.3861027445027787,-0.029514508039782065,org_168h,"To chuc, 168h",transformer,
259.0,73.39496129795852,-0.0049472147773475,-0.0049472147773475,3188.0,106.16885503271453,-0.0088379671069332,-0.0088379671069332,3188.0,0.00042517006802722523,2352,731725.0,24927994.0,379636164.1456223,15.229310635489655,low,high_missing,high_cv,-32.773893734756015,0.0038907523295857007,org_168h,"To chuc, 168h",transformer,
260.0,98.09510992849137,0.0002086530643777513,0.0002086530643777513,3187.0,104.78038805998717,0.03401591772562757,0.03401591772562757,3187.0,0.3660714285714286,2352,1619015.0,22643432.0,57750823.228777155,2.550444792502177,low,high_missing,high_cv,-6.6852781314958065,-0.03380726466124982,org_168h,"To chuc, 168h",transformer,
261.0,57.65640591301471,0.2668163584605144,0.2668163584605144,3192.0,58.189209828916574,0.2962802426934023,0.2962802426934023,3192.0,0.00042517006802722523,2352,18835216.0,78543544.0,244495957.84123245,3.112871477269124,low,high_missing,high_cv,-0.5328039159018658,-0.029463884232887927,org_168h,"To chuc, 168h",transformer,
262.0,21.309925143325973,0.23575590967294371,0.23575590967294371,3192.0,28.501534641758514,-0.421918017433713,-0.421918017433713,3192.0,0.00042517006802722523,2352,30105.0,31204.662,24863.591928070524,0.7967909359480169,low,high_missing,low_cv,-7.191609498432541,0.6576739271066567,org_168h,"To chuc, 168h",transformer,
263.0,119.91984864779312,-0.0019078964254985668,-0.0019078964254985668,3183.0,124.27713344582698,-0.011254168557563666,-0.011254168557563666,3183.0,0.0012755102040816757,2352,294648.0,2919100.2,39802283.83926902,13.635120561299331,low,high_missing,high_cv,-4.357284798033859,0.0093462721320651,org_168h,"To chuc, 168h",transformer,
264.0,72.29866551163413,-0.565677534548248,-0.565677534548248,1711.0,121.33109851196724,-86.64844889632006,-1.0,1711.0,0.038690476190476164,2352,15653.0,4942389.0,75807447.93729107,15.338219621582006,low,high_missing,high_cv,-49.032433000333114,86.08277136177182,org_168h,"To chuc, 168h",transformer,
265.0,99.96397906364489,0.09381691619344008,0.09381691619344008,3192.0,99.49425024290906,0.06766320517193404,0.06766320517193404,3192.0,0.0008503401360544505,2352,460648.5,23338938.0,66149547.06481081,2.8342997896824103,low,high_missing,high_cv,0.4697288207358241,0.026153711021506043,org_168h,"To chuc, 168h",transformer,
266.0,41.92554559541552,-0.06872781489309147,-0.06872781489309147,3192.0,50.89327998417821,-0.5329014421589001,-0.5329014421589001,3192.0,0.00042517006802722523,2352,4256.0,4514.4067,5124.415353523586,1.1351248681403887,low,high_missing,low_cv,-8.967734388762686,0.46417362726580863,org_168h,"To chuc, 168h",transformer,
267.0,49.899384972584066,-0.057483678864288505,-0.057483678864288505,3077.0,52.76824703674322,-0.034548005705610334,-0.034548005705610334,3077.0,0.012755102040816313,2352,1100.0,1360.0961,4015.5500466723456,2.9524017730842536,low,high_missing,high_cv,-2.8688620641591527,-0.02293567315867817,org_168h,"To chuc, 168h",transformer,
268.0,82.74749151778258,0.021789910775963067,0.021789910775963067,3192.0,88.70652015607538,-0.001705087911914667,-0.001705087911914667,3192.0,0.022108843537414935,2352,1560179.5,31570354.0,98156380.00202972,3.1091314339405165,low,high_missing,high_cv,-5.959028638292807,0.023494998687877734,org_168h,"To chuc, 168h",transformer,
269.0,122.55517001660156,-0.13372814613475745,-0.13372814613475745,3192.0,126.04866210333061,-0.11403211904597033,-0.11403211904597033,3192.0,0.00042517006802722523,2352,8495350.0,47129588.0,112732145.77456304,2.3919611980177513,low,high_missing,high_cv,-3.4934920867290487,-0.01969602708878712,org_168h,"To chuc, 168h",transformer,
270.0,36.90306392603346,0.016650881537404832,0.016650881537404832,3192.0,46.44868214432063,-0.4567892369081492,-0.4567892369081492,3192.0,0.00042517006802722523,2352,5240.0,5648.3257,10404.347012021599,1.8420232109211216,low,high_missing,mid_cv,-9.545618218287167,0.47344011844555406,org_168h,"To chuc, 168h",transformer,
271.0,27.592814226377925,-0.0012345415743617,-0.0012345415743617,3068.0,35.475438740443245,-0.002108984434177,-0.002108984434177,3068.0,0.00042517006802722523,2352,8110.0,8576.974,9080.167157787839,1.058667957547438,low,high_missing,low_cv,-7.88262451406532,0.0008744428598152999,org_168h,"To chuc, 168h",transformer,
272.0,33.626993923859516,-0.014956053677634168,-0.014956053677634168,3192.0,43.001601233443076,-0.39259350146354216,-0.39259350146354216,3192.0,0.1071428571428571,2352,2795.0,3208.0542,9751.30612987794,3.0396326010491506,low,high_missing,high_cv,-9.37460730958356,0.377637447785908,org_168h,"To chuc, 168h",transformer,
273.0,97.83544680294695,0.04054148682420003,0.04054148682420003,3192.0,104.14802514571859,0.024440974666492237,0.024440974666492237,3192.0,0.00042517006802722523,2352,306030.0,11542808.0,104781390.14690994,9.077634328398249,low,high_missing,high_cv,-6.312578342771644,0.016100512157707792,org_168h,"To chuc, 168h",transformer,
274.0,103.97867492635906,0.024331249973964367,0.024331249973964367,3192.0,105.00728730494932,0.04262492607011597,0.04262492607011597,3192.0,0.00042517006802722523,2352,329792.0,18887840.0,122667488.47973886,6.4945217917844955,low,high_missing,high_cv,-1.0286123785902532,-0.018293676096151602,org_168h,"To chuc, 168h",transformer,
275.0,29.385094572250072,0.03417626727859936,0.03417626727859936,3192.0,34.017318126019326,-0.23924291724087166,-0.23924291724087166,3192.0,0.00042517006802722523,2352,37784.0,40695.535,37639.86749390637,0.9249139334177219,low,high_missing,low_cv,-4.632223553769254,0.273419184519471,org_168h,"To chuc, 168h",transformer,
276.0,83.66611514697857,-0.006441711885726099,-0.006441711885726099,3192.0,95.24583371006146,-0.009879167032752134,-0.009879167032752134,3192.0,0.0008503401360544505,2352,4550668.5,30601126.0,301388272.4973016,9.848927536107709,low,high_missing,high_cv,-11.579718563082892,0.0034374551470260344,org_168h,"To chuc, 168h",transformer,
277.0,88.17731208183089,-0.0033512657684889673,-0.0033512657684889673,3192.0,166.47217799624278,-0.0089531097548946,-0.0089531097548946,3192.0,0.9528061224489796,2352,1756.0,1861.3243,746.7167061958901,0.4011749536713205,low,high_missing,low_cv,-78.29486591441189,0.005601843986405633,org_168h,"To chuc, 168h",transformer,
278.0,136.6129774620739,-1.372402460006241,-0.9287654876370962,3192.0,94.31986569726566,-0.2172798912976065,-0.2172798912976065,3192.0,0.5140306122448979,2352,80619248.0,545907260.0,1688900574.1174743,3.09374995625168,mid,high_missing,high_cv,42.293111764808245,-1.1551225687086344,org_168h,"To chuc, 168h",transformer,
279.0,53.689623199551114,-0.04388303199753877,-0.04388303199753877,3170.0,56.773642498854,-0.08373606441828967,-0.08373606441828967,3170.0,0.0012755102040816757,2352,1708.0,2108.5908,5971.12032760303,2.831806090627906,low,high_missing,high_cv,-3.084019299302888,0.039853032420750896,org_168h,"To chuc, 168h",transformer,
280.0,58.8554196351479,-0.0020257105190735,-0.0020257105190735,3159.0,62.37450907158807,-0.0015443028850974,-0.0015443028850974,3159.0,0.01573129251700678,2352,1975.0,2881.7517,18076.891304871362,6.272882999778721,low,high_missing,high_cv,-3.5190894364401686,-0.0004814076339760998,org_168h,"To chuc, 168h",transformer,
281.0,43.961284107004076,-0.13093890841374797,-0.13093890841374797,3192.0,43.20460589572557,-0.059889521560984704,-0.059889521560984704,3192.0,0.00042517006802722523,2352,4600.0,5638.609,35070.97492241141,6.21979208471402,low,high_missing,high_cv,0.7566782112785049,-0.07104938685276327,org_168h,"To chuc, 168h",transformer,
283.0,56.1468978151677,0.0623572570052972,0.0623572570052972,289.0,65.33312434011573,-0.10307523931221092,-0.10307523931221092,289.0,0.2283163265306123,2352,1420.0,1700.1383,1160.2002536651062,0.6824152186912463,low,high_missing,low_cv,-9.186226524948033,0.16543249631750812,org_168h,"To chuc, 168h",transformer,
284.0,27.808452196244417,0.2889550875881511,0.2889550875881511,3192.0,44.84144381348292,-0.6012382721868743,-0.6012382721868743,3192.0,0.00042517006802722523,2352,386431.0,382253.16,145264.40045239366,0.3800214545707722,low,high_missing,low_cv,-17.0329916172385,0.8901933597750253,org_168h,"To chuc, 168h",transformer,
,23.464617130306035,0.7587083418150051,0.7587083418150051,3480.0,24.144448193701113,0.7578853086102791,0.7578853086102791,3480.0,0.00042517006802722523,2352,50077032448.0,54820282000.0,33286820009.58696,0.6071989886177115,high,low_missing,low_cv,-0.6798310633950777,0.000823033204725987,subnet_24h,"Mang con, 24h",transformer,0.0
,95.56693961725678,-0.016487421380726935,-0.016487421380726935,2515.0,93.68435029133309,-0.02418416569541577,-0.02418416569541577,2515.0,0.15561224489795922,2352,1457.5,652322.25,4371280.891740219,6.70110653398718,low,high_missing,high_cv,1.8825893259236892,0.007696744314688836,subnet_24h,"Mang con, 24h",transformer,1.0
,36.780756816590205,0.0036342807472594997,0.0036342807472594997,3473.0,36.973970552843106,0.0051575438921371,0.0051575438921371,3473.0,0.0008503401360544505,2352,5589.0,5947.1763,2811.5453624781985,0.47275298983189573,low,high_missing,low_cv,-0.1932137362529005,-0.0015232631448776003,subnet_24h,"Mang con, 24h",transformer,2.0
,75.0093074222192,-0.003626059155970633,-0.003626059155970633,3478.0,72.77020652914008,-0.004654614988271533,-0.004654614988271533,3478.0,0.005102040816326481,2352,799648.0,4317277.0,48354025.39819403,11.2001211407547,mid,high_missing,high_cv,2.2391008930791116,0.0010285558323008996,subnet_24h,"Mang con, 24h",transformer,3.0
,68.46789206456957,0.09567581443701356,0.09567581443701356,3479.0,69.1012748306502,0.11245900681441227,0.11245900681441227,3479.0,0.0008503401360544505,2352,104559152.0,176551500.0,253757711.57585123,1.4373013303576911,high,high_missing,mid_cv,-0.6333827660806293,-0.016783192377398712,subnet_24h,"Mang con, 24h",transformer,4.0
,86.85284565867141,0.06558404769040212,0.06558404769040212,3480.0,90.79436269740728,0.0665274872279424,0.0665274872279424,3480.0,0.00170068027210879,2352,5186740.0,34780012.0,112724521.21718787,3.241071947220371,mid,high_missing,high_cv,-3.941517038735867,-0.0009434395375402804,subnet_24h,"Mang con, 24h",transformer,5.0
,29.410356124317484,0.631016375072769,0.631016375072769,3480.0,29.795057598696456,0.6276596203885909,0.6276596203885909,3480.0,0.00042517006802722523,2352,13493942272.0,18188640000.0,13399270822.988115,0.7366834812496781,high,low_missing,low_cv,-0.3847014743789714,0.003356754684178065,subnet_24h,"Mang con, 24h",transformer,6.0
,58.72183173528456,0.3418240384152571,0.3418240384152571,3480.0,58.68930125887241,0.3592718341505072,0.3592718341505072,3480.0,0.00042517006802722523,2352,241958720.0,519742530.0,769956468.5928234,1.4814190240611278,high,low_missing,mid_cv,0.032530476412148346,-0.01744779573525007,subnet_24h,"Mang con, 24h",transformer,7.0
,53.13452937465732,0.34781861421480387,0.34781861421480387,3480.0,53.64817160847812,0.3515732276270982,0.3515732276270982,3480.0,0.00042517006802722523,2352,537993920.0,780937700.0,883754495.9853133,1.131658087833238,high,low_missing,low_cv,-0.5136422338208035,-0.0037546134122943275,subnet_24h,"Mang con, 24h",transformer,8.0
,73.00212818615573,-0.008633800222342869,-0.008633800222342869,2688.0,72.45236841175803,0.07296543314726617,0.07296543314726617,2688.0,0.00042517006802722523,2352,56319.0,86566.91,102475.03330912597,1.1837668428762402,low,low_missing,mid_cv,0.5497597743976996,-0.08159923336960903,subnet_24h,"Mang con, 24h",transformer,9.0
,57.268374889671016,0.35561248577956267,0.35561248577956267,3480.0,59.89565043806101,0.2955588835377522,0.2955588835377522,3480.0,0.00042517006802722523,2352,129445432.0,474116350.0,919702742.6343176,1.939824979152623,high,low_missing,mid_cv,-2.6272755483899957,0.060053602241810444,subnet_24h,"Mang con, 24h",transformer,10.0
,33.06373975946334,-0.010255097944060732,-0.010255097944060732,3385.0,33.44128101356571,-0.0113333112252044,-0.0113333112252044,3385.0,0.15688775510204078,2352,12356.0,11129.293,8263.629765344109,0.7425116571688425,low,high_missing,low_cv,-0.3775412541023684,0.0010782132811436689,subnet_24h,"Mang con, 24h",transformer,11.0
,40.30136695637937,0.16132807511018032,0.16132807511018032,3480.0,41.11004029990437,0.1081200064992663,0.1081200064992663,3480.0,0.00042517006802722523,2352,23969.0,27619.53,21051.97186991954,0.762213274659299,low,low_missing,low_cv,-0.8086733435250011,0.053208068610914025,subnet_24h,"Mang con, 24h",transformer,12.0
,56.963932291159786,0.0386349419734018,0.0386349419734018,3480.0,57.14746365041089,0.036456715003673236,0.036456715003673236,3480.0,0.00042517006802722523,2352,170941776.0,297082370.0,423554454.2242169,1.4257138755007395,high,low_missing,mid_cv,-0.18353135925110564,0.0021782269697285667,subnet_24h,"Mang con, 24h",transformer,13.0
,44.673510892287304,0.39893686039096554,0.39893686039096554,3480.0,46.230850336916895,0.4030814361142368,0.4030814361142368,3480.0,0.00042517006802722523,2352,399698688.0,1070405000.0,1677198308.340187,1.5668819940819063,high,low_missing,mid_cv,-1.5573394446295907,-0.00414457572327126,subnet_24h,"Mang con, 24h",transformer,14.0
,44.260338598055505,0.017715471717114132,0.017715471717114132,3480.0,45.3507134279482,0.021081925540473,0.021081925540473,3480.0,0.00042517006802722523,2352,299387.0,592603.56,1608815.454444148,2.7148258232824043,low,low_missing,high_cv,-1.0903748298926956,-0.003366453823358869,subnet_24h,"Mang con, 24h",transformer,15.0
,101.50873954580602,-0.1167292980825236,-0.1167292980825236,3480.0,101.79756252764282,-0.10248663654853263,-0.10248663654853263,3480.0,0.00042517006802722523,2352,379524640.0,1768557600.0,3755800590.366541,2.1236518721942677,high,low_missing,mid_cv,-0.2888229818368018,-0.014242661533990966,subnet_24h,"Mang con, 24h",transformer,16.0
,22.672904633904626,0.6352890471823774,0.6352890471823774,3480.0,23.448604802620764,0.6255253643632374,0.6255253643632374,3480.0,0.00042517006802722523,2352,53312520192.0,57890636000.0,45311749912.35989,0.7827129432070429,high,low_missing,low_cv,-0.7757001687161384,0.009763682819140085,subnet_24h,"Mang con, 24h",transformer,17.0
,91.70844069553338,-0.060393158512962265,-0.060393158512962265,3480.0,91.79303381492632,-0.059619656969856695,-0.059619656969856695,3480.0,0.00042517006802722523,2352,162340.0,1245477.1,2565576.156203159,2.059914312920969,low,low_missing,mid_cv,-0.08459311939293457,-0.0007735015431055703,subnet_24h,"Mang con, 24h",transformer,19.0
,27.591401380729977,0.09283645995176071,0.09283645995176071,3480.0,28.451259520978443,0.10681025818599826,0.10681025818599826,3480.0,0.00042517006802722523,2352,3149107.0,3413849.8,1812437.5591904293,0.5309072431176648,mid,low_missing,low_cv,-0.8598581402484662,-0.013973798234237556,subnet_24h,"Mang con, 24h",transformer,20.0
,44.5453231899109,0.09053472941624346,0.09053472941624346,3476.0,44.61098230530294,0.12567754530804945,0.12567754530804945,3476.0,0.00042517006802722523,2352,1794179.0,2047554.0,1140731.61362555,0.5571191839753921,mid,low_missing,low_cv,-0.06565911539203739,-0.035142815891805984,subnet_24h,"Mang con, 24h",transformer,21.0
,58.08228488178414,0.1720300770522425,0.1720300770522425,3479.0,58.40830081974746,0.1657179667769245,0.1657179667769245,3479.0,0.00042517006802722523,2352,4341882.0,5409801.5,4245867.244192528,0.7848471416543708,mid,low_missing,low_cv,-0.3260159379633194,0.006312110275318,subnet_24h,"Mang con, 24h",transformer,22.0
,50.41824382348469,-0.038769101860296834,-0.038769101860296834,3366.0,51.890844718193534,-0.001432542019838367,-0.001432542019838367,3366.0,0.005102040816326481,2352,1306.0,1536.6213,4508.219428057397,2.933851897596314,low,high_missing,high_cv,-1.4726008947088474,-0.037336559840458465,subnet_24h,"Mang con, 24h",transformer,23.0
,29.720495304831683,0.17886338428029125,0.17886338428029125,3480.0,33.32205549270259,0.17881701265473735,0.17881701265473735,3480.0,0.00042517006802722523,2352,4762170.0,5412005.5,9174761.144331507,1.6952608685138084,mid,low_missing,mid_cv,-3.6015601878709056,4.637162555390373e-05,subnet_24h,"Mang con, 24h",transformer,24.0
,25.107540510221224,0.591595905122471,0.591595905122471,3480.0,27.415242839282374,0.4922394229515001,0.4922394229515001,3480.0,0.00042517006802722523,2352,263204.0,505849.53,427418.38405662443,0.8449516262285247,low,low_missing,low_cv,-2.3077023290611507,0.09935648217097087,subnet_24h,"Mang con, 24h",transformer,25.0
,37.90078678277075,-0.0015986869949043666,-0.0015986869949043666,3480.0,39.00173324727158,-0.0015021188108053666,-0.0015021188108053666,3480.0,0.00042517006802722523,2352,3916454.0,21327038.0,355544150.0919885,16.671051558682855,mid,low_missing,high_cv,-1.1009464645008293,-9.656818409899993e-05,subnet_24h,"Mang con, 24h",transformer,26.0
,76.0407549392458,-0.006481180295528033,-0.006481180295528033,3480.0,77.61667613232311,-0.0015618591548332665,-0.0015618591548332665,3480.0,0.00042517006802722523,2352,1995977.0,35547184.0,249215071.2161928,7.010824576601983,mid,low_missing,high_cv,-1.5759211930773063,-0.0049193211406947665,subnet_24h,"Mang con, 24h",transformer,27.0
,125.13800852153024,-0.08024583019532813,-0.08024583019532813,3480.0,127.88622979479987,-0.07130225538433096,-0.07130225538433096,3480.0,0.00042517006802722523,2352,659378.0,55154320.0,145434481.12313193,2.6368647301450174,mid,low_missing,high_cv,-2.7482212732696354,-0.008943574810997168,subnet_24h,"Mang con, 24h",transformer,28.0
,25.25925820181784,0.28489113914172987,0.28489113914172987,3480.0,26.167581637717273,0.1832037485466487,0.1832037485466487,3480.0,0.00042517006802722523,2352,298422688.0,323817380.0,173811474.3302255,0.5367577134904135,high,low_missing,low_cv,-0.9083234358994332,0.10168739059508117,subnet_24h,"Mang con, 24h",transformer,29.0
,25.62428265215461,0.05267964828349083,0.05267964828349083,3480.0,26.73564869741857,0.02883713219092803,0.02883713219092803,3480.0,0.00042517006802722523,2352,383446.0,534835.94,356037.2640226656,0.6656943542105669,low,low_missing,low_cv,-1.11136604526396,0.023842516092562802,subnet_24h,"Mang con, 24h",transformer,30.0
,42.36911784481347,0.04129068481215206,0.04129068481215206,3462.0,46.345286135834776,-0.015909495489815333,-0.015909495489815333,3462.0,0.00042517006802722523,2352,3136.0,3364.1426,4668.560380376291,1.387741533528673,low,low_missing,mid_cv,-3.9761682910213025,0.0572001803019674,subnet_24h,"Mang con, 24h",transformer,31.0
,54.25182808805494,0.4118060094858261,0.4118060094858261,3480.0,55.21908301505192,0.4002920283023908,0.4002920283023908,3480.0,0.00042517006802722523,2352,763834112.0,919595800.0,814168662.2388281,0.8853549390801335,high,low_missing,low_cv,-0.9672549269969792,0.011513981183435273,subnet_24h,"Mang con, 24h",transformer,32.0
,122.58221737382065,-0.009892354727797899,-0.009892354727797899,3480.0,123.45340633868311,-0.0568579733760333,-0.0568579733760333,3480.0,0.00042517006802722523,2352,1144513920.0,4741205500.0,9181797359.247858,1.9365955243875161,high,low_missing,mid_cv,-0.8711889648624549,0.046965618648235403,subnet_24h,"Mang con, 24h",transformer,33.0
,36.950196806906284,0.2069620846508219,0.2069620846508219,3480.0,49.6550916405243,-1.5689573213294856,-0.8293144736050634,3480.0,0.00042517006802722523,2352,5246.0,47927.3,58092.403953598594,1.2120942136663235,low,low_missing,mid_cv,-12.704894833618013,1.7759194059803076,subnet_24h,"Mang con, 24h",transformer,34.0
,39.09210800334044,0.08176699291895016,0.08176699291895016,3480.0,39.37047825819717,0.0911363187458854,0.0911363187458854,3480.0,0.00042517006802722523,2352,302231.0,343684.2,273750.9947336216,0.7965190273224938,low,low_missing,low_cv,-0.27837025485672484,-0.00936932582693524,subnet_24h,"Mang con, 24h",transformer,35.0
,62.8282946513954,0.012229318060037,0.012229318060037,3480.0,63.515430751952515,-0.0014254493627314667,-0.0014254493627314667,3480.0,0.00042517006802722523,2352,74825448.0,418658720.0,1517366504.0113428,3.62435184441242,high,low_missing,high_cv,-0.6871361005571117,0.013654767422768468,subnet_24h,"Mang con, 24h",transformer,36.0
,60.74542480871131,-0.07004200116027474,-0.07004200116027474,472.0,61.35652553894116,-0.0809193550464716,-0.0809193550464716,472.0,0.005952380952380931,2352,1962.5,9895.906,45210.25299792201,4.568581376558818,low,high_missing,high_cv,-0.6111007302298503,0.010877353886196858,subnet_24h,"Mang con, 24h",transformer,37.0
,94.76821078021096,0.10109895493448384,0.10109895493448384,3480.0,97.72820181206617,-0.1137239966256887,-0.1137239966256887,3480.0,0.00042517006802722523,2352,66956196.0,3073915100.0,26191414936.063026,8.520539369914156,mid,low_missing,high_cv,-2.9599910318552105,0.21482295156017256,subnet_24h,"Mang con, 24h",transformer,38.0
,57.05897471093483,-0.04625852505264833,-0.04625852505264833,2438.0,97.48481327492884,-0.14237681636797073,-0.14237681636797073,2438.0,0.9982993197278912,2352,394.0,793.0,858.4225843565239,1.0825001063764488,low,high_missing,low_cv,-40.42583856399401,0.0961182913153224,subnet_24h,"Mang con, 24h",transformer,39.0
,53.15573013373628,-0.0237856066610667,-0.0237856066610667,3480.0,53.476790380213394,-0.020578792933025534,-0.020578792933025534,3480.0,0.00042517006802722523,2352,5123960.0,10855429.0,52048330.85508439,4.794682076137607,mid,low_missing,high_cv,-0.32106024647711706,-0.003206813728041165,subnet_24h,"Mang con, 24h",transformer,40.0
,45.15383484590708,-0.0016575838140826334,-0.0016575838140826334,3480.0,47.65813448558291,-0.00032805138853516665,-0.00032805138853516665,3480.0,0.00042517006802722523,2352,938601.0,2102954.2,11672397.197453514,5.550476049326091,mid,low_missing,high_cv,-2.5042996396758355,-0.0013295324255474666,subnet_24h,"Mang con, 24h",transformer,41.0
,44.11607808288492,-0.080245703449228,-0.080245703449228,290.0,43.82504506732133,-0.08058426305700567,-0.08058426305700567,290.0,0.8864795918367347,2352,8812.0,10697.61,5083.964174481208,0.475242975524776,low,high_missing,low_cv,0.29103301556359185,0.0003385596077776637,subnet_24h,"Mang con, 24h",transformer,42.0
,34.32135916451644,-0.0033038102192485667,-0.0033038102192485667,3480.0,35.32056142146478,-0.0033561278514404,-0.0033561278514404,3480.0,0.00042517006802722523,2352,474992.0,1804470.9,41882625.4585603,23.21047462656348,low,low_missing,high_cv,-0.9992022569483439,5.2317632191833247e-05,subnet_24h,"Mang con, 24h",transformer,43.0
,66.97797340182645,0.11192349775064236,0.11192349775064236,3437.0,75.01312083877495,0.2840501621667878,0.2840501621667878,3437.0,0.00042517006802722523,2352,687345152.0,2111732600.0,5096229944.4639015,2.413293200643659,high,low_missing,high_cv,-8.035147436948506,-0.17212666441614544,subnet_24h,"Mang con, 24h",transformer,44.0
,86.09546697741439,-0.016392187691890898,-0.016392187691890898,3480.0,85.65764225667776,-0.014851725388981434,-0.014851725388981434,3480.0,0.00042517006802722523,2352,384277.0,11287809.0,137895497.6129928,12.216320954136696,low,low_missing,high_cv,0.4378247207366286,-0.0015404623029094643,subnet_24h,"Mang con, 24h",transformer,45.0
,56.66072536423977,-0.0006928497803817667,-0.0006928497803817667,2919.0,105.2297452530156,-0.0006357868639661667,-0.0006357868639661667,2919.0,0.9987244897959183,2352,448.0,460.0,70.76722405181653,0.15384179141699245,low,high_missing,low_cv,-48.56901988877583,-5.7062916415600066e-05,subnet_24h,"Mang con, 24h",transformer,46.0
,18.08041675011332,0.8315490778136061,0.8315490778136061,3480.0,26.396528474694808,0.6145058459117131,0.6145058459117131,3480.0,0.00042517006802722523,2352,38545.0,38831.24,9138.037938330443,0.23532697752630832,low,low_missing,low_cv,-8.31611172458149,0.217043231901893,subnet_24h,"Mang con, 24h",transformer,47.0
,53.23736921688948,-0.0034377899267672,-0.0034377899267672,3480.0,53.34376176145542,-0.0035238869180047,-0.0035238869180047,3480.0,0.00042517006802722523,2352,253970.0,832682.2,6673876.341799022,8.014914263791697,low,low_missing,high_cv,-0.10639254456593505,8.609699123749998e-05,subnet_24h,"Mang con, 24h",transformer,48.0
,55.618862562989186,-0.0118813706307202,-0.0118813706307202,3480.0,55.9739327969805,-0.011853971582633899,-0.011853971582633899,3480.0,0.00042517006802722523,2352,7532.0,510212.75,4635556.724998417,9.085536817726364,low,low_missing,high_cv,-0.355070233991313,-2.7399048086301434e-05,subnet_24h,"Mang con, 24h",transformer,49.0
,29.752160943388528,-0.009258781630765668,-0.009258781630765668,3480.0,30.316171277485196,-0.008821663511556234,-0.008821663511556234,3480.0,0.00042517006802722523,2352,91378.0,423995.1,2758103.7728913752,6.50503700054047,low,low_missing,high_cv,-0.5640103340966682,-0.0004371181192094342,subnet_24h,"Mang con, 24h",transformer,50.0
,44.69875497360266,0.9067130059287708,0.9067130059287708,3480.0,70.18659814118878,0.16198553569539864,0.16198553569539864,3480.0,0.00042517006802722523,2352,11647374.0,16429735.0,26806178.346441254,1.6315648637328146,mid,low_missing,mid_cv,-25.48784316758612,0.7447274702333722,subnet_24h,"Mang con, 24h",transformer,51.0
,21.956205109148414,0.2390128320063382,0.2390128320063382,3480.0,23.887685988745925,0.20830691408045773,0.20830691408045773,3480.0,0.00042517006802722523,2352,697141.0,754842.8,1978288.1112219458,2.6207947912625134,mid,low_missing,high_cv,-1.9314808795975118,0.030705917925880455,subnet_24h,"Mang con, 24h",transformer,52.0
,46.839109066714684,0.15528714141284605,0.15528714141284605,3480.0,47.27715688758254,0.1615069761313422,0.1615069761313422,3480.0,0.00042517006802722523,2352,26750.0,30932.006,20244.87897198159,0.6544961572818818,low,low_missing,low_cv,-0.4380478208678582,-0.006219834718496159,subnet_24h,"Mang con, 24h",transformer,53.0
,69.01848139584395,-0.0020792086268364334,-0.0020792086268364334,3475.0,72.01050563067082,-0.0021934959785181,-0.0021934959785181,3475.0,0.0008503401360544505,2352,27414.0,32794.39,29584.395837439348,0.9021175656450957,low,high_missing,low_cv,-2.9920242348268715,0.00011428735168166667,subnet_24h,"Mang con, 24h",transformer,54.0
,76.75445322710316,-0.02385356578569353,-0.02385356578569353,3480.0,81.51847095233306,-0.017227859937412302,-0.017227859937412302,3480.0,0.00042517006802722523,2352,119094432.0,292045660.0,594360322.8529303,2.0351622917878016,high,low_missing,mid_cv,-4.764017725229905,-0.006625705848281229,subnet_24h,"Mang con, 24h",transformer,55.0
,42.458331336774954,-141.55189820992925,-1.0,2429.0,98.63821711379619,-268.70211790705133,-1.0,2429.0,1.0,2352,,,,,,high_missing,low_cv,-56.179885777021234,127.15021969712208,subnet_24h,"Mang con, 24h",transformer,56.0
,50.10629137750683,0.0133351909799794,0.0133351909799794,3437.0,50.15376321196703,0.0283494914195732,0.0283494914195732,3437.0,0.0025510204081632404,2352,1728.0,2381.7012,6969.325534006118,2.926196458357326,low,high_missing,high_cv,-0.047471834460203866,-0.0150143004395938,subnet_24h,"Mang con, 24h",transformer,57.0
,97.99327128707364,-0.04789217322564184,-0.04789217322564184,3480.0,97.03248031101059,-0.020485868811945234,-0.020485868811945234,3480.0,0.00042517006802722523,2352,1885422080.0,4180896500.0,6476763167.970453,1.5491326200925715,high,low_missing,mid_cv,0.960790976063052,-0.027406304413696608,subnet_24h,"Mang con, 24h",transformer,58.0
,69.04738381424771,0.24766713578255206,0.24766713578255206,3480.0,68.77273481892105,0.22523244318150884,0.22523244318150884,3480.0,0.00042517006802722523,2352,156558112.0,374197250.0,505221682.5145123,1.3501480441526719,high,low_missing,mid_cv,0.27464899532665754,0.02243469260104322,subnet_24h,"Mang con, 24h",transformer,59.0
,41.16926076006022,0.290263222501339,0.290263222501339,3480.0,49.61499580391274,-0.5046952205347245,-0.46407624409634285,3480.0,0.00042517006802722523,2352,7818.0,51634.043,60406.08902224925,1.1698888088001995,low,low_missing,mid_cv,-8.445735043852522,0.7949584430360634,subnet_24h,"Mang con, 24h",transformer,60.0
,55.82695366547568,-0.0025833251132732,-0.0025833251132732,3480.0,56.09665197255675,0.004140890517971166,0.004140890517971166,3480.0,0.00042517006802722523,2352,54754.0,65890.9,47577.66595472646,0.7220673428797707,low,low_missing,low_cv,-0.2696983070810717,-0.006724215631244366,subnet_24h,"Mang con, 24h",transformer,61.0
,97.2314233278464,-0.020323632372724502,-0.020323632372724502,3480.0,99.41852944756022,-0.016599020962888334,-0.016599020962888334,3480.0,0.00042517006802722523,2352,1858280.0,22897052.0,79430094.24749555,3.46900964576119,mid,low_missing,high_cv,-2.1871061197138175,-0.0037246114098361677,subnet_24h,"Mang con, 24h",transformer,62.0
,48.60586171300264,-0.012311178263027,-0.012311178263027,3477.0,48.871128339697385,-0.014435529707209365,-0.014435529707209365,3477.0,0.00042517006802722523,2352,4359130.0,5727436.5,14823409.041932536,2.588140268675617,mid,low_missing,high_cv,-0.2652666266947463,0.0021243514441823645,subnet_24h,"Mang con, 24h",transformer,63.0
,62.46353467574439,-0.0038503682575433333,-0.0038503682575433333,3479.0,62.34104466335074,-0.004021376963836733,-0.004021376963836733,3479.0,0.00042517006802722523,2352,66380.0,306954.06,3653528.9092256497,11.902526649979261,low,low_missing,high_cv,0.12249001239364787,0.00017100870629339947,subnet_24h,"Mang con, 24h",transformer,64.0
,39.77960870440074,0.8453270267014544,0.8453270267014544,3480.0,42.45485105437147,0.8433497196545442,0.8433497196545442,3480.0,0.00042517006802722523,2352,51417808.0,59609010.0,38505180.78943181,0.6459624489881095,mid,low_missing,low_cv,-2.6752423499707305,0.001977307046910237,subnet_24h,"Mang con, 24h",transformer,65.0
,38.496782226226344,0.8057965245636719,0.8057965245636719,3480.0,80.4590697000595,-0.1350068919776816,-0.1350068919776816,3480.0,0.00042517006802722523,2352,51600.0,53651.633,19107.325284256473,0.3561368831221249,low,low_missing,low_cv,-41.96228747383316,0.9408034165413535,subnet_24h,"Mang con, 24h",transformer,66.0
,35.634129506809295,0.8146382036099249,0.8146382036099249,3480.0,80.99237179299514,-0.1586516986413629,-0.1586516986413629,3480.0,0.00042517006802722523,2352,72500.0,73016.9,16477.48501458546,0.2256667342380974,low,low_missing,low_cv,-45.35824228618585,0.9732899022512878,subnet_24h,"Mang con, 24h",transformer,67.0
,55.86275109122088,-0.016954959554344767,-0.016954959554344767,3480.0,55.481817483354206,-0.017240207532760767,-0.017240207532760767,3480.0,0.00042517006802722523,2352,300044.0,15232568.0,177800174.3858636,11.672370304591032,low,low_missing,high_cv,0.3809336078666732,0.0002852479784159999,subnet_24h,"Mang con, 24h",transformer,68.0
,72.61827541718695,-0.0015462145736768334,-0.0015462145736768334,1835.0,73.83593379212631,-0.0016819875028479335,-0.0016819875028479335,1835.0,0.7011054421768708,2352,2599.0,26502.629,371595.8529870507,14.021094069630914,low,high_missing,high_cv,-1.2176583749393615,0.00013577292917110002,subnet_24h,"Mang con, 24h",transformer,69.0
,97.28335946452631,-0.054581519606968436,-0.054581519606968436,3480.0,95.5273445015988,-0.05882894003550667,-0.05882894003550667,3480.0,0.00042517006802722523,2352,10837284.0,1330773400.0,14979323146.003675,11.256103718446855,mid,low_missing,high_cv,1.7560149629275088,0.004247420428538234,subnet_24h,"Mang con, 24h",transformer,70.0
,61.77043509232144,-0.008015044721075332,-0.008015044721075332,3480.0,65.84675027312981,-0.008022399922934098,-0.008022399922934098,3480.0,0.00042517006802722523,2352,2538795.0,467021020.0,3148679577.929952,6.742051034366179,mid,low_missing,high_cv,-4.076315180808372,7.355201858766369e-06,subnet_24h,"Mang con, 24h",transformer,71.0
,24.678124838731936,0.11883753958200423,0.11883753958200423,3480.0,25.529583171409026,0.09031246106136197,0.09031246106136197,3480.0,0.00042517006802722523,2352,1348299.0,92947800.0,1864085268.4762785,20.055184398945197,mid,low_missing,high_cv,-0.8514583326770904,0.02852507852064226,subnet_24h,"Mang con, 24h",transformer,72.0
,46.06796464662457,0.0047022666961524335,0.0047022666961524335,3384.0,47.109318698926096,0.048561724254982064,0.048561724254982064,3384.0,0.005952380952380931,2352,1248.0,1515.1305,5715.5242955596805,3.772298373867384,low,high_missing,high_cv,-1.0413540523015286,-0.04385945755882963,subnet_24h,"Mang con, 24h",transformer,73.0
,53.490421456810644,0.044039167852923604,0.044039167852923604,3437.0,53.82646389382381,0.0370453909104227,0.0370453909104227,3437.0,0.02253401360544216,2352,13616.0,15857.917,12520.402727027897,0.7895364021136035,low,high_missing,low_cv,-0.3360424370131625,0.006993776942500904,subnet_24h,"Mang con, 24h",transformer,74.0
,61.631921418469005,-0.0049123570071319,-0.0049123570071319,3480.0,59.60516061502111,-0.0050976041064735,-0.0050976041064735,3480.0,0.00042517006802722523,2352,1025986.0,253472930.0,2639795064.1660023,10.414504953231148,mid,low_missing,high_cv,2.0267608034478926,0.00018524709934159955,subnet_24h,"Mang con, 24h",transformer,75.0
,102.94028857498525,-0.028448977352192605,-0.028448977352192605,2165.0,103.00179024973811,-0.026560020058999465,-0.026560020058999465,2165.0,0.3163265306122449,2352,3258.5,10394.338,30557.074083709893,2.939780715736626,low,high_missing,high_cv,-0.06150167475286139,-0.00188895729319314,subnet_24h,"Mang con, 24h",transformer,76.0
,63.55214068171554,-0.013527111490741267,-0.013527111490741267,3480.0,61.1938198952524,-0.014130918515927867,-0.014130918515927867,3480.0,0.00042517006802722523,2352,113939.0,3957321.8,19198303.126293086,4.851337429485759,low,low_missing,high_cv,2.358320786463139,0.0006038070251866007,subnet_24h,"Mang con, 24h",transformer,77.0
,91.2440128789894,-0.0020843554094903,-0.0020843554094903,3480.0,89.79147756006681,-0.0030168512317396666,-0.0030168512317396666,3480.0,0.00042517006802722523,2352,52901.0,18342240.0,324226599.0773697,17.67649965747748,low,low_missing,high_cv,1.4525353189225854,0.0009324958222493664,subnet_24h,"Mang con, 24h",transformer,78.0
,100.21017496110424,0.025263259025096768,0.025263259025096768,3480.0,101.11164643847714,0.03799717476919246,0.03799717476919246,3480.0,0.00042517006802722523,2352,3105619.0,82449410.0,248361483.92478475,3.0122894748350983,mid,low_missing,high_cv,-0.901471477372894,-0.012733915744095693,subnet_24h,"Mang con, 24h",transformer,79.0
,54.26104709582327,-0.007906136068012633,-0.007906136068012633,3480.0,53.62781882245602,-0.006210410820545267,-0.006210410820545267,3480.0,0.00042517006802722523,2352,44214.0,1478356.8,12074809.495883659,8.167723721546682,low,low_missing,high_cv,0.6332282733672514,-0.0016957252474673664,subnet_24h,"Mang con, 24h",transformer,80.0
,23.349592623967595,0.27311351706306214,0.27311351706306214,3331.0,24.17024371982747,0.2561896185049297,0.2561896185049297,3331.0,0.00042517006802722523,2352,113807.0,117144.7,37546.86700173612,0.3205169845509062,low,low_missing,low_cv,-0.8206510958598763,0.016923898558132422,subnet_24h,"Mang con, 24h",transformer,81.0
,18.869393964092335,0.3690850968271167,0.3690850968271167,3480.0,19.659122428936623,0.35441933470775094,0.35441933470775094,3480.0,0.00042517006802722523,2352,32922.0,34428.555,43069.64121879934,1.2509860378901316,low,low_missing,mid_cv,-0.7897284648442877,0.014665762119365766,subnet_24h,"Mang con, 24h",transformer,82.0
,35.03244108085411,0.09851949603478627,0.09851949603478627,3480.0,37.16608388055051,0.1219479265057914,0.1219479265057914,3480.0,0.00042517006802722523,2352,6245.0,6888.687,17820.60633953744,2.5869380201512655,low,low_missing,high_cv,-2.1336427996963963,-0.023428430471005138,subnet_24h,"Mang con, 24h",transformer,83.0
,67.06126170851223,0.2492524749483471,0.2492524749483471,3462.0,68.43080143022674,-0.0177541715695578,-0.0177541715695578,3462.0,0.0012755102040816757,2352,2827.0,96097.6,600658.7675378171,6.250507377618165,low,high_missing,high_cv,-1.3695397217145029,0.2670066465179049,subnet_24h,"Mang con, 24h",transformer,84.0
,22.35918358261301,0.3157979306113327,0.3157979306113327,3480.0,25.840177196645428,0.26043595519705404,0.26043595519705404,3480.0,0.00042517006802722523,2352,289681.0,648884.0,537693.1875736319,0.8286430048724146,low,low_missing,low_cv,-3.4809936140324176,0.055361975414278675,subnet_24h,"Mang con, 24h",transformer,85.0
,31.58847753842195,0.6609657709226876,0.6609657709226876,3480.0,36.766841600824065,0.448867134311985,0.448867134311985,3480.0,0.00042517006802722523,2352,20862.0,64332.453,72360.62429089576,1.1247919327791958,low,low_missing,low_cv,-5.178364062402114,0.2120986366107026,subnet_24h,"Mang con, 24h",transformer,86.0
,44.23206719230131,0.004799799624044966,0.004799799624044966,3468.0,41.83624006124979,-0.0072450904920271,-0.0072450904920271,3468.0,0.00042517006802722523,2352,479481.0,9327072.0,227211430.838359,24.360424240142994,low,low_missing,high_cv,2.3958271310515187,0.012044890116072066,subnet_24h,"Mang con, 24h",transformer,87.0
,33.0299144158312,0.7055354138171123,0.7055354138171123,3480.0,49.48014422078356,0.7021290125264096,0.7021290125264096,3480.0,0.00042517006802722523,2352,117721.0,118751.78,31972.416877659653,0.2692373667250541,low,low_missing,low_cv,-16.450229804952357,0.0034064012907026875,subnet_24h,"Mang con, 24h",transformer,88.0
,45.16139865367449,-0.049232648649421,-0.049232648649421,3377.0,47.99518313768353,-0.019234549899635103,-0.019234549899635103,3377.0,0.004251700680272141,2352,1647.0,2532.2747,29979.63375806325,11.839013458096396,low,high_missing,high_cv,-2.833784484009044,-0.029998098749785897,subnet_24h,"Mang con, 24h",transformer,89.0
,129.269140647366,-0.07351363797606497,-0.07351363797606497,1677.0,128.76050349292026,-0.0623977789555989,-0.0623977789555989,1677.0,0.6109693877551021,2352,640225.0,9105110.0,25217901.56521834,2.7696427132915846,mid,high_missing,high_cv,0.5086371544457222,-0.011115859020466072,subnet_24h,"Mang con, 24h",transformer,90.0
,54.95974589354466,0.4799837697841253,0.4799837697841253,3480.0,53.62618421421944,0.4879360875174754,0.4879360875174754,3480.0,0.00042517006802722523,2352,416681152.0,507488930.0,441142621.2184936,0.8692655088201128,high,low_missing,low_cv,1.3335616793252143,-0.00795231773335009,subnet_24h,"Mang con, 24h",transformer,91.0
,90.43659414129735,-0.023447047667776565,-0.023447047667776565,3480.0,89.55756178186193,-0.027648968798546798,-0.027648968798546798,3480.0,0.00042517006802722523,2352,4516590.0,30120760.0,139483954.3335823,4.630824532102852,mid,low_missing,high_cv,0.8790323594354135,0.004201921130770232,subnet_24h,"Mang con, 24h",transformer,92.0
,59.39946473302357,0.1182567568771375,0.1182567568771375,3480.0,60.557567652157445,0.12057636392175326,0.12057636392175326,3480.0,0.00042517006802722523,2352,21271.0,36326.03,45359.75288579324,1.248684519748995,low,low_missing,mid_cv,-1.1581029191338743,-0.002319607044615757,subnet_24h,"Mang con, 24h",transformer,93.0
,119.08857179482276,-0.08413681276434697,-0.08413681276434697,3478.0,123.14590675984529,-0.09176933196379004,-0.09176933196379004,3478.0,0.00042517006802722523,2352,75955040.0,639481000.0,1688083711.7228258,2.639771390187218,high,low_missing,high_cv,-4.057334965022534,0.0076325191994430774,subnet_24h,"Mang con, 24h",transformer,94.0
,36.492752177853596,-0.0012778282475612,-0.0012778282475612,3480.0,37.456636447149386,-0.0016941360477694667,-0.0016941360477694667,3480.0,0.00042517006802722523,2352,484659.0,47655896.0,889425409.3466743,18.66349148795092,low,low_missing,high_cv,-0.9638842692957894,0.0004163078002082667,subnet_24h,"Mang con, 24h",transformer,95.0
,51.23398758814699,0.1603442305807589,0.1603442305807589,3471.0,53.343747815975206,0.17894480154901526,0.17894480154901526,3471.0,0.0008503401360544505,2352,7289.5,10283.807,33705.69131052541,3.27755008319341,low,high_missing,high_cv,-2.109760227828218,-0.018600570968256375,subnet_24h,"Mang con, 24h",transformer,96.0
,50.283110822073844,0.07740815716405566,0.07740815716405566,3477.0,51.84888981156117,0.10118857647405999,0.10118857647405999,3477.0,0.00042517006802722523,2352,7221.0,8966.446,10482.136980413225,1.1690402911574458,low,low_missing,mid_cv,-1.5657789894873275,-0.023780419310004325,subnet_24h,"Mang con, 24h",transformer,97.0
,60.92619626935093,0.13407580111994788,0.13407580111994788,3265.0,63.95816881205972,0.16057920364621736,0.16057920364621736,3265.0,0.008503401360544172,2352,6045.0,8588.657,15309.082432736537,1.782476821334713,low,high_missing,mid_cv,-3.031972542708786,-0.02650340252626948,subnet_24h,"Mang con, 24h",transformer,98.0
,59.61208455994563,0.10340127812877449,0.10340127812877449,3302.0,61.8856962605046,0.12601267444043499,0.12601267444043499,3302.0,0.005102040816326481,2352,6256.5,8037.1934,9131.69211937744,1.1361792246451008,low,high_missing,mid_cv,-2.2736117005589733,-0.022611396311660495,subnet_24h,"Mang con, 24h",transformer,99.0
,38.51651186482627,0.10002003049513468,0.10002003049513468,3480.0,39.09508306980925,0.11569488766985174,0.11569488766985174,3480.0,0.00042517006802722523,2352,11590636.0,19029000.0,46735951.15980554,2.4560382132432363,mid,low_missing,high_cv,-0.5785712049829783,-0.01567485717471706,subnet_24h,"Mang con, 24h",transformer,100.0
,40.50690442746912,0.42375663624118465,0.42375663624118465,3472.0,60.44822960120401,0.4178473795322248,0.4178473795322248,3472.0,0.00042517006802722523,2352,243263.0,277051.12,233731.54400007284,0.8436404797131679,low,low_missing,low_cv,-19.941325173734896,0.005909256708959865,subnet_24h,"Mang con, 24h",transformer,101.0
,23.119484517497785,0.3941831542422492,0.3941831542422492,3480.0,23.022281603479637,0.40321374210268984,0.40321374210268984,3480.0,0.00042517006802722523,2352,822868288.0,820696060.0,272952883.5599542,0.3325870508378047,high,low_missing,low_cv,0.09720291401814762,-0.009030587860440642,subnet_24h,"Mang con, 24h",transformer,102.0
,21.701667486829038,0.5777783008733426,0.5777783008733426,3480.0,25.014611791017717,0.5090046452147295,0.5090046452147295,3480.0,0.00042517006802722523,2352,9842490.0,10408730.0,6979353.993862573,0.6705288727695475,mid,low_missing,low_cv,-3.3129443041886795,0.06877365565861304,subnet_24h,"Mang con, 24h",transformer,103.0
,39.57903536520838,-0.003496408989742033,-0.003496408989742033,3480.0,38.99583046883249,-0.0036728508095887,-0.0036728508095887,3480.0,0.00042517006802722523,2352,323499.0,670749.75,13019727.902375018,19.410708542753863,low,low_missing,high_cv,0.5832048963758893,0.00017644181984666696,subnet_24h,"Mang con, 24h",transformer,104.0
,35.836039987253805,0.4232024950203212,0.4232024950203212,3480.0,36.924263799736664,0.36125555039545015,0.36125555039545015,3480.0,0.00042517006802722523,2352,19087.0,26792.238,42823.83030522698,1.5983670291256091,low,low_missing,mid_cv,-1.088223812482859,0.06194694462487105,subnet_24h,"Mang con, 24h",transformer,105.0
,32.47223521131816,0.19552228854082063,0.19552228854082063,3480.0,32.18526821338321,0.21400794604436532,0.21400794604436532,3480.0,0.00042517006802722523,2352,69383774208.0,71812915000.0,30745023600.243717,0.42812666098595753,high,low_missing,low_cv,0.28696699793494673,-0.018485657503544695,subnet_24h,"Mang con, 24h",transformer,106.0
,64.09761135216564,-0.062296361749496855,-0.062296361749496855,3480.0,61.37216971126727,0.0728287844437263,0.0728287844437263,3480.0,0.00042517006802722523,2352,149859472.0,411802100.0,1310871986.8456945,3.183257075781327,high,low_missing,high_cv,2.7254416408983744,-0.13512514619322316,subnet_24h,"Mang con, 24h",transformer,107.0
,77.68596465745726,0.026252779673706834,0.026252779673706834,3435.0,79.69040141501692,0.02977453868465167,0.02977453868465167,3435.0,0.004251700680272141,2352,2044.5,1490881.4,20217341.77111448,13.560664255474034,low,high_missing,high_cv,-2.0044367575596596,-0.0035217590109448346,subnet_24h,"Mang con, 24h",transformer,108.0
,117.51683523753957,-0.028183452186726504,-0.028183452186726504,3470.0,118.49248058642901,-0.008890649503977133,-0.008890649503977133,3470.0,0.00042517006802722523,2352,1765674.0,35833436.0,86242603.17629667,2.4067634255419064,mid,low_missing,high_cv,-0.9756453488894437,-0.01929280268274937,subnet_24h,"Mang con, 24h",transformer,109.0
,80.30222961259972,-0.005065682921261299,-0.005065682921261299,3479.0,80.98689778005944,-0.0047999690096566,-0.0047999690096566,3479.0,0.00042517006802722523,2352,33128.0,1301413.4,20039691.452410165,15.39840594646583,low,low_missing,high_cv,-0.6846681674597193,-0.0002657139116046996,subnet_24h,"Mang con, 24h",transformer,110.0
,116.38006129606913,-0.05395650688307527,-0.05395650688307527,2655.0,116.43162001168109,-0.05394657575672607,-0.05394657575672607,2655.0,0.22704081632653061,2352,594411.5,7580043.5,32094603.873700287,4.23409230747822,low,high_missing,high_cv,-0.05155871561196079,-9.931126349199682e-06,subnet_24h,"Mang con, 24h",transformer,111.0
,46.56324765711306,-658580.4030222598,-1.0,2158.0,107.05252216903273,-587188.6526045892,-1.0,2158.0,1.0,2352,,,,,,high_missing,low_cv,-60.48927451191967,-71391.75041767058,subnet_24h,"Mang con, 24h",transformer,112.0
,24.5028242341749,-0.008497268807619566,-0.008497268807619566,3480.0,26.053432317452167,-0.007433667351346067,-0.007433667351346067,3480.0,0.00042517006802722523,2352,59113492.0,88897160.0,180424454.50086322,2.0295862601332058,mid,low_missing,mid_cv,-1.5506080832772682,-0.001063601456273498,subnet_24h,"Mang con, 24h",transformer,113.0
,32.535077396106054,-0.017126180307720132,-0.017126180307720132,3480.0,32.292069901619634,-0.0236465748361903,-0.0236465748361903,3480.0,0.00042517006802722523,2352,127324.0,137825.56,69444.13474743583,0.5038552608659648,low,low_missing,low_cv,0.24300749448642023,0.006520394528470169,subnet_24h,"Mang con, 24h",transformer,114.0
,74.48932734500049,-0.0020301918562712997,-0.0020301918562712997,3480.0,82.72455459228303,-0.0011750289921984333,-0.0011750289921984333,3480.0,0.00042517006802722523,2352,3391849.0,4764796.5,27057829.016604256,5.678695620390977,mid,low_missing,high_cv,-8.235227247282538,-0.0008551628640728664,subnet_24h,"Mang con, 24h",transformer,115.0
,71.99605222273574,0.019630891046259234,0.019630891046259234,3480.0,71.54336053319577,0.007723657247044832,0.007723657247044832,3480.0,0.00042517006802722523,2352,113746992.0,238238660.0,340376720.7814579,1.4287216293793141,high,low_missing,mid_cv,0.4526916895399751,0.011907233799214403,subnet_24h,"Mang con, 24h",transformer,116.0
,66.32078960531474,0.032925061333040066,0.032925061333040066,3480.0,66.21167021360044,-0.006194281574932033,-0.006194281574932033,3480.0,0.00042517006802722523,2352,6305134.0,21740224.0,69874461.57852381,3.2140635523591574,mid,low_missing,high_cv,0.10911939171430163,0.0391193429079721,subnet_24h,"Mang con, 24h",transformer,117.0
,92.50583450081042,-0.037041173411598134,-0.037041173411598134,3480.0,95.01459675025121,-0.03976911731982117,-0.03976911731982117,3480.0,0.00042517006802722523,2352,12542683.0,79877300.0,157077503.17118505,1.9664849843087457,mid,low_missing,mid_cv,-2.5087622494407924,0.002727943908223035,subnet_24h,"Mang con, 24h",transformer,118.0
,56.4284301926261,-0.008137643063240966,-0.008137643063240966,3480.0,56.84998275093855,-0.011299596657961266,-0.011299596657961266,3480.0,0.00042517006802722523,2352,35419.0,431717.16,2243401.3339325152,5.196460926916233,low,low_missing,high_cv,-0.42155255831244887,0.0031619535947202994,subnet_24h,"Mang con, 24h",transformer,119.0
,22.39622838772119,0.13791315357211364,0.13791315357211364,3480.0,23.26897250780644,0.15505319383445368,0.15505319383445368,3480.0,0.00042517006802722523,2352,45879.0,48031.277,60814.44648715182,1.266142602286325,low,low_missing,mid_cv,-0.8727441200852475,-0.017140040262340034,subnet_24h,"Mang con, 24h",transformer,120.0
,60.034427405897226,-0.04023962225192974,-0.04023962225192974,3480.0,59.181424494573264,0.0012717151367632,0.0012717151367632,3480.0,0.00042517006802722523,2352,80312.0,139669.64,371086.2544049354,2.6568855818944037,low,low_missing,high_cv,0.8530029113239621,-0.041511337388692934,subnet_24h,"Mang con, 24h",transformer,121.0
,30.283409226284903,-0.03318337575836534,-0.03318337575836534,3480.0,30.031820218241307,0.014624286355206366,0.014624286355206366,3480.0,0.00042517006802722523,2352,14453.0,24923.943,378480.4059040154,15.185414300087155,low,low_missing,high_cv,0.2515890080435952,-0.0478076621135717,subnet_24h,"Mang con, 24h",transformer,122.0
,103.97731626958785,-0.05417779853457694,-0.05417779853457694,3480.0,103.4326356603414,-0.04537865360571907,-0.04537865360571907,3480.0,0.00042517006802722523,2352,10144751.0,47115470.0,97214388.19460835,2.063321963422299,mid,low_missing,mid_cv,0.5446806092464413,-0.008799144928857867,subnet_24h,"Mang con, 24h",transformer,123.0
,37.34881003162311,0.737132360594317,0.737132360594317,3480.0,37.29526499006938,0.7515444325176314,0.7515444325176314,3480.0,0.00042517006802722523,2352,2640483072.0,3742376700.0,3505917057.3758917,0.9368156480956685,high,low_missing,low_cv,0.05354504155373263,-0.014412071923314396,subnet_24h,"Mang con, 24h",transformer,124.0
,75.1834967399816,-0.0318030837772667,-0.0318030837772667,3480.0,78.87385936070068,-0.029949538540381265,-0.029949538540381265,3480.0,0.00042517006802722523,2352,162042.0,6669326.0,196596157.9032942,29.477665044907717,low,low_missing,high_cv,-3.690362620719071,-0.001853545236885433,subnet_24h,"Mang con, 24h",transformer,125.0
,27.24342407723047,0.6534351841429679,0.6534351841429679,3480.0,27.869980719241862,0.6600664678035629,0.6600664678035629,3480.0,0.00042517006802722523,2352,22916855808.0,25713754000.0,15483055601.384092,0.6021312770568386,high,low_missing,low_cv,-0.6265566420113942,-0.0066312836605950665,subnet_24h,"Mang con, 24h",transformer,126.0
,96.77084043469988,0.0288767277237291,0.0288767277237291,2427.0,117.13657536678254,-0.019730368990367734,-0.019730368990367734,2427.0,1.0,2352,,,,,,high_missing,low_cv,-20.36573493208266,0.04860709671409683,subnet_24h,"Mang con, 24h",transformer,127.0
,72.08403731024545,-0.040825739982483004,-0.040825739982483004,3480.0,72.48260965359528,-0.03585714120123263,-0.03585714120123263,3480.0,0.00042517006802722523,2352,4443407.0,10013662.0,28127271.434951775,2.8088896384710984,mid,low_missing,high_cv,-0.3985723433498265,-0.004968598781250375,subnet_24h,"Mang con, 24h",transformer,128.0
,63.94839914368222,0.49304684503587143,0.49304684503587143,3480.0,65.67499013928511,0.42392205754250484,0.42392205754250484,3480.0,0.00042517006802722523,2352,1649343.0,72092040.0,159907697.5141273,2.2181047659925746,mid,low_missing,mid_cv,-1.7265909956028977,0.06912478749336659,subnet_24h,"Mang con, 24h",transformer,129.0
,64.08297763949196,0.2831482561733137,0.2831482561733137,3480.0,63.59387519765844,0.2938518759535614,0.2938518759535614,3480.0,0.00042517006802722523,2352,24104212.0,414751840.0,863452781.285737,2.0818540100647582,mid,low_missing,mid_cv,0.48910244183351637,-0.010703619780247697,subnet_24h,"Mang con, 24h",transformer,130.0
,76.09697745620795,0.26630480292262354,0.26630480292262354,3480.0,77.33057036950777,0.23111811991364015,0.23111811991364015,3480.0,0.00042517006802722523,2352,107751960.0,203472960.0,305037541.15928537,1.4991551759962864,high,low_missing,mid_cv,-1.233592913299816,0.035186683008983394,subnet_24h,"Mang con, 24h",transformer,131.0
,76.30247848258405,0.5101241229653327,0.5101241229653327,3480.0,77.33925938949875,0.23179613759786913,0.23179613759786913,3480.0,0.00042517006802722523,2352,4704792.0,192133330.0,489041781.66842806,2.5453250966871717,mid,low_missing,high_cv,-1.0367809069147,0.2783279853674636,subnet_24h,"Mang con, 24h",transformer,132.0
,106.28145120621588,0.3214835160520795,0.3214835160520795,3471.0,106.78577591888727,0.22759855276161522,0.22759855276161522,3471.0,0.00042517006802722523,2352,824540.0,49878670.0,125884545.99665819,2.5238151087233875,mid,low_missing,high_cv,-0.5043247126713908,0.09388496329046425,subnet_24h,"Mang con, 24h",transformer,133.0
,93.64624552894315,0.2934890556900224,0.2934890556900224,3480.0,94.41809901897176,0.2943847812188144,0.2943847812188144,3480.0,0.00042517006802722523,2352,168570320.0,323057020.0,373209731.5841096,1.1552441329494498,high,low_missing,mid_cv,-0.7718534900286045,-0.0008957255287919685,subnet_24h,"Mang con, 24h",transformer,134.0
,80.00390624807392,-0.014195375383911399,-0.014195375383911399,3480.0,82.76050290909068,-0.014867513739942433,-0.014867513739942433,3480.0,0.00042517006802722523,2352,187732.0,4933627.0,37970303.52573966,7.696225013714994,low,low_missing,high_cv,-2.756596661016758,0.0006721383560310337,subnet_24h,"Mang con, 24h",transformer,135.0
,40.05063600714551,0.5095656558379998,0.5095656558379998,3480.0,40.723542445305505,0.5142181542250231,0.5142181542250231,3480.0,0.00042517006802722523,2352,4045286656.0,4821980000.0,3669469415.6702213,0.7609880783230393,high,low_missing,low_cv,-0.6729064381599912,-0.004652498387023307,subnet_24h,"Mang con, 24h",transformer,136.0
,35.116487281349066,0.3724228710766901,0.3724228710766901,3480.0,39.14367714733116,0.10490951105787194,0.10490951105787194,3480.0,0.00042517006802722523,2352,27711.0,104258.97,163679.90752673458,1.5699359919741636,low,low_missing,mid_cv,-4.027189865982095,0.26751336001881815,subnet_24h,"Mang con, 24h",transformer,137.0
,100.82234800267834,-0.010998084013274867,-0.010998084013274867,3480.0,100.82713423011823,-0.010362690533504632,-0.010362690533504632,3480.0,0.00042517006802722523,2352,9035803.0,27312000.0,170879922.21798807,6.256587661759962,mid,low_missing,high_cv,-0.004786227439893764,-0.0006353934797702354,subnet_24h,"Mang con, 24h",transformer,138.0
,45.11397483333739,0.0190023062753544,0.0190023062753544,3480.0,45.16068345868333,0.023817960363311835,0.023817960363311835,3480.0,0.00042517006802722523,2352,43361468.0,51725630.0,35925790.209516235,0.694545215213924,mid,low_missing,low_cv,-0.04670862534594278,-0.0048156540879574355,subnet_24h,"Mang con, 24h",transformer,139.0
,55.66768376078633,0.058386486436100636,0.058386486436100636,3394.0,55.918364562535146,-0.0063449696350725325,-0.0063449696350725325,3394.0,0.007227891156462607,2352,1276.0,4250.4194,35532.76282841583,8.359825043989295,low,high_missing,high_cv,-0.250680801748814,0.06473145607117317,subnet_24h,"Mang con, 24h",transformer,140.0
,53.2741493595889,0.026199812326460264,0.026199812326460264,3480.0,54.35657056627422,0.02124487778846543,0.02124487778846543,3480.0,0.00042517006802722523,2352,332829184.0,1514771200.0,4479374732.184305,2.9571295864248706,high,low_missing,high_cv,-1.082421206685325,0.004954934537994834,subnet_24h,"Mang con, 24h",transformer,141.0
,69.62739778868018,0.0212380475300035,0.0212380475300035,3480.0,71.39792108961619,0.0391094068084728,0.0391094068084728,3480.0,0.00042517006802722523,2352,526513.0,12397881.0,87733639.26758257,7.076502772335253,low,low_missing,high_cv,-1.7705233009360057,-0.017871359278469303,subnet_24h,"Mang con, 24h",transformer,142.0
,112.510789632723,-0.06491439113300217,-0.06491439113300217,3480.0,115.64834103073349,-0.06215393490249297,-0.06215393490249297,3480.0,0.00042517006802722523,2352,1099789.0,53068630.0,168667634.2569146,3.1782924846624008,mid,low_missing,high_cv,-3.137551398010487,-0.0027604562305091965,subnet_24h,"Mang con, 24h",transformer,143.0
,106.89976031662276,-0.1547025888569156,-0.1547025888569156,3480.0,88.5962100907331,-0.006499355136877099,-0.006499355136877099,3480.0,0.00042517006802722523,2352,147863232.0,158122400.0,111314671.61727107,0.7039778780063487,high,low_missing,low_cv,18.303550225889666,-0.1482032337200385,subnet_24h,"Mang con, 24h",transformer,144.0
,61.60166230895958,0.4638836997730282,0.4638836997730282,3480.0,62.25761754605352,0.3341139655676229,0.3341139655676229,3480.0,0.00042517006802722523,2352,158011200.0,476020450.0,675246682.8819062,1.4185245312863244,high,low_missing,mid_cv,-0.6559552370939343,0.12976973420540527,subnet_24h,"Mang con, 24h",transformer,145.0
,53.041210492515326,0.6965587750068147,0.6965587750068147,3480.0,53.289243193637446,0.6171535827455986,0.6171535827455986,3480.0,0.00042517006802722523,2352,551911936.0,1639106700.0,2212532627.837249,1.3498405223011627,high,low_missing,mid_cv,-0.2480327011221206,0.07940519226121612,subnet_24h,"Mang con, 24h",transformer,146.0
,127.5773624402222,-0.15895195089252848,-0.15895195089252848,3480.0,128.27051800535543,-0.17667938128981708,-0.17667938128981708,3480.0,0.00042517006802722523,2352,267715568.0,809742400.0,1389083216.1802804,1.7154631104660945,high,low_missing,mid_cv,-0.6931555651332246,0.017727430397288607,subnet_24h,"Mang con, 24h",transformer,147.0
,49.031035476958714,0.43307334707036177,0.43307334707036177,3478.0,49.91649703002329,0.44521586341512104,0.44521586341512104,3478.0,0.00042517006802722523,2352,381727360.0,742487000.0,905791931.6036303,1.2199431921128139,high,low_missing,mid_cv,-0.8854615530645731,-0.012142516344759269,subnet_24h,"Mang con, 24h",transformer,148.0
,81.54600363189002,0.023571037750109634,0.023571037750109634,3479.0,81.64306219290008,0.03492069928250603,0.03492069928250603,3479.0,0.00042517006802722523,2352,29405928.0,407570850.0,1568549799.8230941,3.8485328563614396,mid,low_missing,high_cv,-0.0970585610100585,-0.011349661532396398,subnet_24h,"Mang con, 24h",transformer,149.0
,77.26749895859241,0.1291158690709865,0.1291158690709865,3480.0,78.04064964814147,0.091845188510981,0.091845188510981,3480.0,0.002125850340136015,2352,38975292.0,298437660.0,610601785.8760487,2.0459943885502625,mid,high_missing,mid_cv,-0.7731506895490554,0.03727068056000549,subnet_24h,"Mang con, 24h",transformer,150.0
,73.89669373288272,0.16618412273559513,0.16618412273559513,3480.0,74.48258271573276,0.1589340780312826,0.1589340780312826,3480.0,0.00042517006802722523,2352,23431764.0,105829976.0,206850193.7071995,1.954552023211264,mid,low_missing,mid_cv,-0.5858889828500367,0.007250044704312536,subnet_24h,"Mang con, 24h",transformer,151.0
,65.22772224288455,0.4721533789764667,0.4721533789764667,3480.0,66.45114632910156,0.4226385041686038,0.4226385041686038,3480.0,0.00042517006802722523,2352,68930872.0,205869660.0,332629601.82524425,1.6157290751941202,mid,low_missing,mid_cv,-1.2234240862170083,0.049514874807862874,subnet_24h,"Mang con, 24h",transformer,152.0
,61.56035550714449,0.416384892759323,0.416384892759323,3480.0,61.19047361954198,0.43040241917775446,0.43040241917775446,3480.0,0.00042517006802722523,2352,506844896.0,678373500.0,646658846.8250833,0.9532489742186088,high,low_missing,low_cv,0.36988188760251006,-0.014017526418431459,subnet_24h,"Mang con, 24h",transformer,153.0
,92.12719131813192,0.2455783458333689,0.2455783458333689,3480.0,94.20723512029974,0.14219541140838735,0.14219541140838735,3480.0,0.02423469387755106,2352,10545274.0,66169720.0,148777245.69230548,2.248418849170066,mid,high_missing,high_cv,-2.080043802167822,0.10338293442498156,subnet_24h,"Mang con, 24h",transformer,154.0
,67.77905320502013,-0.0027633325515291334,-0.0027633325515291334,3480.0,69.09113112604182,0.0005475824767480001,0.0005475824767480001,3480.0,0.00170068027210879,2352,23542442.0,229711790.0,784781592.4654412,3.41637486535929,mid,high_missing,high_cv,-1.3120779210216824,-0.0033109150282771335,subnet_24h,"Mang con, 24h",transformer,155.0
,83.7933415498037,0.0381741295100329,0.0381741295100329,3478.0,88.39038386162838,0.015143838418926666,0.015143838418926666,3478.0,0.00042517006802722523,2352,40651956.0,84301864.0,115596274.54766625,1.3712184886880585,mid,low_missing,mid_cv,-4.59704231182468,0.023030291091106235,subnet_24h,"Mang con, 24h",transformer,156.0
,70.34465546867744,-0.02201153183355847,-0.02201153183355847,3480.0,70.25868803400395,-0.022160415350860534,-0.022160415350860534,3480.0,0.00042517006802722523,2352,53959.0,322585500.0,2407516711.3014174,7.463189391490503,low,low_missing,high_cv,0.085967434673492,0.00014888351730206473,subnet_24h,"Mang con, 24h",transformer,157.0
,37.06394261249492,0.37154056267333724,0.37154056267333724,3480.0,36.52099550838258,0.41279188450537146,0.41279188450537146,3480.0,0.00042517006802722523,2352,3376357632.0,4269766100.0,3421196922.259023,0.8012609606422096,high,low_missing,low_cv,0.5429471041123364,-0.04125132183203423,subnet_24h,"Mang con, 24h",transformer,158.0
,82.54037171406124,-0.0068010774510985665,-0.0068010774510985665,3480.0,83.16036983440773,-0.0023120352857336664,-0.0023120352857336664,3480.0,0.00042517006802722523,2352,15867717.0,64625132.0,139035857.03271106,2.151420859499537,mid,low_missing,mid_cv,-0.6199981203464944,-0.0044890421653649,subnet_24h,"Mang con, 24h",transformer,159.0
,79.90496003998273,0.0893934381828041,0.0893934381828041,3480.0,79.75908790387597,0.08142227939537221,0.08142227939537221,3480.0,0.00042517006802722523,2352,127225352.0,199408540.0,289697471.8962578,1.4527836475063867,high,low_missing,mid_cv,0.1458721361067603,0.00797115878743189,subnet_24h,"Mang con, 24h",transformer,160.0
,44.432090248028324,0.3293331538732722,0.3293331538732722,3480.0,44.78164618938709,0.3457842454148012,0.3457842454148012,3480.0,0.00042517006802722523,2352,316718336.0,561479400.0,851361131.6829172,1.5162819780959902,high,low_missing,mid_cv,-0.34955594135876566,-0.01645109154152896,subnet_24h,"Mang con, 24h",transformer,161.0
,62.9507917725795,0.28350759107078016,0.28350759107078016,3480.0,63.820483908634024,0.3103876784498993,0.3103876784498993,3480.0,0.00042517006802722523,2352,886321664.0,1335048000.0,1369526413.1458707,1.025825647316585,high,low_missing,low_cv,-0.8696921360545247,-0.026880087379119122,subnet_24h,"Mang con, 24h",transformer,162.0
,39.52995719346422,0.5395429385338119,0.5395429385338119,3480.0,43.71210611417081,0.5205380897700403,0.5205380897700403,3480.0,0.00042517006802722523,2352,5150931456.0,6075930600.0,4193085412.8149095,0.6901141030564389,high,low_missing,low_cv,-4.182148920706588,0.01900484876377151,subnet_24h,"Mang con, 24h",transformer,163.0
,29.726290063211124,0.7370520163755837,0.7370520163755837,3480.0,31.78415452705558,0.6943250816193832,0.6943250816193832,3480.0,0.00042517006802722523,2352,4970984960.0,5751181300.0,4038235771.2181945,0.7021576180866187,high,low_missing,low_cv,-2.0578644638444565,0.042726934756200485,subnet_24h,"Mang con, 24h",transformer,164.0
,86.43081398684745,0.03063293092227797,0.03063293092227797,3480.0,86.41368583913766,-0.009453827551193764,-0.009453827551193764,3480.0,0.00042517006802722523,2352,10498.0,11767150.0,63130686.90790664,5.364993809708097,low,low_missing,high_cv,0.01712814770979776,0.040086758473471734,subnet_24h,"Mang con, 24h",transformer,165.0
,31.192835211856018,0.11412204715394132,0.11412204715394132,3479.0,31.54048621380919,0.08897270599452874,0.08897270599452874,3479.0,0.0008503401360544505,2352,10640.0,11266.151,6657.627926763755,0.5909407489547849,low,high_missing,low_cv,-0.3476510019531709,0.025149341159412586,subnet_24h,"Mang con, 24h",transformer,166.0
,27.197440095806417,0.5507881884722338,0.5507881884722338,3480.0,28.17908036613284,0.456814216237123,0.456814216237123,3480.0,0.00042517006802722523,2352,90545.0,132067.67,92612.75280219529,0.7012522556606572,low,low_missing,low_cv,-0.9816402703264231,0.09397397223511078,subnet_24h,"Mang con, 24h",transformer,167.0
,48.76712709765627,0.018531733008198898,0.018531733008198898,3480.0,48.71417958229503,0.05042605579819173,0.05042605579819173,3480.0,0.00042517006802722523,2352,463540448.0,569505000.0,511123147.19094676,0.8974866342723374,high,low_missing,low_cv,0.05294751536123954,-0.03189432278999284,subnet_24h,"Mang con, 24h",transformer,168.0
,83.27478749823926,-0.004817822166949567,-0.004817822166949567,3480.0,90.5613478366311,-0.005372241902400667,-0.005372241902400667,3480.0,0.00042517006802722523,2352,4533.0,146786.67,2560030.4077611547,17.440482675029344,low,low_missing,high_cv,-7.286560338391837,0.0005544197354510998,subnet_24h,"Mang con, 24h",transformer,169.0
,51.49739881560881,0.14976470931616628,0.14976470931616628,3480.0,51.29940166812228,0.14928418757546247,0.14928418757546247,3480.0,0.00042517006802722523,2352,376459776.0,450263070.0,428454863.2712963,0.9515656288848319,high,low_missing,low_cv,0.1979971474865323,0.00048052174070381537,subnet_24h,"Mang con, 24h",transformer,170.0
,45.9982409526335,0.17369180038652773,0.17369180038652773,3480.0,46.460224984610285,0.16982157295660869,0.16982157295660869,3480.0,0.00042517006802722523,2352,358588768.0,455877380.0,395730206.1275638,0.8680628321585403,high,low_missing,low_cv,-0.46198403197678317,0.0038702274299190487,subnet_24h,"Mang con, 24h",transformer,171.0
,33.69276102991122,0.33523925505359364,0.33523925505359364,3480.0,33.59916628055081,0.34760921712003,0.34760921712003,3480.0,0.00042517006802722523,2352,1189428736.0,1451833600.0,1056616974.1682338,0.7277810447204375,high,low_missing,low_cv,0.09359474936040613,-0.012369962066436369,subnet_24h,"Mang con, 24h",transformer,172.0
,47.27306990650576,0.11560697539922776,0.11560697539922776,3480.0,47.40365331406986,0.12098851208345186,0.12098851208345186,3480.0,0.00042517006802722523,2352,371302784.0,444789920.0,345640161.62616026,0.7770863189214365,high,low_missing,low_cv,-0.13058340756409592,-0.0053815366842241,subnet_24h,"Mang con, 24h",transformer,173.0
,51.741577975961434,0.26158264887432214,0.26158264887432214,3478.0,50.81160127150511,0.12939191594862634,0.12939191594862634,3478.0,0.00042517006802722523,2352,280350048.0,369067900.0,318217267.680404,0.8622187522445842,high,low_missing,low_cv,0.9299767044563225,0.1321907329256958,subnet_24h,"Mang con, 24h",transformer,174.0
,46.25254817704356,0.04664779785271677,0.04664779785271677,3478.0,61.56294178816595,-34.50108850087188,-1.0,3478.0,0.00042517006802722523,2352,249265376.0,340823940.0,391818175.9982477,1.1496204773547585,high,low_missing,mid_cv,-15.310393611122393,34.547736298724594,subnet_24h,"Mang con, 24h",transformer,175.0
,44.06076409426927,-0.3110376163794026,-0.0914956644699052,3474.0,46.718066650844584,0.39834724879378025,0.39834724879378025,3474.0,0.00042517006802722523,2352,1634314496.0,1960302100.0,1432658448.263478,0.7308355497248047,high,low_missing,low_cv,-2.657302556575317,-0.7093848651731829,subnet_24h,"Mang con, 24h",transformer,176.0
,62.4090592452053,0.0450082902605173,0.0450082902605173,3277.0,61.77063657915295,0.03549858906559147,0.03549858906559147,3277.0,0.00042517006802722523,2352,38667008.0,80808660.0,174943640.18918312,2.1649121374965463,mid,low_missing,mid_cv,0.6384226660523495,0.009509701194925835,subnet_24h,"Mang con, 24h",transformer,177.0
,28.202551851578836,0.3598037584065434,0.3598037584065434,3480.0,28.35557986361998,0.36672992048579217,0.36672992048579217,3480.0,0.00042517006802722523,2352,2021419264.0,2201166300.0,1079615873.7630427,0.4904744617005821,high,low_missing,low_cv,-0.15302801204114402,-0.006926162079248788,subnet_24h,"Mang con, 24h",transformer,178.0
,34.97240555553871,0.3323335413976134,0.3323335413976134,3480.0,34.800593909533404,0.36225034327589495,0.36225034327589495,3480.0,0.00042517006802722523,2352,1368513408.0,1883276400.0,1603581951.8004,0.8514851766722278,high,low_missing,low_cv,0.17181164600530252,-0.02991680187828155,subnet_24h,"Mang con, 24h",transformer,179.0
,66.74858802148225,-0.05627156691138263,-0.05627156691138263,3480.0,66.18333585006138,-0.0363211881486623,-0.0363211881486623,3480.0,0.00042517006802722523,2352,248503792.0,319497600.0,270429931.9447129,0.8464224205274559,high,low_missing,low_cv,0.565252171420866,-0.01995037876272033,subnet_24h,"Mang con, 24h",transformer,180.0
,40.64612113300391,0.676341422558075,0.676341422558075,3480.0,41.00841385593785,0.6512751897819298,0.6512751897819298,3480.0,0.00042517006802722523,2352,471735104.0,1461722200.0,1912123291.4882886,1.3081303952030507,high,low_missing,mid_cv,-0.3622927229339439,0.02506623277614517,subnet_24h,"Mang con, 24h",transformer,181.0
,69.7117822540031,0.32685471129840976,0.32685471129840976,3480.0,69.77880498581374,0.3192408168388834,0.3192408168388834,3480.0,0.00042517006802722523,2352,48618076.0,114378700.0,167209416.88900074,1.4618929139903591,mid,low_missing,mid_cv,-0.06702273181063845,0.007613894459526371,subnet_24h,"Mang con, 24h",transformer,182.0
,161.11122637108954,-0.19670180726030628,-0.19670180726030628,3386.0,166.98434495490383,-0.18690871238861895,-0.18690871238861895,3386.0,0.01913265306122447,2352,42926.0,90846070.0,193782279.11880755,2.1330837410208288,low,high_missing,mid_cv,-5.873118583814289,-0.009793094871687336,subnet_24h,"Mang con, 24h",transformer,183.0
,43.29094354545065,0.38081964375129185,0.38081964375129185,3480.0,42.765209613940506,0.39782145171733646,0.39782145171733646,3480.0,0.00042517006802722523,2352,367670592.0,653070000.0,650418537.6097263,0.9959399783709045,high,low_missing,low_cv,0.5257339315101461,-0.017001807966044613,subnet_24h,"Mang con, 24h",transformer,184.0
,42.11402043977989,-0.043034885004336304,-0.043034885004336304,3478.0,44.64180107319694,-0.0190181706280993,-0.0190181706280993,3478.0,0.00042517006802722523,2352,3034.0,3827.462,29481.883338195235,7.702724155105418,low,low_missing,high_cv,-2.527780633417045,-0.024016714376237005,subnet_24h,"Mang con, 24h",transformer,185.0
,36.86721380058153,0.0023914547930024995,0.0023914547930024995,3479.0,38.037553469590144,0.0323673602908457,0.0323673602908457,3479.0,0.00042517006802722523,2352,4698.0,5626.456,5087.622402989582,0.9042321407186668,low,low_missing,low_cv,-1.1703396690086123,-0.0299759054978432,subnet_24h,"Mang con, 24h",transformer,186.0
,40.63984446965242,0.007964835522989032,0.007964835522989032,3474.0,42.079437340998915,0.0606058188004788,0.0606058188004788,3474.0,0.0008503401360544505,2352,2543.0,2835.5408,4374.771283960333,1.5428349075263648,low,high_missing,mid_cv,-1.4395928713464983,-0.05264098327748977,subnet_24h,"Mang con, 24h",transformer,187.0
,70.51343767653559,0.4666170541746779,0.4666170541746779,3463.0,72.20206046761984,0.4113823883129937,0.4113823883129937,3463.0,0.003826530612244916,2352,1142240.0,81577750.0,194968495.25003752,2.3899714134073897,mid,high_missing,high_cv,-1.6886227910842564,0.05523466586168424,subnet_24h,"Mang con, 24h",transformer,188.0
,75.76856113613498,0.339559365308382,0.339559365308382,3474.0,80.58141183295,0.33463509235093225,0.33463509235093225,3474.0,0.00042517006802722523,2352,75630208.0,238990860.0,445352064.58798003,1.8634689926388988,high,low_missing,mid_cv,-4.812850696815019,0.004924272957449738,subnet_24h,"Mang con, 24h",transformer,189.0
,76.56058514349428,0.19514815729582957,0.19514815729582957,3480.0,83.26265523323595,-1.3118092764529317,-0.4711937040797678,3480.0,0.00042517006802722523,2352,393238848.0,1940406800.0,2883634156.5394855,1.4860977503877277,high,low_missing,mid_cv,-6.702070089741667,1.5069574337487612,subnet_24h,"Mang con, 24h",transformer,190.0
,72.9133940376897,0.44080542894531044,0.44080542894531044,3480.0,72.97405448059334,0.40463964263210334,0.40463964263210334,3480.0,0.00042517006802722523,2352,172481424.0,359785600.0,435957771.0423226,1.211715452320278,high,low_missing,mid_cv,-0.06066044290363948,0.036165786313207104,subnet_24h,"Mang con, 24h",transformer,191.0
,85.46386153779001,0.2276399841664379,0.2276399841664379,3480.0,88.6212298367755,-0.3569627673848866,-0.26963812894735806,3480.0,0.00042517006802722523,2352,143150864.0,374274720.0,513325057.9474198,1.3715194495300667,high,low_missing,mid_cv,-3.1573682989854888,0.5846027515513245,subnet_24h,"Mang con, 24h",transformer,192.0
,65.06385523823403,0.35320066314827936,0.35320066314827936,3480.0,65.69863973864928,0.39730314681475853,0.39730314681475853,3480.0,0.00042517006802722523,2352,35567156.0,216054030.0,436252076.0822755,2.0191804431693066,mid,low_missing,mid_cv,-0.6347845004152504,-0.044102483666479175,subnet_24h,"Mang con, 24h",transformer,193.0
,67.54439490192499,0.512711942852727,0.512711942852727,3480.0,67.9367091980014,0.5278551118362844,0.5278551118362844,3480.0,0.00042517006802722523,2352,15886766.0,106794500.0,207645855.97883165,1.944349791011998,mid,low_missing,mid_cv,-0.3923142960764068,-0.015143168983557387,subnet_24h,"Mang con, 24h",transformer,194.0
,70.41532041857198,0.30447440732744274,0.30447440732744274,3480.0,71.03342096297018,0.27994508041726496,0.27994508041726496,3480.0,0.0008503401360544505,2352,16021830.5,150817710.0,438806268.5740798,2.9095141595443366,mid,high_missing,high_cv,-0.6181005443982031,0.024529326910177784,subnet_24h,"Mang con, 24h",transformer,195.0
,82.37883104688562,0.4717496600491446,0.4717496600491446,3480.0,83.86549360015283,0.00797697750926736,0.00797697750926736,3480.0,0.00042517006802722523,2352,16635705.0,227261920.0,431438098.4290651,1.8984179066561837,mid,low_missing,mid_cv,-1.4866625532672089,0.46377268253987725,subnet_24h,"Mang con, 24h",transformer,196.0
,92.23229238071458,0.37919583394898,0.37919583394898,3480.0,93.05874007794971,-0.027446573105785743,-0.027446573105785743,3480.0,0.00042517006802722523,2352,57100252.0,208478750.0,330126246.25345963,1.5835006833380296,mid,low_missing,mid_cv,-0.8264476972351247,0.40664240705476573,subnet_24h,"Mang con, 24h",transformer,197.0
,21.830959509730132,0.19824161676676735,0.19824161676676735,3476.0,22.122787845366997,0.16685342220329624,0.16685342220329624,3476.0,0.00042517006802722523,2352,25216.0,46335.63,72325.61873149178,1.5609072421964278,low,low_missing,mid_cv,-0.2918283356368647,0.03138819456347111,subnet_24h,"Mang con, 24h",transformer,198.0
,50.06818987252095,-0.025254734382646065,-0.025254734382646065,3375.0,51.375221712197686,0.0347463995086441,0.0347463995086441,3375.0,0.005102040816326481,2352,1253.0,2379.667,47663.407407899096,20.02944427282436,low,high_missing,high_cv,-1.307031839676732,-0.060001133891290165,subnet_24h,"Mang con, 24h",transformer,199.0
,24.77046963689213,0.5656496342364891,0.5656496342364891,3480.0,25.409147581405232,0.548930745516606,0.548930745516606,3480.0,0.00042517006802722523,2352,52894072832.0,55006278000.0,26468816352.37101,0.48119628325790814,high,low_missing,low_cv,-0.6386779445131019,0.01671888871988303,subnet_24h,"Mang con, 24h",transformer,200.0
,43.914067357124566,-0.0021875080019158996,-0.0021875080019158996,3480.0,43.01781078393029,-0.005291335683368967,-0.005291335683368967,3480.0,0.00042517006802722523,2352,880647.0,1984588.0,11377063.78522412,5.732708141550851,mid,low_missing,high_cv,0.8962565731942789,0.003103827681453067,subnet_24h,"Mang con, 24h",transformer,201.0
,35.5147295848705,0.17951153776425052,0.17951153776425052,3480.0,36.43780876261533,0.20897140807734824,0.20897140807734824,3480.0,0.00042517006802722523,2352,58441568256.0,67350127000.0,45778479814.298294,0.6797088904022337,high,low_missing,low_cv,-0.9230791777448317,-0.029459870313097714,subnet_24h,"Mang con, 24h",transformer,202.0
,69.70899536398838,0.08930530757097843,0.08930530757097843,3480.0,71.51843979934362,0.06903244129933393,0.06903244129933393,3480.0,0.00042517006802722523,2352,51497496.0,322785800.0,913343957.1783199,2.829566789539237,mid,low_missing,high_cv,-1.8094444353552461,0.0202728662716445,subnet_24h,"Mang con, 24h",transformer,203.0
,65.64564108676537,0.0512876936308132,0.0512876936308132,3480.0,66.47662646029563,0.014581637577744534,0.014581637577744534,3480.0,0.00042517006802722523,2352,66593252.0,139318000.0,196413512.0186337,1.409821502021517,mid,low_missing,mid_cv,-0.8309853735302681,0.03670605605306867,subnet_24h,"Mang con, 24h",transformer,204.0
,42.43155477379534,0.1391479663324621,0.1391479663324621,3480.0,43.25841489515627,0.13150285659709526,0.13150285659709526,3480.0,0.00042517006802722523,2352,43697700.0,99350760.0,257491288.5345905,2.5917394948422188,mid,low_missing,high_cv,-0.8268601213609301,0.007645109735366834,subnet_24h,"Mang con, 24h",transformer,205.0
,48.383579224747194,0.017211789855950867,0.017211789855950867,3480.0,48.26116645152248,0.020550292464628,0.020550292464628,3480.0,0.00042517006802722523,2352,293228416.0,552457900.0,1020401178.157411,1.8470206349062948,high,low_missing,mid_cv,0.12241277322471689,-0.003338502608677133,subnet_24h,"Mang con, 24h",transformer,206.0
,74.46627014808341,0.0269304201354553,0.0269304201354553,3480.0,75.12240463896792,0.0390029749974741,0.0390029749974741,3480.0,0.00042517006802722523,2352,8102940.0,29021386.0,73619729.92141214,2.536740661573232,mid,low_missing,high_cv,-0.6561344908845115,-0.0120725548620188,subnet_24h,"Mang con, 24h",transformer,207.0
,66.84460442575114,0.013682373508982633,0.013682373508982633,3480.0,68.62688506192713,0.01883435298258423,0.01883435298258423,3480.0,0.00042517006802722523,2352,49010056.0,302824770.0,1403297506.752627,4.634024871943852,mid,low_missing,high_cv,-1.782280636175983,-0.005151979473601598,subnet_24h,"Mang con, 24h",transformer,208.0
,111.9789396835572,-0.05978254185042057,-0.05978254185042057,3476.0,106.43525879409316,-0.0634286361867939,-0.0634286361867939,3476.0,0.00042517006802722523,2352,335695.0,12914504.0,68648371.44407356,5.315602631279805,low,low_missing,high_cv,5.543680889464042,0.0036460943363733275,subnet_24h,"Mang con, 24h",transformer,209.0
,146.97882082296528,-0.05815214317548067,-0.05815214317548067,3480.0,147.0838069314248,-0.06611511802030014,-0.06611511802030014,3480.0,0.00042517006802722523,2352,6548055.0,51729348.0,124934388.8136068,2.415154910005956,mid,low_missing,high_cv,-0.10498610845951362,0.007962974844819469,subnet_24h,"Mang con, 24h",transformer,210.0
,27.851841856300087,0.695583106640643,0.695583106640643,3480.0,27.518295846094976,0.704379206646085,0.704379206646085,3480.0,0.00042517006802722523,2352,14231563264.0,18239551000.0,12858973042.976162,0.7050048928799714,high,low_missing,low_cv,0.33354601020511154,-0.008796100005441954,subnet_24h,"Mang con, 24h",transformer,211.0
,37.23041564174738,0.11611802405288008,0.11611802405288008,3480.0,38.82974714644419,0.11116885106118017,0.11116885106118017,3480.0,0.00042517006802722523,2352,5539.0,6116.659,2666.4379007091206,0.43593043561491174,low,low_missing,low_cv,-1.5993315046968135,0.004949172991699904,subnet_24h,"Mang con, 24h",transformer,212.0
,54.65455295988312,-0.0034184922014839,-0.0034184922014839,3480.0,56.233700110692354,-0.006869566848709767,-0.006869566848709767,3480.0,0.00042517006802722523,2352,75575.0,80038.82,41720.38322503455,0.5212518508161833,low,low_missing,low_cv,-1.5791471508092343,0.0034510746472258672,subnet_24h,"Mang con, 24h",transformer,213.0
,41.26476350425729,0.15319216560504037,0.15319216560504037,3480.0,39.346728262496164,0.294969380552257,0.294969380552257,3480.0,0.00042517006802722523,2352,14390.0,22424.678,24795.34397311249,1.1057168476095187,low,low_missing,low_cv,1.9180352417611246,-0.14177721494721665,subnet_24h,"Mang con, 24h",transformer,214.0
,56.15525242396532,-0.020694894841141134,-0.020694894841141134,1723.0,56.487452792601154,-0.030481771919666733,-0.030481771919666733,1723.0,0.502125850340136,2352,1221.0,1526.3458,1472.525285121643,0.9647389607353349,low,high_missing,low_cv,-0.33220036863583147,0.009786877078525599,subnet_24h,"Mang con, 24h",transformer,216.0
,40.595906341382836,0.07733367468659026,0.07733367468659026,3414.0,41.715718243392715,0.025545948583110697,0.025545948583110697,3414.0,0.2551020408163265,2352,1909.0,2254.1296,1587.8269069575233,0.7044079806754439,low,high_missing,low_cv,-1.1198119020098787,0.051787726103479564,subnet_24h,"Mang con, 24h",transformer,217.0
,32.775529734780655,0.13548157855675846,0.13548157855675846,3480.0,35.22045480230431,0.1032898077416951,0.1032898077416951,3480.0,0.00042517006802722523,2352,5711.0,5899.2783,1885.398339092119,0.31959813331747405,low,low_missing,low_cv,-2.4449250675236556,0.03219177081506336,subnet_24h,"Mang con, 24h",transformer,218.0
,45.60702156026701,0.07255144440276903,0.07255144440276903,3455.0,45.66328321410321,0.09131251458736271,0.09131251458736271,3455.0,0.06845238095238093,2352,2200.0,2410.6033,1405.2385101727764,0.5829405969848676,low,high_missing,low_cv,-0.056261653836202186,-0.01876107018459368,subnet_24h,"Mang con, 24h",transformer,219.0
,37.03927591561443,0.12161344218720156,0.12161344218720156,1878.0,36.54791541420145,0.1341082114365043,0.1341082114365043,1878.0,0.8869047619047619,2352,1027.0,1344.579,1045.4638671505477,0.7775399460323202,low,high_missing,low_cv,0.49136050141298426,-0.012494769249302748,subnet_24h,"Mang con, 24h",transformer,220.0
,57.42587663609274,-0.11297418217483578,-0.11297418217483578,2566.0,57.16783998081135,-0.0970717090225617,-0.0970717090225617,2566.0,0.3924319727891157,2352,1444.0,1855.5066,1415.2591717562154,0.762734650479294,low,high_missing,low_cv,0.2580366552813871,-0.015902473152274083,subnet_24h,"Mang con, 24h",transformer,221.0
,47.80279178683923,0.0354369702804627,0.0354369702804627,3480.0,47.57522167658319,0.04280225162992443,0.04280225162992443,3480.0,0.00042517006802722523,2352,228866.0,4735561.0,17980932.60300597,3.7970015808065765,low,low_missing,high_cv,0.22757011025603902,-0.007365281349461732,subnet_24h,"Mang con, 24h",transformer,222.0
,45.96549463288206,0.059294770109936334,0.059294770109936334,3429.0,45.79360180027002,0.0788217729133081,0.0788217729133081,3429.0,0.9085884353741497,2352,1930.0,2092.242,1147.8326904019596,0.548613746151633,low,high_missing,low_cv,0.1718928326120448,-0.01952700280337176,subnet_24h,"Mang con, 24h",transformer,223.0
,39.53702195786809,-0.023125244616282268,-0.023125244616282268,3480.0,40.928605101017325,0.009778303895408265,0.009778303895408265,3480.0,0.00042517006802722523,2352,4632.0,4868.19,1673.9089295483357,0.3438462651818392,low,low_missing,low_cv,-1.3915831431492336,-0.032903548511690535,subnet_24h,"Mang con, 24h",transformer,224.0
,41.57160593581877,-0.023369220050449835,-0.023369220050449835,3357.0,42.63152450780505,-0.057412451684915135,-0.057412451684915135,3357.0,0.4000850340136054,2352,1596.0,1885.4862,1289.0920892338088,0.6836921347365292,low,high_missing,low_cv,-1.0599185719862732,0.0340432316344653,subnet_24h,"Mang con, 24h",transformer,225.0
,37.83965263482078,0.009997322320796066,0.009997322320796066,3480.0,39.49620937897256,0.03240965688898157,0.03240965688898157,3480.0,0.00042517006802722523,2352,4828.0,5093.074,2854.4711311005835,0.5604613262048949,low,low_missing,low_cv,-1.6565567441517786,-0.022412334568185505,subnet_24h,"Mang con, 24h",transformer,226.0
,44.70515608587789,0.058153178685238865,0.058153178685238865,3467.0,44.84091055053003,0.11234255288482424,0.11234255288482424,3467.0,0.0008503401360544505,2352,2876.0,3055.6277,1383.9814901552825,0.4529287048620215,low,high_missing,low_cv,-0.1357544646521447,-0.054189374199585374,subnet_24h,"Mang con, 24h",transformer,227.0
,60.758949183604614,-0.0659568232431831,-0.0659568232431831,3470.0,60.89984457233047,-0.04675163634826884,-0.04675163634826884,3470.0,0.0025510204081632404,2352,3942.0,5686.1895,4692.699574966566,0.8252802010294548,low,high_missing,low_cv,-0.14089538872585905,-0.01920518689491426,subnet_24h,"Mang con, 24h",transformer,228.0
,47.36823999431784,0.056835142781884035,0.056835142781884035,3385.0,47.41810357253623,0.054667049298343366,0.054667049298343366,3385.0,0.09311224489795922,2352,1968.0,2174.0474,1245.756203622426,0.5730124488834636,low,high_missing,low_cv,-0.04986357821839249,0.0021680934835406687,subnet_24h,"Mang con, 24h",transformer,229.0
,34.64294921889195,-0.013244845868568935,-0.013244845868568935,3480.0,36.94339666072535,-0.045022254788867934,-0.045022254788867934,3480.0,0.00042517006802722523,2352,5653.0,5866.1514,1975.2719847293147,0.33672366447583674,low,low_missing,low_cv,-2.3004474418333984,0.031777408920299,subnet_24h,"Mang con, 24h",transformer,230.0
,38.1753848891508,0.010290467755225633,0.010290467755225633,3480.0,39.80398836251312,0.034280249017417434,0.034280249017417434,3480.0,0.00042517006802722523,2352,4736.0,5019.2056,1833.0215647731848,0.3652015324978267,low,low_missing,low_cv,-1.6286034733623183,-0.0239897812621918,subnet_24h,"Mang con, 24h",transformer,231.0
,46.30151258360117,0.031270089961491464,0.031270089961491464,3460.0,45.28830927502031,0.09788749872010843,0.09788749872010843,3460.0,0.8932823129251701,2352,2440.0,2577.263,1107.929522389251,0.42988610336527977,low,high_missing,low_cv,1.013203308580863,-0.06661740875861696,subnet_24h,"Mang con, 24h",transformer,232.0
,32.17760382762448,0.19141043603427413,0.19141043603427413,3480.0,33.211668845733435,0.1976316485104014,0.1976316485104014,3480.0,0.00042517006802722523,2352,5507.0,5633.9077,1817.6093184333088,0.32261964704257107,low,mid_missing,low_cv,-1.0340650181089543,-0.00622121247612728,subnet_24h,"Mang con, 24h",transformer,233.0
,43.27696105209813,0.4227879371626339,0.4227879371626339,3480.0,43.88588342940651,0.4072207459195509,0.4072207459195509,3480.0,0.00042517006802722523,2352,1068246848.0,1495950600.0,1325746849.1238112,0.8862236869409997,high,mid_missing,low_cv,-0.6089223773083816,0.015567191243083034,subnet_24h,"Mang con, 24h",transformer,234.0
,27.62492901213456,0.6912429381662516,0.6912429381662516,3480.0,28.670855404611018,0.6779094573234921,0.6779094573234921,3480.0,0.00042517006802722523,2352,18945470464.0,21361437000.0,13043456481.996344,0.6106076422796674,high,mid_missing,low_cv,-1.0459263924764564,0.013333480842759537,subnet_24h,"Mang con, 24h",transformer,236.0
,67.37647731053106,0.45861304863217667,0.45861304863217667,3480.0,69.29555914503494,0.30967536065503737,0.30967536065503737,3480.0,0.00042517006802722523,2352,54922464.0,248657580.0,392201262.95420223,1.5772744858415508,mid,mid_missing,mid_cv,-1.919081834503885,0.1489376879771393,subnet_24h,"Mang con, 24h",transformer,237.0
,28.658370057488415,0.5715115827588894,0.5715115827588894,3480.0,29.25203772062119,0.5729563183664544,0.5729563183664544,3480.0,0.00042517006802722523,2352,5400788480.0,6005989000.0,3967757193.5223527,0.6606334582644928,high,mid_missing,low_cv,-0.5936676631327735,-0.0014447356075650841,subnet_24h,"Mang con, 24h",transformer,238.0
,17.862549789732096,0.31744078949193405,0.31744078949193405,3480.0,19.73834533396028,0.1870543088938438,0.1870543088938438,3480.0,0.00042517006802722523,2352,219458.0,220315.44,53709.96781478225,0.24378667434406293,low,mid_missing,low_cv,-1.8757955442281826,0.13038648059809024,subnet_24h,"Mang con, 24h",transformer,239.0
,43.41464327354316,0.0880805508703814,0.0880805508703814,3479.0,44.37937952311384,0.09902920484170023,0.09902920484170023,3479.0,0.0008503401360544505,2352,3615.0,4113.847,7981.7247809868695,1.9402093600205181,low,high_missing,mid_cv,-0.9647362495706773,-0.010948653971318834,subnet_24h,"Mang con, 24h",transformer,240.0
,34.40528219188504,0.547744804167931,0.547744804167931,3480.0,34.81571482165276,0.5627186927657726,0.5627186927657726,3480.0,0.00042517006802722523,2352,10818567168.0,12627485000.0,8794454408.137745,0.6964533821718619,high,mid_missing,low_cv,-0.410432629767719,-0.014973888597841545,subnet_24h,"Mang con, 24h",transformer,241.0
,27.833919531297017,0.6208232814255888,0.6208232814255888,3480.0,28.382941932667567,0.6225743082121548,0.6225743082121548,3480.0,0.00042517006802722523,2352,15360297984.0,17639606000.0,12071050823.85676,0.6843152073647804,high,mid_missing,low_cv,-0.54902240137055,-0.0017510267865659124,subnet_24h,"Mang con, 24h",transformer,242.0
,74.3988802311403,0.40673588774355823,0.40673588774355823,3480.0,74.47231280721799,0.37658815086095854,0.37658815086095854,3480.0,0.00042517006802722523,2352,22872892.0,117965610.0,229144413.39937744,1.9424679555703848,mid,mid_missing,mid_cv,-0.0734325760776926,0.030147736882599696,subnet_24h,"Mang con, 24h",transformer,243.0
,32.256867731190844,0.57981830657547,0.57981830657547,3480.0,33.02116225951524,0.5787904234376327,0.5787904234376327,3480.0,0.00042517006802722523,2352,8373474304.0,9870686000.0,6825542938.873481,0.6914962946893712,high,mid_missing,low_cv,-0.7642945283243989,0.0010278831378373043,subnet_24h,"Mang con, 24h",transformer,244.0
,33.04315938329182,0.21303438320546916,0.21303438320546916,3480.0,34.326836413930316,0.20663913697721037,0.20663913697721037,3480.0,0.00042517006802722523,2352,5508.0,5731.589,1854.846696088931,0.32361823903798376,low,mid_missing,low_cv,-1.2836770306384935,0.006395246228258794,subnet_24h,"Mang con, 24h",transformer,245.0
,34.18501529981587,0.35204107740906315,0.35204107740906315,3480.0,33.968100623320616,0.36963704941469916,0.36963704941469916,3480.0,0.00042517006802722523,2352,1481095680.0,1734147500.0,1114034129.4319215,0.6424102665419021,high,mid_missing,low_cv,0.2169146764952572,-0.017595972005636007,subnet_24h,"Mang con, 24h",transformer,246.0
,95.3410767801352,0.213616356920059,0.213616356920059,3480.0,95.0897176501718,0.17484547385020352,0.17484547385020352,3480.0,0.00042517006802722523,2352,1921874560.0,5750138400.0,10341556066.485725,1.798488211003295,high,mid_missing,mid_cv,0.25135912996339016,0.03877088306985549,subnet_24h,"Mang con, 24h",transformer,247.0
,86.92062224691358,-0.009339733214897967,-0.009339733214897967,3480.0,91.51879238217167,-0.0064257608882893336,-0.0064257608882893336,3480.0,0.00042517006802722523,2352,142315.0,1144293.9,17363882.322675765,15.17432077723545,low,mid_missing,high_cv,-4.598170135258087,-0.0029139723266086333,subnet_24h,"Mang con, 24h",transformer,248.0
,33.912229273517056,0.0909339934729375,0.0909339934729375,3480.0,33.160741570837445,0.011986764879855434,0.011986764879855434,3480.0,0.00042517006802722523,2352,5062707712.0,6357470700.0,6863671298.208218,1.079622950777541,high,mid_missing,low_cv,0.7514877026796114,0.07894722859308206,subnet_24h,"Mang con, 24h",transformer,249.0
,28.8426592174914,0.5846857935964752,0.5846857935964752,3480.0,29.878733755716055,0.5852474063090244,0.5852474063090244,3480.0,0.00042517006802722523,2352,12795283456.0,13974718000.0,8708382007.108837,0.6231525901249696,high,mid_missing,low_cv,-1.036074538224657,-0.0005616127125491754,subnet_24h,"Mang con, 24h",transformer,250.0
,75.77297543203767,0.5954171528563615,0.5954171528563615,3480.0,76.74381232067076,0.36101877342486305,0.36101877342486305,3480.0,0.00042517006802722523,2352,22908540.0,389930700.0,791922345.3986075,2.0309310597236387,mid,mid_missing,mid_cv,-0.9708368886330874,0.2343983794314985,subnet_24h,"Mang con, 24h",transformer,251.0
,32.17093032488024,0.008478949994840399,0.008478949994840399,3480.0,32.70409729336662,0.008706892100505568,0.008706892100505568,3480.0,0.00042517006802722523,2352,75339.0,345570.47,2028228.9607275391,5.869219577888306,low,mid_missing,high_cv,-0.533166968486384,-0.0002279421056651694,subnet_24h,"Mang con, 24h",transformer,252.0
,77.65744333760694,0.5379005051754323,0.5379005051754323,3479.0,77.56712926923257,0.4510090426676905,0.4510090426676905,3479.0,0.00042517006802722523,2352,7986914.0,170387620.0,356689128.20779073,2.0933981974827955,mid,mid_missing,mid_cv,0.09031406837436862,0.08689146250774182,subnet_24h,"Mang con, 24h",transformer,253.0
,76.29121736313046,0.0279203702412562,0.0279203702412562,2897.0,89.37495199419253,-0.1042997388038918,-0.1042997388038918,2897.0,0.929421768707483,2352,4635.0,80113.62,776541.6699632284,9.693004725348876,low,high_missing,high_cv,-13.083734631062072,0.132220109045148,subnet_24h,"Mang con, 24h",transformer,254.0
,46.831006735350805,0.04904580685604227,0.04904580685604227,3400.0,46.71593504384213,0.07321022252666155,0.07321022252666155,3400.0,0.15051020408163263,2352,1716.0,1979.7467,1254.0640118213846,0.6334466976120043,low,high_missing,low_cv,0.11507169150867469,-0.024164415670619284,subnet_24h,"Mang con, 24h",transformer,255.0
,63.21924415456061,0.5222109434841326,0.5222109434841326,3480.0,62.05723007423407,0.5281040350925076,0.5281040350925076,3480.0,0.00042517006802722523,2352,124953288.0,374876640.0,552628400.7037666,1.474160675105727,high,mid_missing,mid_cv,1.1620140803265429,-0.005893091608375034,subnet_24h,"Mang con, 24h",transformer,256.0
,77.22840728790918,0.4495062231181559,0.4495062231181559,3480.0,77.27335040484708,0.4108671826443491,0.4108671826443491,3480.0,0.00042517006802722523,2352,24468360.0,281636200.0,559610500.4811924,1.9869978233521648,mid,mid_missing,mid_cv,-0.044943116937901095,0.038639040473806785,subnet_24h,"Mang con, 24h",transformer,257.0
,48.489380427895036,0.30787797882741974,0.30787797882741974,3480.0,47.73380039628131,0.32910625891316747,0.32910625891316747,3480.0,0.00042517006802722523,2352,400820672.0,649927230.0,778152794.4195032,1.1972921830416596,high,mid_missing,mid_cv,0.7555800316137251,-0.02122828008574773,subnet_24h,"Mang con, 24h",transformer,258.0
,123.96596773019523,-0.07656818763746943,-0.07656818763746943,3480.0,122.64594852228049,-0.07692264724458657,-0.07692264724458657,3480.0,0.0012755102040816757,2352,467299.0,36047360.0,267483835.3082144,7.420344660696772,low,high_missing,high_cv,1.32001920791474,0.00035445960711713576,subnet_24h,"Mang con, 24h",transformer,259.0
,63.81669087565686,-0.18443723951347354,-0.18443723951347354,835.0,64.16586877383303,-0.19200382519399992,-0.19200382519399992,835.0,0.7903911564625851,2352,672.0,912.0852,708.1961776660376,0.7764583546834056,low,high_missing,low_cv,-0.3491778981761655,0.007566585680526372,subnet_24h,"Mang con, 24h",transformer,260.0
,38.249976634009556,0.44800475271934753,0.44800475271934753,3480.0,38.855274954600056,0.4505648920716725,0.4505648920716725,3480.0,0.00042517006802722523,2352,4290904064.0,5415572500.0,4298036497.849524,0.7936439801558197,high,mid_missing,low_cv,-0.6052983205904994,-0.002560139352324964,subnet_24h,"Mang con, 24h",transformer,261.0
,23.598996167665906,0.6663175657568738,0.6663175657568738,3480.0,25.876655276884737,0.6168636800339664,0.6168636800339664,3480.0,0.00042517006802722523,2352,54245.0,82774.48,60433.717978663364,0.7301008775698153,low,mid_missing,low_cv,-2.277659109218831,0.04945388572290743,subnet_24h,"Mang con, 24h",transformer,262.0
,28.147685073980778,0.5353607639455934,0.5353607639455934,3480.0,29.02588574529389,0.5389294308656573,0.5389294308656573,3480.0,0.00042517006802722523,2352,12443442176.0,13973830000.0,7866455815.294216,0.5629420153570551,high,mid_missing,low_cv,-0.8782006713131132,-0.0035686669200638566,subnet_24h,"Mang con, 24h",transformer,263.0
,35.42246432360653,0.6832423571010725,0.6832423571010725,3480.0,34.745357812904565,0.6734641302103084,0.6734641302103084,3480.0,0.00042517006802722523,2352,491937440.0,1166713100.0,1295871196.8680084,1.1107025456356314,high,mid_missing,low_cv,0.677106510701968,0.00977822689076413,subnet_24h,"Mang con, 24h",transformer,264.0
,70.89303529302451,0.6034124470234217,0.6034124470234217,3480.0,70.11046446357697,0.6464585613240931,0.6464585613240931,3480.0,0.00042517006802722523,2352,43075336.0,407982370.0,817295733.4930755,2.0032623897439494,mid,mid_missing,mid_cv,0.7825708294475362,-0.0430461143006714,subnet_24h,"Mang con, 24h",transformer,265.0
,79.50036992758919,0.38991005775616455,0.38991005775616455,3480.0,79.99373974219554,0.3373969736373548,0.3373969736373548,3480.0,0.00042517006802722523,2352,26293048.0,110770870.0,168237752.37900394,1.5187905388973009,mid,mid_missing,mid_cv,-0.49336981460635343,0.05251308411880973,subnet_24h,"Mang con, 24h",transformer,266.0
,93.2601667372507,0.39970681072057984,0.39970681072057984,3480.0,93.33531744171471,-0.08110591067973123,-0.08110591067973123,3480.0,0.00042517006802722523,2352,291146.0,45859896.0,112793229.15912572,2.459517770365762,low,mid_missing,high_cv,-0.07515070446400784,0.48081272140031106,subnet_24h,"Mang con, 24h",transformer,267.0
,61.09577162345463,0.40643900701792895,0.40643900701792895,3480.0,61.06384967923563,0.4002215888654703,0.4002215888654703,3480.0,0.00042517006802722523,2352,17676188.0,297654750.0,680433616.4765145,2.2859827095134517,mid,mid_missing,high_cv,0.03192194421900041,0.006217418152458631,subnet_24h,"Mang con, 24h",transformer,268.0
,63.95786968221779,-0.0010813449563838666,-0.0010813449563838666,3463.0,63.611553334938854,-0.00017724444906579758,-0.00017724444906579758,3463.0,0.00042517006802722523,2352,216921.0,408427.6,3901460.504810576,9.552392062909133,low,mid_missing,high_cv,0.3463163472789361,-0.000904100507318069,subnet_24h,"Mang con, 24h",transformer,269.0
,36.5788128309334,0.23815352939526765,0.23815352939526765,3299.0,38.19050669945755,0.1749254480830719,0.1749254480830719,3299.0,0.00042517006802722523,2352,3616.0,3890.9329,5444.90047813164,1.3993817606693646,low,mid_missing,mid_cv,-1.6116938685241493,0.06322808131219576,subnet_24h,"Mang con, 24h",transformer,270.0
,38.41765600044785,0.5344956939961327,0.5344956939961327,3464.0,37.90633493896957,0.5413971578347704,0.5413971578347704,3464.0,0.00042517006802722523,2352,2575590400.0,3689351000.0,3321518090.091159,0.9002987705201947,high,mid_missing,low_cv,0.5113210614782773,-0.006901463838637656,subnet_24h,"Mang con, 24h",transformer,271.0
,35.287570880599134,0.14627919864780162,0.14627919864780162,3480.0,35.42638146356097,0.1552385856716705,0.1552385856716705,3480.0,0.00042517006802722523,2352,372757792.0,549406000.0,593812264.4213834,1.080825923139115,high,mid_missing,low_cv,-0.13881058296183824,-0.008959387023868892,subnet_24h,"Mang con, 24h",transformer,272.0
,41.0873648416357,0.031099594431879467,0.031099594431879467,3480.0,41.72872063961382,0.04064401800606827,0.04064401800606827,3480.0,0.00042517006802722523,2352,4125732864.0,4653595600.0,2773273282.496723,0.5959420397190305,high,mid_missing,low_cv,-0.6413557979781217,-0.0095444235741888,subnet_24h,"Mang con, 24h",transformer,273.0
,66.7679583348186,0.3145147588714721,0.3145147588714721,3480.0,67.61129060267626,0.3093747509720959,0.3093747509720959,3480.0,0.00042517006802722523,2352,10908656.0,218517760.0,504893046.63840085,2.3105355218651376,mid,mid_missing,high_cv,-0.8433322678576616,0.005140007899376242,subnet_24h,"Mang con, 24h",transformer,274.0
,63.067116465972454,0.07804539266038531,0.07804539266038531,3480.0,63.2000844078986,0.08267387217921483,0.08267387217921483,3480.0,0.00042517006802722523,2352,177825936.0,246916130.0,362886982.206299,1.469677113219186,high,mid_missing,mid_cv,-0.1329679419261467,-0.004628479518829526,subnet_24h,"Mang con, 24h",transformer,275.0
,53.40553484473284,0.1494959534787735,0.1494959534787735,3480.0,51.38690889920418,0.18368962439163292,0.18368962439163292,3480.0,0.00042517006802722523,2352,1728248576.0,2447224000.0,2411467151.378641,0.9853887867697272,high,mid_missing,low_cv,2.0186259455286617,-0.03419367091285941,subnet_24h,"Mang con, 24h",transformer,276.0
,46.69557554253738,0.28653301439389595,0.28653301439389595,3480.0,47.060912364793325,0.2996166990930495,0.2996166990930495,3480.0,0.00042517006802722523,2352,239871440.0,370647230.0,444194511.09627455,1.198429322402911,high,mid_missing,mid_cv,-0.3653368222559479,-0.013083684699153553,subnet_24h,"Mang con, 24h",transformer,277.0
,24.754901458510034,0.6406014014057538,0.6406014014057538,3480.0,24.67517437583594,0.6360657589662393,0.6360657589662393,3480.0,0.0008503401360544505,2352,5537705216.0,5874672600.0,3089649077.8515887,0.5259270204801725,high,high_missing,low_cv,0.07972708267409345,0.004535642439514542,subnet_24h,"Mang con, 24h",transformer,278.0
,27.36617217738247,0.19825734002616494,0.19825734002616494,3480.0,28.355795768232724,0.2233571506863191,0.2233571506863191,3480.0,0.00042517006802722523,2352,18471.0,22220.682,75149.2164758774,3.381949199005926,low,mid_missing,high_cv,-0.989623590850254,-0.025099810660154154,subnet_24h,"Mang con, 24h",transformer,279.0
,42.43778079807462,0.6640758300413766,0.6640758300413766,3480.0,43.643926393903826,0.5316720443296172,0.5316720443296172,3480.0,0.00042517006802722523,2352,17059834.0,26735668.0,31847918.386837754,1.1912146121367813,mid,mid_missing,mid_cv,-1.2061455958292058,0.13240378571175937,subnet_24h,"Mang con, 24h",transformer,280.0
,44.04680117207521,0.0075986862997937665,0.0075986862997937665,3480.0,43.73973274347194,0.009589605934834234,0.009589605934834234,3480.0,0.00042517006802722523,2352,2705160.0,9768722.0,24017920.855830006,2.4586553753735654,mid,mid_missing,high_cv,0.307068428603273,-0.001990919635040467,subnet_24h,"Mang con, 24h",transformer,281.0
,89.90775865319536,0.0163344183244622,0.0163344183244622,3480.0,88.62454353805413,0.0325777105480377,0.0325777105480377,3480.0,0.00042517006802722523,2352,70787064.0,138436900.0,270655653.58647764,1.9550832285814732,mid,mid_missing,mid_cv,1.2832151151412319,-0.0162432922235755,subnet_24h,"Mang con, 24h",transformer,282.0
,86.28845258221862,0.1942722469442546,0.1942722469442546,3480.0,88.11025776615962,0.16826803937950321,0.16826803937950321,3480.0,0.00042517006802722523,2352,18667808.0,67671380.0,142529667.87998492,2.1062031881838035,mid,mid_missing,mid_cv,-1.8218051839409952,0.026004207564751386,subnet_24h,"Mang con, 24h",transformer,283.0
,106.58847770730112,-0.2314489233405654,-0.2314489233405654,3480.0,107.77279420261341,-0.2990057384591171,-0.2990057384591171,3480.0,0.00042517006802722523,2352,344597216.0,758853000.0,870365671.8001314,1.1469489887708468,high,mid_missing,mid_cv,-1.184316495312288,0.06755681511855169,subnet_24h,"Mang con, 24h",transformer,284.0
,54.2209543385041,-0.0302179233687722,-0.0302179233687722,3479.0,54.08892838869468,-0.024683150539726136,-0.024683150539726136,3479.0,0.00042517006802722523,2352,227453360.0,269873700.0,197339368.25071535,0.7312286124050984,high,mid_missing,low_cv,0.1320259498094174,-0.005534772829046065,subnet_24h,"Mang con, 24h",transformer,285.0
,48.05984820647194,0.1749977057074117,0.1749977057074117,3464.0,49.60431265240626,0.1693668218766298,0.1693668218766298,3464.0,0.00042517006802722523,2352,36399148.0,115843544.0,211861011.87807974,1.8288547169972609,mid,mid_missing,mid_cv,-1.5444644459343166,0.005630883830781891,subnet_24h,"Mang con, 24h",transformer,286.0
,46.28769492871212,0.5282981135479855,0.5282981135479855,3463.0,47.71644384867265,0.49671717059909365,0.49671717059909365,3463.0,0.00042517006802722523,2352,356973376.0,895844500.0,1120844728.377255,1.2511599428254052,high,mid_missing,mid_cv,-1.428748919960526,0.031580942948891855,subnet_24h,"Mang con, 24h",transformer,287.0
,90.73675935510657,0.018036906409406667,0.018036906409406667,3476.0,88.98639929302489,0.021790283214477634,0.021790283214477634,3476.0,0.39328231292517,2352,124053.0,15126636.0,71570040.58739474,4.731391737554519,low,high_missing,high_cv,1.7503600620816826,-0.0037533768050709675,subnet_24h,"Mang con, 24h",transformer,288.0
,59.02097338969761,0.2337830746624772,0.2337830746624772,3480.0,58.10556048824812,0.08503689801798876,0.08503689801798876,3480.0,0.00042517006802722523,2352,549449472.0,864203200.0,1165673559.0461674,1.3488419842071486,high,mid_missing,mid_cv,0.9154129014494856,0.14874617664448841,subnet_24h,"Mang con, 24h",transformer,289.0
,71.50840264068069,0.4412735193102801,0.4412735193102801,3480.0,74.61342519612025,-0.3157958010999543,-0.17319538234107948,3480.0,0.00042517006802722523,2352,225309072.0,665131300.0,808248582.8043956,1.2151714237167845,high,mid_missing,mid_cv,-3.105022555439561,0.7570693204102343,subnet_24h,"Mang con, 24h",transformer,290.0
,65.31109702601913,-0.09927330783239584,-0.09927330783239584,3480.0,57.82178972378946,-0.062469141121875064,-0.062469141121875064,3480.0,0.004251700680272141,2352,527701728.0,1205502300.0,2131767121.1218092,1.7683641561369892,high,high_missing,mid_cv,7.489307302229669,-0.03680416671052077,subnet_24h,"Mang con, 24h",transformer,291.0
,50.04997135926368,-0.040740536161429,-0.040740536161429,3349.0,50.43296296694564,-0.0012052084878134332,-0.0012052084878134332,3349.0,0.015306122448979553,2352,1076.0,1367.0975,4014.5269151496127,2.9365329208632414,low,high_missing,high_cv,-0.3829916076819586,-0.03953532767361557,subnet_24h,"Mang con, 24h",transformer,292.0
,40.87465355446323,0.2297608441207497,0.2297608441207497,3480.0,41.294622861114654,0.22668153854765064,0.22668153854765064,3480.0,0.00042517006802722523,2352,1787891200.0,2489839400.0,2338764510.9022665,0.9393234553502546,high,mid_missing,low_cv,-0.4199693066514243,0.0030793055730990726,subnet_24h,"Mang con, 24h",transformer,293.0
,66.63726806151962,-0.014870001132045401,-0.014870001132045401,3480.0,67.11184731079815,-0.0148832956428056,-0.0148832956428056,3480.0,0.0008503401360544505,2352,108487.5,1138039.9,10552215.839748729,9.27227250253312,low,high_missing,high_cv,-0.4745792492785341,1.3294510760198525e-05,subnet_24h,"Mang con, 24h",transformer,294.0
,68.21976088479694,0.24417638529256513,0.24417638529256513,3480.0,68.8374107728945,0.2559421725614605,0.2559421725614605,3480.0,0.00042517006802722523,2352,17708612.0,201015100.0,541531236.2490553,2.693982817575018,mid,mid_missing,high_cv,-0.61764988809756,-0.011765787268895378,subnet_24h,"Mang con, 24h",transformer,295.0
,78.41878706773157,0.07488194659767157,0.07488194659767157,3465.0,78.6197282507831,0.09526949748232354,0.09526949748232354,3465.0,0.0008503401360544505,2352,32694.0,4282812.0,21621545.76364466,5.048446152584952,low,high_missing,high_cv,-0.2009411830515262,-0.020387550884651967,subnet_24h,"Mang con, 24h",transformer,296.0
,87.57499602261231,0.021715376840728596,0.021715376840728596,3480.0,86.44384809482851,0.030324715216409504,0.030324715216409504,3480.0,0.00042517006802722523,2352,446038.0,21942208.0,70382325.90861298,3.2076227656128764,low,mid_missing,high_cv,1.1311479277838004,-0.008609338375680908,subnet_24h,"Mang con, 24h",transformer,297.0
,70.5420269115719,0.2726094575613998,0.2726094575613998,3480.0,72.34275780642777,0.2317104119529023,0.2317104119529023,3480.0,0.00042517006802722523,2352,5771603.0,152045020.0,431735945.0143673,2.8395269615292853,mid,mid_missing,high_cv,-1.8007308948558745,0.040899045608497525,subnet_24h,"Mang con, 24h",transformer,298.0
,82.00188537744371,0.4716830798854758,0.4716830798854758,3480.0,82.35406542096133,0.4417905110126583,0.4417905110126583,3480.0,0.00042517006802722523,2352,81548648.0,960123300.0,1919945470.5943866,1.9996863055017726,high,mid_missing,mid_cv,-0.35218004351762033,0.029892568872817493,subnet_24h,"Mang con, 24h",transformer,299.0
,32.786744325327625,0.12333400654241537,0.12333400654241537,3480.0,34.49442552614251,0.08884046074295743,0.08884046074295743,3480.0,0.00042517006802722523,2352,7081.0,8054.7495,39721.48501726201,4.9314364102163255,low,mid_missing,high_cv,-1.707681200814882,0.034493545799457945,subnet_24h,"Mang con, 24h",transformer,300.0
,83.72353552952053,0.12595065240119185,0.12595065240119185,3480.0,84.036530168374,0.14689434803953627,0.14689434803953627,3480.0,0.00042517006802722523,2352,176451072.0,394077000.0,747760788.4130927,1.8974992288133703,high,mid_missing,mid_cv,-0.3129946388534677,-0.020943695638344417,subnet_24h,"Mang con, 24h",transformer,301.0
,36.07906021785595,0.5646513556068887,0.5646513556068887,3480.0,36.048351042947886,0.5847017879455944,0.5847017879455944,3480.0,0.00042517006802722523,2352,1333858688.0,1918065700.0,1991618391.1760538,1.038347345743453,high,mid_missing,low_cv,0.030709174908061243,-0.020050432338705626,subnet_24h,"Mang con, 24h",transformer,302.0
,37.446004034820724,0.43237471312943443,0.43237471312943443,3480.0,38.47982623879174,0.4079575970633314,0.4079575970633314,3480.0,0.00042517006802722523,2352,343890848.0,747355300.0,907993490.6425014,1.2149421521786505,high,mid_missing,mid_cv,-1.0338222039710132,0.02441711606610303,subnet_24h,"Mang con, 24h",transformer,303.0
,63.14499124467048,0.38064932869093077,0.38064932869093077,3480.0,65.19036832386196,0.3239283867545326,0.3239283867545326,3480.0,0.00042517006802722523,2352,51854828.0,207689470.0,343041406.52884793,1.6517033975070625,mid,mid_missing,mid_cv,-2.045377079191482,0.05672094193639815,subnet_24h,"Mang con, 24h",transformer,304.0
,52.50772040772137,0.2548155868217814,0.2548155868217814,2711.0,53.23458882128863,0.2394847164150928,0.2394847164150928,2711.0,0.15986394557823125,2352,949.5,1186.2859,889.4842719805127,0.7498059957337508,low,high_missing,low_cv,-0.7268684135672601,0.015330870406688596,subnet_24h,"Mang con, 24h",transformer,305.0
,106.82188939106219,0.0569787837266926,0.0569787837266926,3480.0,110.04920064117226,-0.0208056837327313,-0.0208056837327313,3480.0,0.00042517006802722523,2352,2489880.0,54962060.0,132863175.21086937,2.4173616347507605,mid,mid_missing,high_cv,-3.227311250110077,0.0777844674594239,subnet_24h,"Mang con, 24h",transformer,306.0
,48.79235207631561,0.1101570870537321,0.1101570870537321,3480.0,49.18554228638086,0.11755629569171853,0.11755629569171853,3480.0,0.00042517006802722523,2352,1029203008.0,1499838800.0,1904771040.345514,1.2699838005166233,high,mid_missing,mid_cv,-0.39319021006524935,-0.007399208637986432,subnet_24h,"Mang con, 24h",transformer,307.0
,51.59670485385964,-0.013766478071603234,-0.013766478071603234,3480.0,53.24003028041509,-0.0137227622283006,-0.0137227622283006,3480.0,0.00042517006802722523,2352,38943.0,4109391.2,28282945.779331945,6.8825147226689465,low,mid_missing,high_cv,-1.6433254265554496,-4.371584330263405e-05,subnet_24h,"Mang con, 24h",transformer,308.0
,88.42612521799056,0.007152053705147599,0.007152053705147599,3480.0,88.87780614897626,0.0086333525941856,0.0086333525941856,3480.0,0.00042517006802722523,2352,34252060.0,144088800.0,378367690.8140752,2.6259340824135893,mid,mid_missing,high_cv,-0.4516809309857024,-0.001481298889038001,subnet_24h,"Mang con, 24h",transformer,309.0
,78.25344614578165,0.015555140292652732,0.015555140292652732,3480.0,78.48678684049462,0.0226636673297179,0.0226636673297179,3480.0,0.00042517006802722523,2352,45196412.0,178009950.0,580046572.8311696,3.2585064279505542,mid,mid_missing,high_cv,-0.2333406947129646,-0.0071085270370651685,subnet_24h,"Mang con, 24h",transformer,310.0
,82.41769689378528,0.06732498751490473,0.06732498751490473,3480.0,83.26235434671374,0.07642685987595003,0.07642685987595003,3480.0,0.00042517006802722523,2352,13577921.0,77658120.0,196804278.8167689,2.534239546576313,mid,mid_missing,high_cv,-0.844657452928459,-0.009101872361045302,subnet_24h,"Mang con, 24h",transformer,311.0
,55.06583562697907,-0.006038991504516267,-0.006038991504516267,3443.0,56.316329419165264,-0.0040390260271656,-0.0040390260271656,3443.0,0.00170068027210879,2352,2968.0,8200.69,50370.81100009326,6.142264658320082,low,high_missing,high_cv,-1.250493792186191,-0.001999965477350667,subnet_24h,"Mang con, 24h",transformer,312.0
,53.732707742432716,0.3246850427757875,0.3246850427757875,3479.0,54.93595522053062,0.34779171062010156,0.34779171062010156,3479.0,0.00042517006802722523,2352,860795456.0,1333569300.0,1410452952.2755144,1.0576525520110318,high,mid_missing,low_cv,-1.2032474780979072,-0.023106667844314033,subnet_24h,"Mang con, 24h",transformer,313.0
,78.49573551640493,0.5249659386265922,0.5249659386265922,3480.0,80.34444074989626,0.23793992347585724,0.23793992347585724,3480.0,0.00042517006802722523,2352,3730800.0,176505100.0,474262939.51518863,2.6869644490007984,mid,mid_missing,high_cv,-1.84870523349133,0.287026015150735,subnet_24h,"Mang con, 24h",transformer,314.0
,42.64681427394948,0.48743110371020865,0.48743110371020865,3480.0,41.820425077868116,0.5017179041783045,0.5017179041783045,3480.0,0.00042517006802722523,2352,73328088.0,247166720.0,406483752.4906646,1.6445731548756426,high,mid_missing,mid_cv,0.8263891960813652,-0.014286800468095884,subnet_24h,"Mang con, 24h",transformer,315.0
,41.944959917033906,0.5860708335416241,0.5860708335416241,3480.0,41.4640359153555,0.6191332119199172,0.6191332119199172,3480.0,0.00042517006802722523,2352,1177905408.0,2451227400.0,2674804873.3263135,1.0912104205656306,high,mid_missing,low_cv,0.4809240016784031,-0.03306237837829307,subnet_24h,"Mang con, 24h",transformer,316.0
,45.81831479553667,-0.029458606190585063,-0.029458606190585063,3480.0,50.71062644566595,-0.3183786468274403,-0.3183786468274403,3480.0,0.00042517006802722523,2352,20203.0,56629.73,59471.433751363315,1.0501804133463333,low,mid_missing,low_cv,-4.89231165012928,0.2889200406368553,subnet_24h,"Mang con, 24h",transformer,317.0
,69.11898000475647,0.4054480340558782,0.4054480340558782,3480.0,69.67040188135023,0.3588120307961225,0.3588120307961225,3480.0,0.00042517006802722523,2352,8324207.0,100726184.0,225738026.8082937,2.2411057169434088,mid,mid_missing,mid_cv,-0.5514218765937642,0.0466360032597557,subnet_24h,"Mang con, 24h",transformer,318.0
,55.79889727999489,0.12078912884656993,0.12078912884656993,3480.0,56.94252289780801,0.12772304850543692,0.12772304850543692,3480.0,0.00042517006802722523,2352,43260424.0,69076130.0,89355993.72083287,1.2935871813896818,mid,mid_missing,mid_cv,-1.1436256178131217,-0.0069339196588669855,subnet_24h,"Mang con, 24h",transformer,319.0
,31.05071197913968,0.5230366004188189,0.5230366004188189,3480.0,31.39753969963644,0.5381377246345349,0.5381377246345349,3480.0,0.00042517006802722523,2352,736690432.0,1141010300.0,1044514808.3213415,0.9154297771541785,high,mid_missing,low_cv,-0.3468277204967585,-0.015101124215715966,subnet_24h,"Mang con, 24h",transformer,320.0
,67.80002847757252,0.09680786212250686,0.09680786212250686,3480.0,68.1710885193955,0.07531395766671724,0.07531395766671724,3480.0,0.00042517006802722523,2352,1733705.0,27590762.0,84117602.44245948,3.0487596697205928,mid,mid_missing,high_cv,-0.3710600418229717,0.021493904455789622,subnet_24h,"Mang con, 24h",transformer,321.0
,46.86693252215114,0.2765423720605318,0.2765423720605318,3480.0,47.860433191519604,0.2714531896508136,0.2714531896508136,3480.0,0.00042517006802722523,2352,2139512320.0,2640289000.0,2395941297.025526,0.9074541746174853,high,mid_missing,low_cv,-0.9935006693684656,0.005089182409718174,subnet_24h,"Mang con, 24h",transformer,322.0
,34.05163645161695,0.3235725002811069,0.3235725002811069,3480.0,33.61137374010716,0.333293378067987,0.333293378067987,3480.0,0.00042517006802722523,2352,1338284160.0,1445504300.0,846616600.6315216,0.5856894555082663,high,mid_missing,low_cv,0.4402627115097886,-0.009720877786880078,subnet_24h,"Mang con, 24h",transformer,323.0
,41.9212798137225,0.24304176743505349,0.24304176743505349,3480.0,41.94357541725022,0.248994097157334,0.248994097157334,3480.0,0.00042517006802722523,2352,949918720.0,1194270700.0,977213746.6690258,0.8182514486070844,high,mid_missing,low_cv,-0.02229560352772353,-0.005952329722280519,subnet_24h,"Mang con, 24h",transformer,324.0
,23.867633526195444,0.0704960545342911,0.0704960545342911,3480.0,25.68430272630398,0.06649090201193543,0.06649090201193543,3480.0,0.00042517006802722523,2352,14172.0,14542.108,4202.393420478188,0.288981027051739,low,mid_missing,low_cv,-1.8166692001085352,0.0040051525223556705,subnet_24h,"Mang con, 24h",transformer,325.0
,78.47183381053962,0.5687774120131209,0.5687774120131209,3480.0,78.36910822877168,-0.0690210170784404,-0.0690210170784404,3480.0,0.0012755102040816757,2352,4294619.0,296716480.0,644847657.3517383,2.1732788733262756,mid,high_missing,mid_cv,0.10272558176794178,0.6377984290915614,subnet_24h,"Mang con, 24h",transformer,326.0
,25.3803874801013,0.5466242946404778,0.5466242946404778,3475.0,25.53771545077521,0.5313248113311713,0.5313248113311713,3475.0,0.00042517006802722523,2352,4093198080.0,4061182200.0,1762502041.6269617,0.4339874330570695,high,mid_missing,low_cv,-0.1573279706739079,0.015299483309306527,subnet_24h,"Mang con, 24h",transformer,327.0
,49.421026197485304,0.010646231058495,0.010646231058495,3476.0,50.439613926875644,-0.011642312490541465,-0.011642312490541465,3476.0,0.00042517006802722523,2352,720306.0,1144705.6,4270317.737309031,3.7304942371616554,mid,mid_missing,high_cv,-1.0185877293903403,0.022288543549036463,subnet_24h,"Mang con, 24h",transformer,328.0
,92.09041913931019,-0.012917766145938233,-0.012917766145938233,3476.0,92.17886535201505,-0.0007290977912778332,-0.0007290977912778332,3476.0,0.00042517006802722523,2352,82976648.0,220820530.0,463396188.4051474,2.098519519911425,high,mid_missing,mid_cv,-0.08844621270486641,-0.0121886683546604,subnet_24h,"Mang con, 24h",transformer,329.0
,24.9499388683368,0.5537634594636818,0.5537634594636818,3480.0,24.90023710391637,0.5685435496357396,0.5685435496357396,3480.0,0.00042517006802722523,2352,3985998080.0,4720122000.0,2740318017.1265383,0.5805608627758567,high,mid_missing,low_cv,0.04970176442042984,-0.014780090172057836,subnet_24h,"Mang con, 24h",transformer,330.0
,46.044579481694505,0.4357247631422698,0.4357247631422698,3480.0,48.311884174677054,0.3640804127891107,0.3640804127891107,3480.0,0.00042517006802722523,2352,514777792.0,637746750.0,589142248.8465513,0.9237871412107973,high,mid_missing,low_cv,-2.267304692982549,0.07164435035315914,subnet_24h,"Mang con, 24h",transformer,331.0
,84.28894952065538,0.07069432296899479,0.07069432296899479,3480.0,85.90924035685202,0.0043009238175148665,0.0043009238175148665,3480.0,0.00042517006802722523,2352,75582160.0,453475620.0,983031585.4940984,2.167771652564663,high,mid_missing,mid_cv,-1.620290836196645,0.06639339915147993,subnet_24h,"Mang con, 24h",transformer,332.0
,71.36911389729458,0.1687745663586361,0.1687745663586361,3480.0,72.14740525559894,0.13516533866457847,0.13516533866457847,3480.0,0.00170068027210879,2352,211006384.0,355947170.0,415786506.3459575,1.1681129777831454,high,high_missing,mid_cv,-0.778291358304358,0.033609227694057636,subnet_24h,"Mang con, 24h",transformer,333.0
,66.94702542050062,0.34949369426294935,0.34949369426294935,3479.0,67.6816948343179,0.35533432407805193,0.35533432407805193,3479.0,0.00042517006802722523,2352,22297708.0,109440990.0,178247409.59008545,1.6287079122061088,mid,mid_missing,mid_cv,-0.7346694138172722,-0.005840629815102583,subnet_24h,"Mang con, 24h",transformer,334.0
,27.903155614291222,0.5251257087757023,0.5251257087757023,3480.0,27.246320055841313,0.5362815100985002,0.5362815100985002,3480.0,0.00042517006802722523,2352,3454594048.0,4107693600.0,2396312838.3723936,0.5833718603160404,high,mid_missing,low_cv,0.6568355584499095,-0.01115580132279792,subnet_24h,"Mang con, 24h",transformer,335.0
,70.76054643945565,0.4435479840824464,0.4435479840824464,3472.0,70.95504801250125,0.34885581969692286,0.34885581969692286,3472.0,0.00042517006802722523,2352,138109824.0,489239800.0,829510863.714785,1.6955097482884813,high,mid_missing,mid_cv,-0.19450157304559923,0.09469216438552353,subnet_24h,"Mang con, 24h",transformer,336.0
,82.92454472028813,0.37108462771169876,0.37108462771169876,3480.0,83.24334788053945,0.3439677800969771,0.3439677800969771,3480.0,0.00042517006802722523,2352,230073504.0,785851300.0,1246614416.5926275,1.586323484068258,high,mid_missing,mid_cv,-0.3188031602513206,0.027116847614721662,subnet_24h,"Mang con, 24h",transformer,337.0
,47.060749330740315,0.1135041554149135,0.1135041554149135,3480.0,46.55510287695076,0.12292446017250858,0.12292446017250858,3480.0,0.00042517006802722523,2352,510225728.0,601273800.0,488926971.882679,0.8131519756688131,high,mid_missing,low_cv,0.5056464537895522,-0.009420304757595074,subnet_24h,"Mang con, 24h",transformer,338.0
,58.7876191248923,0.1685636889051986,0.1685636889051986,3470.0,58.544590869235,0.17704809276075553,0.17704809276075553,3470.0,0.00042517006802722523,2352,67825.0,86287.71,69762.80080380793,0.8084905723636427,low,mid_missing,low_cv,0.24302825565730046,-0.008484403855556932,subnet_24h,"Mang con, 24h",transformer,339.0
,82.72673190815543,0.38540283401809466,0.38540283401809466,3480.0,83.16932768474271,0.2916492774969933,0.2916492774969933,3480.0,0.00042517006802722523,2352,78917016.0,188457330.0,254001504.05329832,1.3477931940821017,high,mid_missing,mid_cv,-0.44259577658728233,0.09375355652110134,subnet_24h,"Mang con, 24h",transformer,340.0
,35.50491741209097,0.043738288274761596,0.043738288274761596,3480.0,35.552845527990705,0.07620533687088403,0.07620533687088403,3480.0,0.00042517006802722523,2352,24261752.0,26097926.0,11777882.415448105,0.45129572424445163,mid,mid_missing,low_cv,-0.04792811589973667,-0.032467048596122434,subnet_24h,"Mang con, 24h",transformer,341.0
,24.80299539349304,0.41215864056026713,0.41215864056026713,3480.0,24.83014001502094,0.4241743951484678,0.4241743951484678,3480.0,0.00042517006802722523,2352,5318751744.0,5993510400.0,2949740930.3211136,0.49215580410457177,high,mid_missing,low_cv,-0.027144621527902757,-0.012015754588200644,subnet_24h,"Mang con, 24h",transformer,342.0
,40.49871890985154,0.19825359339462575,0.19825359339462575,3480.0,40.31234765343819,0.20971595123856468,0.20971595123856468,3480.0,0.00042517006802722523,2352,677281024.0,729870600.0,456622710.9684321,0.6256214676593411,high,mid_missing,low_cv,0.18637125641335217,-0.011462357843938925,subnet_24h,"Mang con, 24h",transformer,343.0
,66.39145452351771,0.1344510810897795,0.1344510810897795,3480.0,66.52526958020684,0.1450199684416042,0.1450199684416042,3480.0,0.00042517006802722523,2352,74492512.0,175759090.0,296555128.025513,1.6872819004699944,high,mid_missing,mid_cv,-0.13381505668913007,-0.010568887351824707,subnet_24h,"Mang con, 24h",transformer,344.0
,41.87578446386822,0.3539576490419565,0.3539576490419565,3480.0,42.17748271558718,0.3721457252110936,0.3721457252110936,3480.0,0.00042517006802722523,2352,791587392.0,1345224800.0,1522032582.7587233,1.1314336061547838,high,mid_missing,low_cv,-0.30169825171896036,-0.018188076169137146,subnet_24h,"Mang con, 24h",transformer,345.0
,67.59762261436066,0.38105732209897303,0.38105732209897303,3480.0,68.2201138263361,0.26653101722855393,0.26653101722855393,3480.0,0.00042517006802722523,2352,189814320.0,470704350.0,626149852.0553806,1.330240201508442,high,mid_missing,mid_cv,-0.6224912119754435,0.1145263048704191,subnet_24h,"Mang con, 24h",transformer,346.0
,35.167255756052555,0.19249361555401945,0.19249361555401945,3479.0,35.02505830874097,0.2002580949227628,0.2002580949227628,3479.0,0.00042517006802722523,2352,1060973952.0,1162762100.0,613764326.635962,0.5278502974097268,high,mid_missing,low_cv,0.14219744731158812,-0.00776447936874336,subnet_24h,"Mang con, 24h",transformer,347.0
,40.276618985973,0.0024121484965266,0.0024121484965266,3480.0,38.93190148088675,0.0016061519146869333,0.0016061519146869333,3480.0,0.9744897959183674,2352,13047.5,14234.65,5820.760643476425,0.40891490017275045,low,high_missing,low_cv,1.3447175050862512,0.0008059965818396667,subnet_24h,"Mang con, 24h",transformer,348.0
,39.598925004673795,0.2769944467252726,0.2769944467252726,3480.0,39.454931078671954,0.3018696547437919,0.3018696547437919,3480.0,0.00042517006802722523,2352,917639488.0,1057650240.0,718342541.202023,0.6791872341484299,high,mid_missing,low_cv,0.14399392600184058,-0.02487520801851928,subnet_24h,"Mang con, 24h",transformer,349.0
,76.75357498233511,0.3121260378025745,0.3121260378025745,3480.0,78.13472230195084,0.2659635868832109,0.2659635868832109,3480.0,0.00042517006802722523,2352,6748893.0,154706670.0,336178642.3391838,2.1730067487922162,mid,mid_missing,mid_cv,-1.3811473196157351,0.04616245091936355,subnet_24h,"Mang con, 24h",transformer,350.0
,59.32520554261424,-0.0214813216413124,-0.0214813216413124,1088.0,58.75121100793795,-0.021392897776213404,-0.021392897776213404,1088.0,0.5871598639455782,2352,520.0,1652.8435,6179.0677393962405,3.7384469355333874,low,high_missing,high_cv,0.5739945346762951,-8.842386509899658e-05,subnet_24h,"Mang con, 24h",transformer,351.0
,61.78887345637364,-0.05074424325502983,-0.05074424325502983,751.0,61.272286405352524,-0.054897582775860466,-0.054897582775860466,751.0,0.8129251700680272,2352,868.0,1185.3136,1047.554386645349,0.8837782573773216,low,high_missing,low_cv,0.5165870510211192,0.0041533395208306345,subnet_24h,"Mang con, 24h",transformer,352.0
,62.202460598554985,0.0771731048895105,0.0771731048895105,3480.0,63.31734099303761,0.06109956885664403,0.06109956885664403,3480.0,0.00042517006802722523,2352,212347072.0,544353100.0,992433862.4906837,1.8231436256510842,high,mid_missing,mid_cv,-1.1148803944826255,0.016073536032866466,subnet_24h,"Mang con, 24h",transformer,353.0
,56.26380858920758,0.5979142826047696,0.5979142826047696,3480.0,57.593676002203075,0.5441090406745434,0.5441090406745434,3480.0,0.00042517006802722523,2352,137102320.0,405004500.0,601580402.5936232,1.4853671620172546,high,mid_missing,mid_cv,-1.3298674129954975,0.05380524193022629,subnet_24h,"Mang con, 24h",transformer,354.0
,42.829860229504696,0.12978203072907715,0.12978203072907715,3480.0,42.0447388637268,0.1544883118119755,0.1544883118119755,3480.0,0.00042517006802722523,2352,840258496.0,936216900.0,567426986.3148793,0.6060849667841065,high,mid_missing,low_cv,0.785121365777897,-0.02470628108289835,subnet_24h,"Mang con, 24h",transformer,355.0
,30.997881651371326,0.0837630073080598,0.0837630073080598,3480.0,31.37435547665341,0.08924317438368994,0.08924317438368994,3480.0,0.00042517006802722523,2352,316170368.0,408576830.0,366959277.2895112,0.8981401992208682,high,mid_missing,low_cv,-0.3764738252820834,-0.005480167075630135,subnet_24h,"Mang con, 24h",transformer,356.0
,64.54880111035989,0.5519163020468048,0.5519163020468048,3480.0,65.70443499989295,0.5275811552328592,0.5275811552328592,3480.0,0.002125850340136015,2352,56772736.0,567920830.0,1138077551.9378111,2.0039369711618735,mid,high_missing,mid_cv,-1.155633889533064,0.024335146813945552,subnet_24h,"Mang con, 24h",transformer,357.0
,66.97945706714249,0.27269322900901477,0.27269322900901477,3480.0,66.85665220837534,0.28035642116863574,0.28035642116863574,3480.0,0.00042517006802722523,2352,73829864.0,163881700.0,266951199.246578,1.6289262667050872,high,mid_missing,mid_cv,0.12280485876715375,-0.0076631921596209684,subnet_24h,"Mang con, 24h",transformer,358.0
,66.01565082142146,0.029932313648484737,0.029932313648484737,3480.0,65.85595174785199,0.034853491704888336,0.034853491704888336,3480.0,0.012755102040816313,2352,170183496.0,381653920.0,917523431.5862007,2.4040718135063326,high,high_missing,high_cv,0.15969907356947033,-0.004921178056403599,subnet_24h,"Mang con, 24h",transformer,359.0
,52.008206931623455,0.0669555087416887,0.0669555087416887,3480.0,52.84416011510171,0.07143358243798056,0.07143358243798056,3480.0,0.00042517006802722523,2352,89302976.0,187386780.0,224401059.02119175,1.1975287383190896,high,mid_missing,mid_cv,-0.835953183478253,-0.0044780736962918705,subnet_24h,"Mang con, 24h",transformer,360.0
,63.430318385034276,0.6711184087760939,0.6711184087760939,3480.0,64.56522019941407,0.44889495897643955,0.44889495897643955,3480.0,0.0008503401360544505,2352,1366778.0,10533142.0,16815179.879069697,1.5964068346434233,mid,high_missing,mid_cv,-1.1349018143797949,0.2222234497996543,subnet_24h,"Mang con, 24h",transformer,361.0
,51.47865528169056,0.2502981144653686,0.2502981144653686,3480.0,51.72677249738313,0.267713733975332,0.267713733975332,3480.0,0.00042517006802722523,2352,387628352.0,663166660.0,740359967.572407,1.116401074864064,high,mid_missing,low_cv,-0.24811721569257372,-0.017415619509963398,subnet_24h,"Mang con, 24h",transformer,362.0
,50.83094531005247,0.12247012123605366,0.12247012123605366,3480.0,51.29459784627604,0.1657676228338318,0.1657676228338318,3480.0,0.00042517006802722523,2352,1730653312.0,3288641800.0,4472636950.8429985,1.360025577040103,high,mid_missing,mid_cv,-0.46365253622357017,-0.04329750159777815,subnet_24h,"Mang con, 24h",transformer,363.0
,34.742815814149886,-0.08937375517037748,-0.08937375517037748,3480.0,35.41543907467193,-0.048252035400656236,-0.048252035400656236,3480.0,0.00042517006802722523,2352,4613.0,6209.101,30966.650743360013,4.987300153952855,low,mid_missing,high_cv,-0.6726232605220446,-0.04112171976972124,subnet_24h,"Mang con, 24h",transformer,364.0
,118.31280744316363,-0.0183660623848058,-0.0183660623848058,3480.0,118.65891439471005,-0.0233305668809254,-0.0233305668809254,3480.0,0.00042517006802722523,2352,4078614.0,36631188.0,108396504.99451911,2.959131573743093,mid,mid_missing,high_cv,-0.34610695154641746,0.004964504496119598,subnet_24h,"Mang con, 24h",transformer,365.0
,148.94668220327958,,,1.0,116.89640242821675,,,1.0,0.5310374149659864,2352,6549.0,10847.581,45358.827534629134,4.181469334587594,low,high_missing,high_cv,32.05027977506283,,subnet_24h,"Mang con, 24h",transformer,366.0
,57.052168536895785,0.27147326291878315,0.27147326291878315,3480.0,55.95643505308781,0.3015605134538028,0.3015605134538028,3480.0,0.0029761904761904656,2352,709697600.0,1071866000.0,1138917878.2838142,1.0625562293091804,high,high_missing,low_cv,1.095733483807976,-0.03008725053501965,subnet_24h,"Mang con, 24h",transformer,367.0
,68.80979560353337,0.4661704541241746,0.4661704541241746,3480.0,68.70930644718084,0.46210455287273605,0.46210455287273605,3480.0,0.00042517006802722523,2352,12306601.0,271198000.0,706068999.9106858,2.6035183085951696,mid,mid_missing,high_cv,0.10048915635253763,0.004065901251438575,subnet_24h,"Mang con, 24h",transformer,368.0
,73.47347693248342,0.4713107082059607,0.4713107082059607,1916.0,82.63866830986558,0.2912506924396782,0.2912506924396782,1916.0,0.00042517006802722523,2352,10020610.0,168931000.0,337547108.860036,1.9981358831413356,mid,mid_missing,mid_cv,-9.165191377382158,0.1800600157662825,subnet_24h,"Mang con, 24h",transformer,369.0
,55.618641601697675,0.31143192091311717,0.31143192091311717,3480.0,54.80896673558767,0.3369138689053684,0.3369138689053684,3480.0,0.00042517006802722523,2352,266214528.0,422466080.0,568643810.3510723,1.3460105728513692,high,mid_missing,mid_cv,0.8096748661100079,-0.02548194799225123,subnet_24h,"Mang con, 24h",transformer,370.0
,54.652359276818835,0.17266489283330597,0.17266489283330597,3480.0,54.72474302199311,0.19184654942643262,0.19184654942643262,3480.0,0.00042517006802722523,2352,29567384.0,86942344.0,253809930.71478954,2.91929017596753,mid,mid_missing,high_cv,-0.07238374517427815,-0.01918165659312665,subnet_24h,"Mang con, 24h",transformer,371.0
,81.96538515251963,0.37702185273308775,0.37702185273308775,3480.0,82.11496764754065,0.3773327951205015,0.3773327951205015,3480.0,0.00042517006802722523,2352,222879808.0,408173000.0,527351714.70192283,1.2919809125977715,high,mid_missing,mid_cv,-0.14958249502102205,-0.00031094238741374847,subnet_24h,"Mang con, 24h",transformer,372.0
,51.024619684213974,0.554132413434548,0.554132413434548,3480.0,52.04055788114536,0.47481532323008374,0.47481532323008374,3480.0,0.00042517006802722523,2352,18885668.0,200041490.0,352402484.1891597,1.7616469848952518,mid,mid_missing,mid_cv,-1.015938196931387,0.07931709020446426,subnet_24h,"Mang con, 24h",transformer,373.0
,61.172127625451346,0.2538763389490532,0.2538763389490532,3480.0,61.4517581912329,0.27882184814083466,0.27882184814083466,3480.0,0.00042517006802722523,2352,11607991.0,26488070.0,47406788.126649365,1.7897411221976296,mid,mid_missing,mid_cv,-0.2796305657815523,-0.024945509191781456,subnet_24h,"Mang con, 24h",transformer,374.0
,80.01634076447324,-0.039677610928117536,-0.039677610928117536,3480.0,80.41886473863558,-0.10066669381951543,-0.10066669381951543,3480.0,0.00042517006802722523,2352,8257726.0,29870136.0,36958180.992308594,1.2372953706105856,mid,mid_missing,mid_cv,-0.4025239741623352,0.06098908289139789,subnet_24h,"Mang con, 24h",transformer,375.0
,20.796892151294603,0.6651052470760402,0.6651052470760402,3480.0,22.41327690676822,0.6095635900580689,0.6095635900580689,3480.0,0.00042517006802722523,2352,74101.0,108262.78,70507.27774739916,0.6512605434048847,low,mid_missing,low_cv,-1.616384755473618,0.05554165701797131,subnet_24h,"Mang con, 24h",transformer,376.0
,79.48735997447959,0.2354603873343236,0.2354603873343236,3480.0,80.45685473213662,0.20463071882799133,0.20463071882799133,3480.0,0.00042517006802722523,2352,116991576.0,192076560.0,497975706.8321326,2.5925896779499413,high,mid_missing,high_cv,-0.9694947576570314,0.03082966850633226,subnet_24h,"Mang con, 24h",transformer,377.0
,76.54850170967914,0.4832591950567291,0.4832591950567291,3480.0,76.25011803300599,0.3826608489307926,0.3826608489307926,3480.0,0.00042517006802722523,2352,31980364.0,543762600.0,1130973836.5672162,2.079903595152609,mid,mid_missing,mid_cv,0.29838367667315424,0.10059834612593649,subnet_24h,"Mang con, 24h",transformer,378.0
,70.64826199211724,0.14121464966527084,0.14121464966527084,3480.0,69.8882465204835,0.18056577276830377,0.18056577276830377,3480.0,0.005952380952380931,2352,1505558.5,145371710.0,552094660.4461813,3.7978135694390205,mid,high_missing,high_cv,0.7600154716337357,-0.03935112310303293,subnet_24h,"Mang con, 24h",transformer,379.0
,75.6856830398799,0.39875206768988497,0.39875206768988497,3480.0,78.04034280766716,0.08299693798678533,0.08299693798678533,3480.0,0.00042517006802722523,2352,135736064.0,328909280.0,388344406.33742553,1.1807037075312241,high,mid_missing,mid_cv,-2.354659767787254,0.31575512970309966,subnet_24h,"Mang con, 24h",transformer,380.0
,80.81827716966956,0.2593946272356224,0.2593946272356224,3480.0,79.85867677987687,0.28449954976513886,0.28449954976513886,3480.0,0.0012755102040816757,2352,8033899.0,68276890.0,153585897.82950768,2.2494566218294496,mid,high_missing,high_cv,0.9596003897926835,-0.02510492252951646,subnet_24h,"Mang con, 24h",transformer,381.0
,78.16047966092246,0.49693556240512987,0.49693556240512987,3480.0,78.10812879600468,0.38756856492459796,0.38756856492459796,3480.0,0.00042517006802722523,2352,4089158.0,136572580.0,301346602.49565965,2.2064942415354283,mid,mid_missing,mid_cv,0.05235086491778418,0.10936699748053191,subnet_24h,"Mang con, 24h",transformer,382.0
,76.10752134355823,0.4787746640389603,0.4787746640389603,3478.0,78.9744220522188,-0.8024213882329679,-0.4178004421797146,3478.0,0.008928571428571397,2352,560994880.0,922682400.0,938298896.963865,1.0169251407694235,high,high_missing,low_cv,-2.866900708660566,1.2811960522719281,subnet_24h,"Mang con, 24h",transformer,383.0
,59.429856586894346,0.19842157247113243,0.19842157247113243,3480.0,59.99644062119162,0.211638190367371,0.211638190367371,3480.0,0.00042517006802722523,2352,105350720.0,170235070.0,230033910.74263582,1.3512721441010453,high,mid_missing,mid_cv,-0.5665840342972714,-0.01321661789623857,subnet_24h,"Mang con, 24h",transformer,384.0
,63.608351942156666,0.25010904020970964,0.25010904020970964,3480.0,65.55453286820769,0.26382892975808164,0.26382892975808164,3480.0,0.00042517006802722523,2352,29449300.0,93910950.0,187938857.46142104,2.0012453655184013,mid,mid_missing,mid_cv,-1.9461809260510208,-0.013719889548372,subnet_24h,"Mang con, 24h",transformer,385.0
,61.274227200371136,0.18039505251269042,0.18039505251269042,3480.0,61.24389991347357,0.18639738682472365,0.18639738682472365,3480.0,0.00042517006802722523,2352,170544304.0,255215630.0,283962304.89940447,1.1126368031383143,high,mid_missing,low_cv,0.030327286897566808,-0.006002334312033231,subnet_24h,"Mang con, 24h",transformer,386.0
,33.70139627891327,0.27627910671213834,0.27627910671213834,3480.0,33.01715946155422,0.3038311470206616,0.3038311470206616,3480.0,0.00042517006802722523,2352,1282029184.0,1508624400.0,1132582521.7859077,0.7507385760151599,high,mid_missing,low_cv,0.6842368173590501,-0.027552040308523262,subnet_24h,"Mang con, 24h",transformer,387.0
,60.936277084561446,0.4620167868200494,0.4620167868200494,3480.0,63.047694314198736,0.40849348226401644,0.40849348226401644,3480.0,0.00042517006802722523,2352,4747801.0,80467100.0,199140453.80697665,2.474805776618687,mid,mid_missing,high_cv,-2.11141722963729,0.053523304556032936,subnet_24h,"Mang con, 24h",transformer,388.0
,68.19469480845692,0.4823005588478013,0.4823005588478013,3480.0,67.24964813378547,0.5150906843659325,0.5150906843659325,3480.0,0.00042517006802722523,2352,4038943.0,43048310.0,85967200.6914308,1.9969935334846767,mid,mid_missing,mid_cv,0.9450466746714454,-0.03279012551813121,subnet_24h,"Mang con, 24h",transformer,389.0
,37.03510207556428,0.20727211708375995,0.20727211708375995,3480.0,43.78548177294754,-0.012446568725614768,-0.012446568725614768,3480.0,0.00042517006802722523,2352,18601.0,22677.746,26106.53619039054,1.1511962468609487,low,mid_missing,mid_cv,-6.750379697383259,0.2197186858093747,subnet_24h,"Mang con, 24h",transformer,390.0
,71.22454704895428,0.0358288627453784,0.0358288627453784,3479.0,73.92125926506925,0.03891206088807233,0.03891206088807233,3479.0,0.00042517006802722523,2352,2971676.0,53449790.0,205963990.89721707,3.853410522106748,mid,mid_missing,high_cv,-2.6967122161149746,-0.0030831981426939284,subnet_24h,"Mang con, 24h",transformer,391.0
,46.43830149015887,0.12885408618991007,0.12885408618991007,3480.0,48.003961715178946,0.15407896444041802,0.15407896444041802,3480.0,0.00042517006802722523,2352,16672.0,18654.104,12479.791895651211,0.669010541578582,low,mid_missing,low_cv,-1.5656602250200748,-0.025224878250507954,subnet_24h,"Mang con, 24h",transformer,392.0
,80.92613885926075,-0.02305983901472307,-0.02305983901472307,3480.0,83.05491668197978,-0.020774903910724535,-0.020774903910724535,3480.0,0.00042517006802722523,2352,9709383.0,70829576.0,198859889.95499668,2.8075826679379907,mid,mid_missing,high_cv,-2.12877782271903,-0.002284935103998534,subnet_24h,"Mang con, 24h",transformer,393.0
,39.84740350891829,0.027704846966226698,0.027704846966226698,3479.0,39.93028593856257,0.03665414923327177,0.03665414923327177,3479.0,0.0012755102040816757,2352,15400637.0,17032024.0,9119869.69748456,0.5354542535569795,mid,high_missing,low_cv,-0.08288242964427894,-0.00894930226704507,subnet_24h,"Mang con, 24h",transformer,394.0
,57.29066505151227,0.5721004254008951,0.5721004254008951,3480.0,58.22139747275208,0.5229209645278541,0.5229209645278541,3480.0,0.00042517006802722523,2352,7829216.0,168781390.0,370673736.33430153,2.1961765567989957,mid,mid_missing,mid_cv,-0.93073242123981,0.049179460873041037,subnet_24h,"Mang con, 24h",transformer,395.0
,76.81721567969227,0.049026969713252266,0.049026969713252266,3480.0,78.62919960953961,0.07117609586342227,0.07117609586342227,3480.0,0.00042517006802722523,2352,318048.0,12483672.0,37573348.6249574,3.0097994103784047,low,mid_missing,high_cv,-1.8119839298473437,-0.022149126150170007,subnet_24h,"Mang con, 24h",transformer,396.0
,76.92791210005304,0.06113802722842817,0.06113802722842817,3480.0,79.69382303688134,0.05230991805676033,0.05230991805676033,3480.0,0.00042517006802722523,2352,3067054.0,54265676.0,208381373.0529371,3.840021693509118,mid,mid_missing,high_cv,-2.7659109368283055,0.00882810917166784,subnet_24h,"Mang con, 24h",transformer,397.0
,48.279361445839896,0.2935653281934061,0.2935653281934061,3480.0,48.75716734011144,0.3102258780211607,0.3102258780211607,3480.0,0.00042517006802722523,2352,634453120.0,1049892300.0,1290089069.459709,1.2287823086283198,high,mid_missing,mid_cv,-0.4778058942715404,-0.01666054982775461,subnet_24h,"Mang con, 24h",transformer,398.0
,53.987500039738364,0.19968185527933424,0.19968185527933424,3480.0,54.67992771721188,0.2271173120618876,0.2271173120618876,3480.0,0.0025510204081632404,2352,648681184.0,882162500.0,1051195633.9571444,1.1916122468633539,high,high_missing,mid_cv,-0.6924276774735176,-0.027435456782553352,subnet_24h,"Mang con, 24h",transformer,399.0
,83.36959354326763,0.06803642452749233,0.06803642452749233,3480.0,82.03245500688081,0.09186405886752946,0.09186405886752946,3480.0,0.00042517006802722523,2352,166351952.0,216285340.0,213899828.60813215,0.9889705176146015,high,mid_missing,low_cv,1.3371385363868171,-0.023827634340037138,subnet_24h,"Mang con, 24h",transformer,400.0
,57.54853375995739,0.22233192458567066,0.22233192458567066,3480.0,58.54257491550256,0.21517670078978848,0.21517670078978848,3480.0,0.00042517006802722523,2352,336944960.0,696116000.0,1057176511.0252012,1.5186787254177758,high,mid_missing,mid_cv,-0.994041155545176,0.007155223795882182,subnet_24h,"Mang con, 24h",transformer,401.0
,41.42224610368277,0.19491122719235207,0.19491122719235207,3480.0,41.797097058659716,0.20241490130460937,0.20241490130460937,3480.0,0.00042517006802722523,2352,990889664.0,1181070800.0,912155532.1413983,0.7723122907368537,high,mid_missing,low_cv,-0.3748509549769494,-0.0075036741122573025,subnet_24h,"Mang con, 24h",transformer,402.0
,59.55766317084044,0.04843495843514047,0.04843495843514047,3480.0,59.212615971242805,0.0829732659969692,0.0829732659969692,3480.0,0.00042517006802722523,2352,511791104.0,662049540.0,583220383.9740869,0.8809316407014095,high,mid_missing,low_cv,0.3450471995976372,-0.034538307561828734,subnet_24h,"Mang con, 24h",transformer,403.0
,39.63478431401014,-0.0053975199343773,-0.0053975199343773,3480.0,39.796221536235784,0.0025075590283372665,0.0025075590283372665,3480.0,0.00042517006802722523,2352,6120.0,8010.964,48725.60964200496,6.082365424413231,low,mid_missing,high_cv,-0.1614372222256435,-0.007905078962714567,subnet_24h,"Mang con, 24h",transformer,404.0
,66.49295288950476,0.1324699618426446,0.1324699618426446,3480.0,66.44818663349618,0.12409056570847872,0.12409056570847872,3480.0,0.00042517006802722523,2352,56993580.0,139098910.0,295367210.1353517,2.1234329290465745,mid,mid_missing,mid_cv,0.04476625600858597,0.00837939613416587,subnet_24h,"Mang con, 24h",transformer,405.0
,46.43477648538084,0.3210868224143723,0.3210868224143723,3480.0,46.420754063436696,0.3282821306084533,0.3282821306084533,3480.0,0.00042517006802722523,2352,205235328.0,311161600.0,318685678.2397581,1.0241806130311648,high,mid_missing,low_cv,0.014022421944140717,-0.007195308194080985,subnet_24h,"Mang con, 24h",transformer,406.0
,93.08972364534709,-0.16879646371285276,-0.16879646371285276,3480.0,93.25600916242304,-0.15743327249069056,-0.15743327249069056,3480.0,0.00042517006802722523,2352,461794240.0,612505340.0,581145263.1084918,0.9488003146442617,high,mid_missing,low_cv,-0.16628551707594852,-0.0113631912221622,subnet_24h,"Mang con, 24h",transformer,407.0
,89.18190013846659,0.18765978525123858,0.18765978525123858,3480.0,88.91713060982558,0.19176608202782056,0.19176608202782056,3480.0,0.00042517006802722523,2352,92457352.0,990033150.0,2145217808.4613035,2.1668141153936866,high,mid_missing,mid_cv,0.2647695286410112,-0.004106296776581975,subnet_24h,"Mang con, 24h",transformer,408.0
,73.88820539821565,0.3169656223451194,0.3169656223451194,3480.0,75.30236427362702,0.26266342170001,0.26266342170001,3480.0,0.00042517006802722523,2352,449388160.0,917257200.0,1213264033.3410227,1.32270862761032,high,mid_missing,mid_cv,-1.414158875411374,0.05430220064510938,subnet_24h,"Mang con, 24h",transformer,409.0
,39.30657419148457,0.22793684602350894,0.22793684602350894,3480.0,39.81277675678507,0.2195191722330361,0.2195191722330361,3480.0,0.00042517006802722523,2352,512889472.0,678268200.0,664753320.5191938,0.980074396820326,high,mid_missing,low_cv,-0.506202565300498,0.00841767379047284,subnet_24h,"Mang con, 24h",transformer,410.0
,52.66070757102296,0.054515570879911567,0.054515570879911567,3480.0,52.5562331848721,0.04899277276850637,0.04899277276850637,3480.0,0.00042517006802722523,2352,144122608.0,221985020.0,350213134.46685857,1.57764306869124,high,mid_missing,mid_cv,0.10447438615086213,0.0055227981114052,subnet_24h,"Mang con, 24h",transformer,411.0
,62.1529024040174,0.22924915351219946,0.22924915351219946,3480.0,68.9006532680391,0.19560586205215022,0.19560586205215022,3480.0,0.00042517006802722523,2352,22598084.0,149213840.0,336662115.06682044,2.256239200511296,mid,mid_missing,high_cv,-6.747750864021697,0.03364329146004924,subnet_24h,"Mang con, 24h",transformer,412.0
,36.388796169502974,0.43491506843423494,0.43491506843423494,3480.0,36.32531545386194,0.4310402267396675,0.4310402267396675,3480.0,0.00042517006802722523,2352,672248640.0,788877630.0,554617364.2537848,0.7030461275061032,high,mid_missing,low_cv,0.06348071564103464,0.0038748416945674213,subnet_24h,"Mang con, 24h",transformer,413.0
,52.67279270603287,0.22743059947261665,0.22743059947261665,3480.0,53.43563062706939,0.24872336775200712,0.24872336775200712,3480.0,0.00042517006802722523,2352,46542760.0,115280216.0,249131423.09712484,2.161094346814243,mid,mid_missing,mid_cv,-0.762837921036521,-0.021292768279390473,subnet_24h,"Mang con, 24h",transformer,414.0
,71.56865060695168,0.1115771920210716,0.1115771920210716,3480.0,71.94797003044573,0.1289170955365062,0.1289170955365062,3480.0,0.00042517006802722523,2352,27444258.0,74412970.0,288325966.58242416,3.874673653420519,mid,mid_missing,high_cv,-0.3793194234940529,-0.017339903515434615,subnet_24h,"Mang con, 24h",transformer,415.0
,46.85037872126012,0.2558139267872603,0.2558139267872603,3480.0,47.468786363236255,0.27311472318297086,0.27311472318297086,3480.0,0.00042517006802722523,2352,539226752.0,815830200.0,901747989.1480016,1.1053133118944298,high,mid_missing,low_cv,-0.618407641976134,-0.017300796395710583,subnet_24h,"Mang con, 24h",transformer,416.0
,74.92336423689852,0.06064883320588926,0.06064883320588926,3480.0,74.52934612955242,0.07638449309521829,0.07638449309521829,3480.0,0.00042517006802722523,2352,116166704.0,189987070.0,252275759.33452424,1.3278575046123362,high,mid_missing,mid_cv,0.3940181073460991,-0.015735659889329026,subnet_24h,"Mang con, 24h",transformer,417.0
,80.22711605636789,0.021025158860610432,0.021025158860610432,3477.0,82.717629123648,0.02718603686605937,0.02718603686605937,3477.0,0.00042517006802722523,2352,16580921.0,59832124.0,299786023.35530686,5.010452635031089,mid,mid_missing,high_cv,-2.490513067280105,-0.006160878005448938,subnet_24h,"Mang con, 24h",transformer,418.0
,77.79958642555859,0.0178703602071351,0.0178703602071351,3478.0,77.74285656685582,0.018683364041230235,0.018683364041230235,3478.0,0.00042517006802722523,2352,128420672.0,474203940.0,1097385757.8925266,2.314164169848912,high,mid_missing,high_cv,0.05672985870276648,-0.0008130038340951364,subnet_24h,"Mang con, 24h",transformer,419.0
,26.12329071860391,0.3378966549989257,0.3378966549989257,3480.0,27.075280318074032,0.2961965610281319,0.2961965610281319,3480.0,0.00042517006802722523,2352,26399.0,28512.762,48004.23184486949,1.6836051280610218,low,mid_missing,mid_cv,-0.9519895994701209,0.04170009397079377,subnet_24h,"Mang con, 24h",transformer,420.0
,105.27874432149281,0.1834900948551135,0.1834900948551135,3219.0,104.96706894031259,-1.7556406375358042,-0.6990167836715845,3219.0,0.04251700680272108,2352,177240.0,47568532.0,128176307.82877979,2.6945609300867175,low,high_missing,high_cv,0.31167538118022264,1.9391307323909177,subnet_24h,"Mang con, 24h",transformer,421.0
,73.28581367343132,0.22280483021365982,0.22280483021365982,3480.0,74.93714724595416,0.23310245048803502,0.23310245048803502,3480.0,0.00042517006802722523,2352,10641824.0,62576936.0,125917683.37907135,2.0122059568252326,mid,mid_missing,mid_cv,-1.6513335725228444,-0.010297620274375197,subnet_24h,"Mang con, 24h",transformer,422.0
,94.08644890301024,0.06842983978830787,0.06842983978830787,3480.0,94.94763227579493,0.08047354669006934,0.08047354669006934,3480.0,0.00042517006802722523,2352,24112792.0,115261200.0,366908791.504302,3.1832810304274295,mid,mid_missing,high_cv,-0.8611833727846943,-0.012043706901761472,subnet_24h,"Mang con, 24h",transformer,423.0
,64.17215968594888,0.18961395806694978,0.18961395806694978,3480.0,64.26074949237027,0.19792620536077,0.19792620536077,3480.0,0.00042517006802722523,2352,156656640.0,314381630.0,516099490.6533627,1.6416337283132454,high,mid_missing,mid_cv,-0.08858980642138192,-0.008312247293820213,subnet_24h,"Mang con, 24h",transformer,424.0
,79.7953837967285,0.16711609036993225,0.16711609036993225,3480.0,79.14260036348853,0.1205529675308551,0.1205529675308551,3480.0,0.00042517006802722523,2352,52322540.0,155341140.0,228597026.05373475,1.4715807540749204,mid,mid_missing,mid_cv,0.6527834332399749,0.04656312283907714,subnet_24h,"Mang con, 24h",transformer,425.0
,50.62752518947385,0.49743611375798297,0.49743611375798297,3480.0,51.824306754121785,0.41011624541520314,0.41011624541520314,3480.0,0.00042517006802722523,2352,122625296.0,318529570.0,418550656.50217164,1.3140088034218902,high,mid_missing,mid_cv,-1.1967815646479352,0.08731986834277983,subnet_24h,"Mang con, 24h",transformer,426.0
,50.89501027261525,0.07680269937980083,0.07680269937980083,3480.0,50.57637149000012,0.07447090833473106,0.07447090833473106,3480.0,0.00042517006802722523,2352,242286816.0,301579500.0,317351369.00548196,1.0522975919551993,high,mid_missing,low_cv,0.3186387826151318,0.002331791045069767,subnet_24h,"Mang con, 24h",transformer,427.0
,35.02382275206197,-0.008825685936608197,-0.008825685936608197,3480.0,38.17917646135418,-0.37680711119365556,-0.37680711119365556,3480.0,0.00042517006802722523,2352,23462.0,58383.082,59265.8089591559,1.0151195671279123,low,mid_missing,low_cv,-3.155353709292214,0.36798142525704736,subnet_24h,"Mang con, 24h",transformer,428.0
,35.35525885951832,0.0035434549496503333,0.0035434549496503333,3480.0,35.29042504495923,0.005045755940524133,0.005045755940524133,3480.0,0.00042517006802722523,2352,6024.0,6308.1436,2430.1374589169213,0.38523813509461396,low,mid_missing,low_cv,0.0648338145590941,-0.0015023009908738,subnet_24h,"Mang con, 24h",transformer,429.0
,38.5989001681666,0.04084883586638207,0.04084883586638207,3477.0,40.14624580837235,0.07631190104782216,0.07631190104782216,3477.0,0.0008503401360544505,2352,2702.0,3130.2046,10177.195880037425,3.2512877634447013,low,high_missing,high_cv,-1.547345640205748,-0.035463065181440094,subnet_24h,"Mang con, 24h",transformer,430.0
,41.664274469463805,0.0059668395339579,0.0059668395339579,3478.0,43.51224419755255,0.04048938354922857,0.04048938354922857,3478.0,0.0008503401360544505,2352,2592.0,3028.0154,12104.144327572409,3.9973853515027904,low,high_missing,high_cv,-1.8479697280887422,-0.03452254401527067,subnet_24h,"Mang con, 24h",transformer,431.0
,51.56472292871556,-0.0017098458742203,-0.0017098458742203,3480.0,52.09780731738016,-0.006268053174520467,-0.006268053174520467,3480.0,0.00042517006802722523,2352,39615856.0,67152200.0,221040722.11571133,3.291637833395054,mid,mid_missing,high_cv,-0.533084388664598,0.0045582073003001666,subnet_24h,"Mang con, 24h",transformer,432.0
,86.47980472011757,0.2549129486970408,0.2549129486970408,3480.0,86.50851122371932,-0.34208218867677004,-0.34208218867677004,3480.0,0.00042517006802722523,2352,2714966.0,179223490.0,509600049.54320097,2.8433775909059475,mid,mid_missing,high_cv,-0.028706503601753752,0.5969951373738108,subnet_24h,"Mang con, 24h",transformer,433.0
,73.44313644916043,0.1137532628862043,0.1137532628862043,3480.0,73.98200282326792,0.12398115877687162,0.12398115877687162,3480.0,0.00042517006802722523,2352,5935142.0,37320324.0,74875746.80713375,2.006299484622206,mid,mid_missing,mid_cv,-0.5388663741074851,-0.010227895890667318,subnet_24h,"Mang con, 24h",transformer,434.0
,67.74976957446431,0.285305280677077,0.285305280677077,3480.0,73.52116642589169,-0.555415226770994,-0.41021349334929796,3480.0,0.004251700680272141,2352,1642282.0,95934520.0,230618092.2418072,2.4039114621286184,mid,high_missing,high_cv,-5.771396851427383,0.840720507448071,subnet_24h,"Mang con, 24h",transformer,435.0
,36.343942954724305,0.3161400831835457,0.3161400831835457,3480.0,39.355301789649296,0.191928996847181,0.191928996847181,3480.0,0.00042517006802722523,2352,8530974.0,11035918.0,16886130.703085184,1.5301065759173984,mid,mid_missing,mid_cv,-3.011358834924991,0.12421108633636468,subnet_24h,"Mang con, 24h",transformer,436.0
,38.87358543039318,0.3422003042641483,0.3422003042641483,3480.0,38.5924188944463,0.3468532274371796,0.3468532274371796,3480.0,0.00042517006802722523,2352,829556224.0,922555500.0,540655159.0458249,0.5860407827225671,high,mid_missing,low_cv,0.28116653594688046,-0.004652923173031287,subnet_24h,"Mang con, 24h",transformer,437.0
,55.538762826235114,0.39871217598931263,0.39871217598931263,3480.0,55.98952817930371,0.33749089216046935,0.33749089216046935,3480.0,0.00042517006802722523,2352,31727228.0,115847550.0,189365898.20753676,1.634612859212914,mid,mid_missing,mid_cv,-0.4507653530685971,0.06122128382884329,subnet_24h,"Mang con, 24h",transformer,438.0
,65.1299998929541,0.22625084332317438,0.22625084332317438,3480.0,65.65413927547144,0.2345329685576202,0.2345329685576202,3480.0,0.00042517006802722523,2352,13088502.0,41985730.0,77031368.74178678,1.8347036579141078,mid,mid_missing,mid_cv,-0.5241393825173333,-0.008282125234445825,subnet_24h,"Mang con, 24h",transformer,439.0
,79.60516989391044,0.370443314712569,0.370443314712569,3480.0,79.75646214963876,0.3138127199149903,0.3138127199149903,3480.0,0.00042517006802722523,2352,12297068.0,107304104.0,224068199.35508636,2.088160573570293,mid,mid_missing,mid_cv,-0.15129225572832183,0.056630594797578704,subnet_24h,"Mang con, 24h",transformer,440.0
,68.0082708101838,0.260000019371996,0.260000019371996,3478.0,67.95652775929341,0.26995583530088324,0.26995583530088324,3478.0,0.00042517006802722523,2352,7316683.0,39951250.0,94092775.94785681,2.3551899041516005,mid,mid_missing,high_cv,0.051743050890394215,-0.009955815928887224,subnet_24h,"Mang con, 24h",transformer,441.0
,82.93384489569765,0.10639210406975404,0.10639210406975404,3480.0,82.908805314622,0.09749506867952723,0.09749506867952723,3480.0,0.00042517006802722523,2352,1598875.0,39003664.0,83117242.02768315,2.1310111282797215,mid,mid_missing,mid_cv,0.025039581075645856,0.008897035390226807,subnet_24h,"Mang con, 24h",transformer,442.0
,102.84924707994746,0.051904457855208565,0.051904457855208565,3480.0,103.67588922673298,-0.012945565499907932,-0.012945565499907932,3480.0,0.00042517006802722523,2352,48293184.0,204241310.0,416915435.8923421,2.041288472982107,mid,mid_missing,mid_cv,-0.8266421467855167,0.0648500233551165,subnet_24h,"Mang con, 24h",transformer,443.0
,71.0057638643043,0.46821524032113854,0.46821524032113854,3480.0,72.08066760795862,0.46534524004548644,0.46534524004548644,3480.0,0.00042517006802722523,2352,45729224.0,186641490.0,332550675.40674883,1.7817618096076733,mid,mid_missing,mid_cv,-1.0749037436543176,0.002870000275652096,subnet_24h,"Mang con, 24h",transformer,444.0
,73.15787392036275,0.21501147127808776,0.21501147127808776,3480.0,73.90431814692029,0.17248281765330353,0.17248281765330353,3480.0,0.00042517006802722523,2352,54627092.0,228762860.0,324579366.66253155,1.4188464027209047,mid,mid_missing,mid_cv,-0.7464442265575428,0.042528653624784224,subnet_24h,"Mang con, 24h",transformer,445.0
,85.48831595322548,0.060051827968471104,0.060051827968471104,3480.0,85.88218008620557,0.05946433522466687,0.05946433522466687,3480.0,0.00042517006802722523,2352,22587728.0,65253556.0,171029182.78071755,2.6209940616986076,mid,mid_missing,high_cv,-0.3938641329800845,0.0005874927438042354,subnet_24h,"Mang con, 24h",transformer,446.0
,62.19869987655246,0.17838626847899716,0.17838626847899716,3480.0,62.547292763754285,0.1553554904364226,0.1553554904364226,3480.0,0.00042517006802722523,2352,271368192.0,397613730.0,480260233.8936831,1.2078562687193815,high,mid_missing,mid_cv,-0.3485928872018249,0.023030778042574557,subnet_24h,"Mang con, 24h",transformer,447.0
,77.62110912782107,0.023663953763382536,0.023663953763382536,3480.0,76.92423078499034,0.03175861869496326,0.03175861869496326,3480.0,0.00042517006802722523,2352,130427008.0,293225660.0,503254490.97115225,1.7162702749345713,high,high_missing,mid_cv,0.696878342830729,-0.008094664931580727,subnet_24h,"Mang con, 24h",transformer,448.0
,64.0439452894351,0.21517843751261087,0.21517843751261087,3456.0,69.94259159220825,0.22713936786086494,0.22713936786086494,3456.0,0.00042517006802722523,2352,106725912.0,356114050.0,792467070.8152537,2.2253181958585744,high,high_missing,mid_cv,-5.898646302773145,-0.011960930348254073,subnet_24h,"Mang con, 24h",transformer,449.0
,82.38362888175529,0.08868077910424081,0.08868077910424081,3480.0,83.24964363456627,-0.19666895580588864,-0.19666895580588864,3480.0,0.00042517006802722523,2352,251951712.0,473082780.0,606114567.4775678,1.2812019121743559,high,high_missing,mid_cv,-0.8660147528109832,0.28534973491012944,subnet_24h,"Mang con, 24h",transformer,450.0
,90.0290091861299,0.034268236756334634,0.034268236756334634,3480.0,88.9773708572967,0.0313688883661538,0.0313688883661538,3480.0,0.00042517006802722523,2352,6153948.0,78815450.0,320611369.08608603,4.067874727884387,mid,high_missing,high_cv,1.0516383288331923,0.002899348390180835,subnet_24h,"Mang con, 24h",transformer,451.0
,20.72958260369202,0.6531877395173343,0.6531877395173343,3480.0,21.42687790044397,0.6155724951821681,0.6155724951821681,3480.0,0.00042517006802722523,2352,222885.0,240342.12,121127.02702130955,0.5039775154742829,low,high_missing,low_cv,-0.6972952967519497,0.037615244335166276,subnet_24h,"Mang con, 24h",transformer,452.0
,59.28571958106312,0.2694752614564769,0.2694752614564769,3480.0,59.363846776752816,0.26895200882888837,0.26895200882888837,3480.0,0.00042517006802722523,2352,87328552.0,242015580.0,406362522.8698201,1.6790758518667133,high,high_missing,mid_cv,-0.07812719568969584,0.0005232526275885108,subnet_24h,"Mang con, 24h",transformer,453.0
,62.468923975266584,0.2760052124540596,0.2760052124540596,3477.0,62.4878360151674,0.30470833049045054,0.30470833049045054,3477.0,0.00042517006802722523,2352,36155936.0,166912370.0,346315893.6642641,2.07483662123986,mid,high_missing,mid_cv,-0.01891203990081891,-0.028703118036390918,subnet_24h,"Mang con, 24h",transformer,454.0
,80.50330636037403,0.38270291440072274,0.38270291440072274,3480.0,81.61600998145056,0.42080420523290885,0.42080420523290885,3480.0,0.00042517006802722523,2352,3446266.0,84397090.0,197785884.50499794,2.3435155073715097,mid,high_missing,high_cv,-1.112703621076534,-0.03810129083218611,subnet_24h,"Mang con, 24h",transformer,455.0
,83.92583030074317,0.3219461130078187,0.3219461130078187,3480.0,85.99644705580033,-0.8585680133680945,-0.3518570521472521,3480.0,0.00042517006802722523,2352,217171984.0,570976100.0,767147381.5581261,1.3435717255733082,high,high_missing,mid_cv,-2.0706167550571593,1.1805141263759134,subnet_24h,"Mang con, 24h",transformer,456.0
,33.72684818385526,0.004285762262681367,0.004285762262681367,3460.0,34.72481594853328,0.004239669138451267,0.004239669138451267,3460.0,0.00042517006802722523,2352,162596.0,239730.94,2724879.27862413,11.366406468185318,low,high_missing,high_cv,-0.9979677646780232,4.609312423010069e-05,subnet_24h,"Mang con, 24h",transformer,457.0
,46.526277110683395,0.13154446236449924,0.13154446236449924,3476.0,46.075316702919025,0.16348131619801537,0.16348131619801537,3476.0,0.00042517006802722523,2352,1201239424.0,1318296200.0,786530255.2237921,0.5966263575642583,high,high_missing,low_cv,0.4509604077643701,-0.03193685383351613,subnet_24h,"Mang con, 24h",transformer,458.0
,34.712816169944794,0.0545450732344664,0.0545450732344664,3480.0,36.81993152656565,0.04820378460444677,0.04820378460444677,3480.0,0.00042517006802722523,2352,4464.0,4623.091,1508.1849105719298,0.3262287004930574,low,high_missing,low_cv,-2.1071153566208523,0.006341288630019627,subnet_24h,"Mang con, 24h",transformer,459.0
,52.186199797633776,0.3360606482984476,0.3360606482984476,3480.0,52.33540443386634,0.3629453139138732,0.3629453139138732,3480.0,0.00042517006802722523,2352,93618456.0,196362020.0,236474463.52859405,1.20427803882699,high,high_missing,mid_cv,-0.14920463623256097,-0.026884665615425574,subnet_24h,"Mang con, 24h",transformer,460.0
,73.6999437886642,-0.009750312259546532,-0.009750312259546532,3469.0,73.93116188665846,-0.008482224668965034,-0.008482224668965034,3469.0,0.038690476190476164,2352,51833.0,121863.6,534798.2394565949,4.388498555758782,low,high_missing,high_cv,-0.2312180979942582,-0.001268087590581498,subnet_24h,"Mang con, 24h",transformer,461.0
,77.8322980090273,-0.007524382214540867,-0.007524382214540867,3442.0,79.55780476970693,-0.007203179603267666,-0.007203179603267666,3442.0,0.00170068027210879,2352,3164.5,54126.6,494652.31556266843,9.13880238705719,low,high_missing,high_cv,-1.725506760679636,-0.0003212026112732009,subnet_24h,"Mang con, 24h",transformer,462.0
,75.04336970989608,0.0841778830598266,0.0841778830598266,3480.0,78.58069404867018,0.0733477378255366,0.0733477378255366,3480.0,0.0012755102040816757,2352,28593004.0,161132130.0,650715534.6463255,4.038397200627335,mid,high_missing,high_cv,-3.5373243387740985,0.010830145234290003,subnet_24h,"Mang con, 24h",transformer,463.0
,27.336505854155448,0.05311567977040834,0.05311567977040834,3480.0,28.670319862687336,0.05481101751381481,0.05481101751381481,3480.0,0.00042517006802722523,2352,238426128.0,273126430.0,140917048.6449988,0.5159407224453428,high,high_missing,low_cv,-1.3338140085318884,-0.0016953377434064665,subnet_24h,"Mang con, 24h",transformer,464.0
,82.26064556456184,0.028666276057615635,0.028666276057615635,3480.0,83.37448990732248,0.045288668648636066,0.045288668648636066,3480.0,0.00042517006802722523,2352,24503388.0,111704390.0,279127607.7091612,2.498806024647278,mid,high_missing,high_cv,-1.1138443427606433,-0.01662239259102043,subnet_24h,"Mang con, 24h",transformer,465.0
,60.84916686064241,-0.004685393585220466,-0.004685393585220466,3461.0,61.26274218867537,-0.005181900936566601,-0.005181900936566601,3461.0,0.00170068027210879,2352,2088.0,3152.5588,17852.984472149168,5.663013884966723,low,high_missing,high_cv,-0.41357532803295527,0.0004965073513461347,subnet_24h,"Mang con, 24h",transformer,466.0
,65.60502134264392,0.0676163756098171,0.0676163756098171,3480.0,65.7334894468468,0.07709962514053582,0.07709962514053582,3480.0,0.00042517006802722523,2352,15934020.0,38578376.0,95916814.57693638,2.486284403908977,mid,high_missing,high_cv,-0.1284681042028808,-0.009483249530718718,subnet_24h,"Mang con, 24h",transformer,467.0
,76.07891467644413,0.4785407071317014,0.4785407071317014,3479.0,77.8646221713898,0.3978555251429008,0.3978555251429008,3479.0,0.00042517006802722523,2352,32419728.0,209588130.0,394908469.4894719,1.8842120174357964,mid,high_missing,mid_cv,-1.7857074949456688,0.08068518198880059,subnet_24h,"Mang con, 24h",transformer,468.0
,69.54173633728014,-0.046738824690657134,-0.046738824690657134,3480.0,70.45288683312451,-0.026028751952642967,-0.026028751952642967,3480.0,0.00042517006802722523,2352,470172768.0,680461630.0,864878819.1028643,1.2710177597535202,high,high_missing,mid_cv,-0.9111504958443675,-0.020710072738014167,subnet_24h,"Mang con, 24h",transformer,469.0
,57.145980003000226,0.46982011736954377,0.46982011736954377,3480.0,59.94936406040588,0.40857872040859117,0.40857872040859117,3480.0,0.00042517006802722523,2352,4321738.0,95106020.0,203588923.6016881,2.140652423098956,mid,high_missing,mid_cv,-2.803384057405651,0.0612413969609526,subnet_24h,"Mang con, 24h",transformer,470.0
,78.45966683321724,0.3432558702163154,0.3432558702163154,3480.0,83.51938675109183,0.18549657735870162,0.18549657735870162,3480.0,0.004251700680272141,2352,553442.0,2208522.2,4182661.5386228543,1.8938733982068119,low,high_missing,mid_cv,-5.059719917874588,0.15775929285761375,subnet_24h,"Mang con, 24h",transformer,471.0
,47.922082310479446,-1850618.481393071,-1.0,1818.0,105.02066809453045,-8697102.271374281,-1.0,1818.0,1.0,2352,,,,,,high_missing,low_cv,-57.098585784051004,6846483.789981211,subnet_24h,"Mang con, 24h",transformer,472.0
,50.626542488024135,0.0258290113837001,0.0258290113837001,3480.0,50.864859200909926,0.04320062113441973,0.04320062113441973,3480.0,0.00042517006802722523,2352,253914816.0,298500130.0,230528546.6671437,0.7722896074173332,high,high_missing,low_cv,-0.2383167128857906,-0.01737160975071963,subnet_24h,"Mang con, 24h",transformer,473.0
,81.02946450444826,0.2531821107204708,0.2531821107204708,3478.0,81.12955563270295,-0.0510396395654992,-0.0510396395654992,3478.0,0.00042517006802722523,2352,58796084.0,243689920.0,404520862.4080383,1.6599819246033578,mid,high_missing,mid_cv,-0.10009112825468947,0.30422175028597,subnet_24h,"Mang con, 24h",transformer,474.0
,52.682842722183445,0.3575190536387444,0.3575190536387444,3480.0,53.224860098333636,0.37587654174309987,0.37587654174309987,3480.0,0.00042517006802722523,2352,9050326.0,76618490.0,152879041.67901194,1.9953283557228634,mid,high_missing,mid_cv,-0.5420173761501914,-0.018357488104355446,subnet_24h,"Mang con, 24h",transformer,475.0
,80.13256404272278,0.3919512284023467,0.3919512284023467,3480.0,83.5513916214968,0.2031250000332928,0.2031250000332928,3480.0,0.00042517006802722523,2352,7079859.0,67089420.0,149878014.00791228,2.234003722314372,mid,high_missing,mid_cv,-3.418827578774028,0.18882622836905388,subnet_24h,"Mang con, 24h",transformer,476.0
,64.99442021000185,0.41866461013199796,0.41866461013199796,3480.0,64.89352128348781,0.4462366844569807,0.4462366844569807,3480.0,0.00042517006802722523,2352,463451456.0,752484500.0,914369720.8124024,1.215134325178909,high,high_missing,mid_cv,0.10089892651403432,-0.027572074324982765,subnet_24h,"Mang con, 24h",transformer,477.0
,66.04543902900816,0.5779691512959602,0.5779691512959602,3480.0,65.53252965200248,0.5569596939429475,0.5569596939429475,3480.0,0.00042517006802722523,2352,11333830.0,157552720.0,305965338.05041075,1.9419870253614837,mid,high_missing,mid_cv,0.5129093770056841,0.02100945735301263,subnet_24h,"Mang con, 24h",transformer,478.0
,51.611566730672784,0.5826619560324046,0.5826619560324046,3480.0,53.94033056525803,0.35349861545090294,0.35349861545090294,3480.0,0.00042517006802722523,2352,65360120.0,256960830.0,373223294.3585572,1.45245207782701,mid,high_missing,mid_cv,-2.3287638345852457,0.22916334058150162,subnet_24h,"Mang con, 24h",transformer,479.0
,65.89848215513985,-0.09237926143361049,-0.09237926143361049,3480.0,65.33658795581788,-0.0465884745486182,-0.0465884745486182,3480.0,0.00042517006802722523,2352,1041973568.0,1181858200.0,793708111.1776688,0.6715764440230676,high,high_missing,low_cv,0.5618941993219693,-0.04579078688499229,subnet_24h,"Mang con, 24h",transformer,480.0
,67.51793065173558,-0.007664578862752233,-0.007664578862752233,3480.0,65.06166413898676,-0.018718084571508798,-0.018718084571508798,3480.0,0.00042517006802722523,2352,633280.0,18570278.0,114382931.23223744,6.159462514898132,mid,high_missing,high_cv,2.456266512748826,0.011053505708756566,subnet_24h,"Mang con, 24h",transformer,481.0
,60.54027201499705,-0.007230147552702667,-0.007230147552702667,3480.0,59.898506605026945,-0.0030392070680901333,-0.0030392070680901333,3480.0,0.00042517006802722523,2352,137660672.0,179628750.0,207307389.3913206,1.1540880125433404,high,high_missing,mid_cv,0.6417654099701053,-0.004190940484612533,subnet_24h,"Mang con, 24h",transformer,482.0
,38.649050386556205,0.38716387136318625,0.38716387136318625,3480.0,39.35235783314861,0.4225428632094916,0.4225428632094916,3480.0,0.00042517006802722523,2352,18391264.0,88899496.0,150730061.1236843,1.6955108623302464,mid,high_missing,mid_cv,-0.7033074465924045,-0.03537899184630533,subnet_24h,"Mang con, 24h",transformer,483.0
,49.38754770556682,0.1044786610650496,0.1044786610650496,3480.0,49.23537601917908,0.10573110844703264,0.10573110844703264,3480.0,0.00042517006802722523,2352,396520192.0,495431520.0,525215117.8621516,1.0601164775752492,high,high_missing,low_cv,0.1521716863877387,-0.0012524473819830323,subnet_24h,"Mang con, 24h",transformer,484.0
,36.32216844423634,0.25351282704512673,0.25351282704512673,3480.0,35.97163514605848,0.27649087708924097,0.27649087708924097,3480.0,0.00042517006802722523,2352,1324782336.0,1492722400.0,909561556.0480573,0.6093306676107199,high,high_missing,low_cv,0.35053329817785794,-0.02297805004411424,subnet_24h,"Mang con, 24h",transformer,485.0
,58.92886124494955,0.13302434468916954,0.13302434468916954,3476.0,60.74775214628582,0.1346065297449849,0.1346065297449849,3476.0,0.00042517006802722523,2352,12151447.0,97395770.0,252744926.67738283,2.5950298649257824,mid,high_missing,high_cv,-1.8188909013362675,-0.001582185055815366,subnet_24h,"Mang con, 24h",transformer,486.0
,62.78954552105156,-0.0021544045315119334,-0.0021544045315119334,3480.0,62.446361961635866,0.020563934471311433,0.020563934471311433,3480.0,0.00042517006802722523,2352,134610032.0,192458610.0,212799543.30938384,1.1056899222163337,high,high_missing,low_cv,0.34318355941569223,-0.022718339002823367,subnet_24h,"Mang con, 24h",transformer,487.0
,85.63031355337698,0.03472705914892,0.03472705914892,3480.0,86.40155436360487,0.025296083470451564,0.025296083470451564,3480.0,0.00042517006802722523,2352,10773273.0,132409220.0,383683279.42719066,2.8977082639564204,mid,high_missing,high_cv,-0.7712408102278943,0.009430975678468435,subnet_24h,"Mang con, 24h",transformer,488.0
,45.7627953566315,0.16533846166494304,0.16533846166494304,3480.0,45.46737513751928,0.19517256615443748,0.19517256615443748,3480.0,0.00042517006802722523,2352,330437728.0,414241730.0,391520818.61165035,0.9451506020456982,high,high_missing,low_cv,0.2954202191122235,-0.029834104489494445,subnet_24h,"Mang con, 24h",transformer,489.0
,58.76804231732831,0.4761581891295584,0.4761581891295584,3480.0,59.339321802500415,0.48557941879917443,0.48557941879917443,3480.0,0.00042517006802722523,2352,42397460.0,135536980.0,217459300.2619896,1.6044278593170738,mid,high_missing,mid_cv,-0.5712794851721057,-0.00942122966961606,subnet_24h,"Mang con, 24h",transformer,490.0
,63.46350797644093,0.06785506439143969,0.06785506439143969,3480.0,64.89805717786658,0.055168420880331935,0.055168420880331935,3480.0,0.0012755102040816757,2352,92704.0,130182.78,200644.5742047778,1.5412527853392886,low,high_missing,mid_cv,-1.4345492014256465,0.012686643511107758,subnet_24h,"Mang con, 24h",transformer,491.0
,10.548426024128652,-0.14303615820584256,-0.14303615820584256,117.0,13.005057579874551,-0.10852333988744987,-0.10852333988744987,117.0,0.8779761904761905,2352,26252.0,34766.31,13041.552178658558,0.3751204170408549,low,high_missing,low_cv,-2.456631555745899,-0.03451281831839269,subnet_24h,"Mang con, 24h",transformer,492.0
,95.79037570843825,-0.05985114710792803,-0.05985114710792803,3480.0,100.55272564636677,-0.05937493984058803,-0.05937493984058803,3480.0,0.0012755102040816757,2352,31941578.0,707543550.0,2133811322.8326747,3.0158020899223383,mid,high_missing,high_cv,-4.762349937928519,-0.0004762072673399967,subnet_24h,"Mang con, 24h",transformer,493.0
,67.25794098426147,0.031816433266020204,0.031816433266020204,3480.0,67.46900808144333,0.043202461628622936,0.043202461628622936,3480.0,0.00042517006802722523,2352,11378493.0,49481936.0,139124136.18266514,2.8116146502971335,mid,high_missing,high_cv,-0.21106709718186778,-0.011386028362602732,subnet_24h,"Mang con, 24h",transformer,494.0
,47.31599924462074,0.0351567705541164,0.0351567705541164,3480.0,48.13655327543851,0.04688143391218467,0.04688143391218467,3480.0,0.00042517006802722523,2352,620769088.0,712417400.0,457565804.25390524,0.6422720712825496,high,high_missing,low_cv,-0.8205540308177675,-0.011724663358068266,subnet_24h,"Mang con, 24h",transformer,495.0
,85.07609704094548,0.4607925438295582,0.4607925438295582,3468.0,84.25075200377213,0.4520484002840741,0.4520484002840741,3468.0,0.00042517006802722523,2352,42381160.0,167487090.0,316264037.46536595,1.8882890689780572,mid,high_missing,mid_cv,0.8253450371733493,0.008744143545484084,subnet_24h,"Mang con, 24h",transformer,496.0
,88.34122590919935,0.3910895019841761,0.3910895019841761,3480.0,89.93616997207504,-0.3337081698200762,-0.3337081698200762,3480.0,0.00042517006802722523,2352,6397306.0,108149100.0,202588897.1384739,1.873236944602647,mid,high_missing,mid_cv,-1.5949440628756832,0.7247976718042523,subnet_24h,"Mang con, 24h",transformer,497.0
,101.00197544991441,-0.038419171637922904,-0.038419171637922904,3480.0,101.3061647320352,-0.03605597910612383,-0.03605597910612383,3480.0,0.00042517006802722523,2352,21466390.0,44949732.0,120254532.00858735,2.6753114347508755,mid,high_missing,high_cv,-0.3041892821207881,-0.002363192531799077,subnet_24h,"Mang con, 24h",transformer,498.0
,130.28583321284677,-0.010161667906587334,-0.010161667906587334,3480.0,131.1062155213289,-0.0092104401829066,-0.0092104401829066,3480.0,0.00042517006802722523,2352,2643248.0,19634980.0,110288416.4091579,5.616935510459288,mid,high_missing,high_cv,-0.8203823084821238,-0.0009512277236807341,subnet_24h,"Mang con, 24h",transformer,499.0
,58.6824065107626,0.6960434531459541,0.6960434531459541,3377.0,87.30141209377076,0.6940276713533167,0.6940276713533167,3377.0,0.00042517006802722523,2352,51743616.0,165346300.0,226952850.51525715,1.3725910106539614,mid,high_missing,mid_cv,-28.619005583008168,0.0020157817926373944,subnet_24h,"Mang con, 24h",transformer,500.0
,62.41099091559647,0.5363148705573096,0.5363148705573096,3480.0,64.6083063784577,0.4602690875878172,0.4602690875878172,3480.0,0.00042517006802722523,2352,9963894.0,209895650.0,460097371.05525047,2.1920291127486857,mid,high_missing,mid_cv,-2.1973154628612264,0.07604578296949244,subnet_24h,"Mang con, 24h",transformer,501.0
,90.46010205246739,0.0664393341093872,0.0664393341093872,3480.0,91.83269469675703,0.072698933489047,0.072698933489047,3480.0,0.00042517006802722523,2352,7217621.0,40895524.0,89744687.67268544,2.194486801848668,mid,high_missing,mid_cv,-1.3725926442896395,-0.006259599379659808,subnet_24h,"Mang con, 24h",transformer,502.0
,68.9337899795005,0.396665769207252,0.396665769207252,3480.0,80.87979017391385,0.18861180941292086,0.18861180941292086,3480.0,0.005102040816326481,2352,806976.0,2720626.2,4499293.487384523,1.6537712548294803,mid,high_missing,mid_cv,-11.946000194413344,0.20805395979433114,subnet_24h,"Mang con, 24h",transformer,503.0
,92.78395573759103,0.08990198330352683,0.08990198330352683,3480.0,93.84004325391912,0.050611465084393036,0.050611465084393036,3480.0,0.00042517006802722523,2352,701619.0,28102938.0,70700671.32729112,2.515775088259139,mid,high_missing,high_cv,-1.0560875163280912,0.0392905182191338,subnet_24h,"Mang con, 24h",transformer,504.0
,65.0527431773994,0.3117044919528998,0.3117044919528998,3480.0,65.60537997911833,0.31231946801550725,0.31231946801550725,3480.0,0.00042517006802722523,2352,39579836.0,135857260.0,251514663.08583727,1.851315532792102,mid,high_missing,mid_cv,-0.5526368017189185,-0.0006149760626074641,subnet_24h,"Mang con, 24h",transformer,505.0
,92.78336115523071,0.33812211929818176,0.33812211929818176,3480.0,94.16578539488044,0.2718898356437717,0.2718898356437717,3480.0,0.00042517006802722523,2352,1510723.0,81500056.0,217352871.15376696,2.6669045620504477,mid,high_missing,high_cv,-1.3824242396497368,0.06623228365441003,subnet_24h,"Mang con, 24h",transformer,506.0
,86.58049386276127,0.03670590097067054,0.03670590097067054,3480.0,86.9924915735224,0.006491331216487234,0.006491331216487234,3480.0,0.0008503401360544505,2352,407319.5,28634728.0,74851053.2582196,2.6139956090457575,low,high_missing,high_cv,-0.4119977107611277,0.030214569754183303,subnet_24h,"Mang con, 24h",transformer,507.0
,62.94249765714543,0.2719215791335518,0.2719215791335518,3480.0,63.04026382313362,0.28779712879819597,0.28779712879819597,3480.0,0.00042517006802722523,2352,10699468.0,62411830.0,199065529.77022246,3.1895479333185164,mid,high_missing,high_cv,-0.09776616598819032,-0.015875549664644162,subnet_24h,"Mang con, 24h",transformer,508.0
,87.79271361993523,0.005873151738140604,0.005873151738140604,3480.0,88.71575638862878,-0.13258209232430318,-0.13258209232430318,3480.0,0.00042517006802722523,2352,1064082.0,26077914.0,66695960.34806724,2.5575650087682336,mid,high_missing,high_cv,-0.9230427686935485,0.13845524406244378,subnet_24h,"Mang con, 24h",transformer,509.0
,78.00369619061566,-0.017483500890678433,-0.017483500890678433,3480.0,77.50707720596166,-0.018204177223595564,-0.018204177223595564,3480.0,0.00042517006802722523,2352,7993.0,4240141.5,24453338.768157464,5.767104415774206,low,high_missing,high_cv,0.4966189846539919,0.0007206763329171313,subnet_24h,"Mang con, 24h",transformer,510.0
,43.31751720587052,0.0675362425915625,0.0675362425915625,3480.0,43.71442064993074,0.07647963048822043,0.07647963048822043,3480.0,0.00042517006802722523,2352,6728.0,7345.332,3800.473594874923,0.5173998368904467,low,high_missing,low_cv,-0.3969034440602144,-0.008943387896657926,subnet_24h,"Mang con, 24h",transformer,511.0
,90.69991978568824,0.1043536357507865,0.1043536357507865,3480.0,90.06533250622834,0.1191626706134407,0.1191626706134407,3480.0,0.00042517006802722523,2352,4757107.0,26284620.0,54952812.07622625,2.090683147643993,mid,high_missing,mid_cv,0.6345872794598932,-0.014809034862654197,subnet_24h,"Mang con, 24h",transformer,512.0
,47.877616212669416,0.07961804640216907,0.07961804640216907,784.0,47.59903736584588,0.09870653378678894,0.09870653378678894,784.0,0.6721938775510203,2352,453.0,559.68225,379.98648155476207,0.678932520893314,low,high_missing,low_cv,0.2785788468235353,-0.019088487384619865,subnet_24h,"Mang con, 24h",transformer,513.0
,137.95618843196038,-0.38179001910368154,-0.38179001910368154,3480.0,139.37243535309264,-0.3545441787780071,-0.3545441787780071,3480.0,0.00042517006802722523,2352,102438840.0,319628350.0,367684899.7381068,1.1503513297159158,high,high_missing,mid_cv,-1.416246921132256,-0.027245840325674453,subnet_24h,"Mang con, 24h",transformer,514.0
,82.6743109753822,-0.014594591856477634,-0.014594591856477634,3480.0,82.77394169895025,-0.014083369886566666,-0.014083369886566666,3480.0,0.0008503401360544505,2352,13692565.5,201559710.0,1467405622.8251097,7.280252627197194,mid,high_missing,high_cv,-0.09963072356805469,-0.0005112219699109685,subnet_24h,"Mang con, 24h",transformer,515.0
,89.17577790890893,-0.0027792421193568334,-0.0027792421193568334,3462.0,89.1919202663657,-0.0032408030113278002,-0.0032408030113278002,3462.0,0.00042517006802722523,2352,693222.0,8658046.0,107421525.71924011,12.407132708608861,mid,high_missing,high_cv,-0.01614235745677206,0.0004615608919709669,subnet_24h,"Mang con, 24h",transformer,516.0
,81.9929100728,0.051863144328654104,0.051863144328654104,3478.0,82.72059733920685,-0.0055724679545854335,-0.0055724679545854335,3478.0,0.00042517006802722523,2352,5818241.0,78011450.0,255289929.20444596,3.2724675127738427,mid,high_missing,high_cv,-0.7276872664068463,0.05743561228323954,subnet_24h,"Mang con, 24h",transformer,517.0
,78.03453374317029,-0.02924087270678333,-0.02924087270678333,3480.0,76.694618182939,-0.029782634396841232,-0.029782634396841232,3480.0,0.00042517006802722523,2352,1389667.0,70738970.0,420848139.790218,5.949311273387788,mid,high_missing,high_cv,1.3399155602312902,0.0005417616900579014,subnet_24h,"Mang con, 24h",transformer,518.0
,58.9936839794845,-0.0026133042692453663,-0.0026133042692453663,3476.0,62.51560220445098,-0.0029071941743115666,-0.0029071941743115666,3476.0,0.00042517006802722523,2352,731725.0,24927994.0,379636164.1456223,15.229310635489655,mid,high_missing,high_cv,-3.521918224966477,0.00029388990506620024,subnet_24h,"Mang con, 24h",transformer,519.0
,100.33197449722695,0.0080148348644444,0.0080148348644444,3474.0,109.2894553771677,-0.025247351843547965,-0.025247351843547965,3474.0,0.3660714285714286,2352,1619015.0,22643432.0,57750823.228777155,2.550444792502177,mid,high_missing,high_cv,-8.957480879940746,0.033262186707992365,subnet_24h,"Mang con, 24h",transformer,520.0
,52.417367303415325,0.3341470515642843,0.3341470515642843,3480.0,54.489852335443935,0.29419245180203846,0.29419245180203846,3480.0,0.00042517006802722523,2352,18835216.0,78543544.0,244495957.84123245,3.112871477269124,mid,high_missing,high_cv,-2.0724850320286095,0.03995459976224586,subnet_24h,"Mang con, 24h",transformer,521.0
,57.17474566006243,-0.08928913320978409,-0.08928913320978409,3435.0,56.63209838713303,-0.0321047245629257,-0.0321047245629257,3435.0,0.004251700680272141,2352,2260.0,2595.4685,5290.396752258758,2.0383205345452944,low,high_missing,mid_cv,0.5426472729294005,-0.057184408646858385,subnet_24h,"Mang con, 24h",transformer,522.0
,30.604645224611417,0.4592687390310226,0.4592687390310226,3479.0,30.70200505269864,0.476039108310764,0.476039108310764,3479.0,0.00042517006802722523,2352,9381.0,9881.797,16760.80065610048,1.6961288385216358,low,high_missing,mid_cv,-0.09735982808722454,-0.016770369279741404,subnet_24h,"Mang con, 24h",transformer,523.0
,60.54526311510057,-0.0779977042173821,-0.0779977042173821,3355.0,61.05016514385445,-0.024171588783027134,-0.024171588783027134,3355.0,0.007653061224489832,2352,1761.0,2029.3291,1248.0246453259526,0.6149937160833228,low,high_missing,low_cv,-0.5049020287538823,-0.05382611543435496,subnet_24h,"Mang con, 24h",transformer,524.0
,22.88511749392534,0.05654020033095047,0.05654020033095047,3480.0,24.454836061302952,0.040281456558193166,0.040281456558193166,3480.0,0.00042517006802722523,2352,12362.0,12935.175,16835.166232214564,1.3015028004193472,low,high_missing,mid_cv,-1.5697185673776133,0.0162587437727573,subnet_24h,"Mang con, 24h",transformer,525.0
,62.343048818140886,-0.029412846019343335,-0.029412846019343335,1860.0,62.24909417512911,-0.0138779176087229,-0.0138779176087229,1860.0,0.40093537414965985,2352,1677.0,1968.7034,1469.9566049548923,0.746662309820984,low,high_missing,low_cv,0.09395464301177725,-0.015534928410620435,subnet_24h,"Mang con, 24h",transformer,526.0
,55.57280210202051,-0.06922855005874566,-0.06922855005874566,3424.0,55.50140820004474,-0.013643790417304333,-0.013643790417304333,3424.0,0.0046768707482993666,2352,2340.0,2548.1453,1418.0887388329656,0.5565180129446392,low,high_missing,low_cv,0.07139390197576745,-0.05558475964144133,subnet_24h,"Mang con, 24h",transformer,527.0
,111.93377086588752,-0.00016437658366530005,-0.00016437658366530005,3469.0,113.46112685236945,-0.004249217377300333,-0.004249217377300333,3469.0,0.0012755102040816757,2352,294648.0,2919100.2,39802283.83926902,13.635120561299331,low,high_missing,high_cv,-1.527355986481922,0.004084840793635033,subnet_24h,"Mang con, 24h",transformer,528.0
,71.97691774017605,-2.935918242442888,-1.0,1791.0,89.33462213281832,-9.085371236399498,-1.0,1791.0,0.038690476190476164,2352,15653.0,4942389.0,75807447.93729107,15.338219621582006,low,high_missing,high_cv,-17.357704392642276,6.14945299395661,subnet_24h,"Mang con, 24h",transformer,529.0
,91.05452492107854,0.24477152585350637,0.24477152585350637,3480.0,90.28986865092133,0.22114803313489728,0.22114803313489728,3480.0,0.0008503401360544505,2352,460648.5,23338938.0,66149547.06481081,2.8342997896824103,low,high_missing,high_cv,0.7646562701572037,0.023623492718609085,subnet_24h,"Mang con, 24h",transformer,530.0
,37.50506878379687,0.09552338516781987,0.09552338516781987,3480.0,39.39742790485633,0.11043753487703152,0.11043753487703152,3480.0,0.00042517006802722523,2352,4256.0,4514.4067,5124.415353523586,1.1351248681403887,low,high_missing,low_cv,-1.8923591210594566,-0.01491414970921165,subnet_24h,"Mang con, 24h",transformer,531.0
,49.56502626932703,-0.05883237212772407,-0.05883237212772407,3353.0,50.45717613776404,-0.0271484587282529,-0.0271484587282529,3353.0,0.012755102040816313,2352,1100.0,1360.0961,4015.5500466723456,2.9524017730842536,low,high_missing,high_cv,-0.8921498684370093,-0.03168391339947117,subnet_24h,"Mang con, 24h",transformer,532.0
,79.18745742995442,0.054500257286252296,0.054500257286252296,3480.0,80.64146520569327,0.05291323558036276,0.05291323558036276,3480.0,0.022108843537414935,2352,1560179.5,31570354.0,98156380.00202972,3.1091314339405165,mid,high_missing,high_cv,-1.4540077757388445,0.0015870217058895353,subnet_24h,"Mang con, 24h",transformer,533.0
,121.02400467557544,-0.12552283583061294,-0.12552283583061294,3480.0,121.78136249462165,-0.1245297078677408,-0.1245297078677408,3480.0,0.00042517006802722523,2352,8495350.0,47129588.0,112732145.77456304,2.3919611980177513,mid,high_missing,high_cv,-0.7573578190462058,-0.0009931279628721396,subnet_24h,"Mang con, 24h",transformer,534.0
,33.742685671528875,0.20371556382873732,0.20371556382873732,3480.0,36.11469101122763,0.19149884170929787,0.19149884170929787,3480.0,0.00042517006802722523,2352,5240.0,5648.3257,10404.347012021599,1.8420232109211216,low,high_missing,mid_cv,-2.3720053396987524,0.012216722119439444,subnet_24h,"Mang con, 24h",transformer,535.0
,24.802106030267755,0.0006328708738643334,0.0006328708738643334,3356.0,26.924941153184236,0.0006608588058063334,0.0006608588058063334,3356.0,0.00042517006802722523,2352,8110.0,8576.974,9080.167157787839,1.058667957547438,low,high_missing,low_cv,-2.122835122916481,-2.798793194199996e-05,subnet_24h,"Mang con, 24h",transformer,536.0
,31.7916908235419,0.06020420104567173,0.06020420104567173,3480.0,33.362064647869815,-0.0430475157765913,-0.0430475157765913,3480.0,0.1071428571428571,2352,2795.0,3208.0542,9751.30612987794,3.0396326010491506,low,high_missing,high_cv,-1.5703738243279162,0.10325171682226303,subnet_24h,"Mang con, 24h",transformer,537.0
,88.87531231302755,0.04359450053002956,0.04359450053002956,3480.0,90.42467364016841,0.027828688061211235,0.027828688061211235,3480.0,0.00042517006802722523,2352,306030.0,11542808.0,104781390.14690994,9.077634328398249,low,high_missing,high_cv,-1.5493613271408577,0.01576581246881833,subnet_24h,"Mang con, 24h",transformer,538.0
,91.78244377957371,0.053853231247392365,0.053853231247392365,3480.0,94.57208113355803,0.08312965742748457,0.08312965742748457,3480.0,0.00042517006802722523,2352,329792.0,18887840.0,122667488.47973886,6.4945217917844955,low,high_missing,high_cv,-2.7896373539843182,-0.029276426180092206,subnet_24h,"Mang con, 24h",transformer,539.0
,26.64894903923307,0.20532144380791137,0.20532144380791137,3480.0,27.368503267731857,0.19132496180064484,0.19132496180064484,3480.0,0.00042517006802722523,2352,37784.0,40695.535,37639.86749390637,0.9249139334177219,low,high_missing,low_cv,-0.7195542284987866,0.013996482007266525,subnet_24h,"Mang con, 24h",transformer,540.0
,74.99107479420508,-0.005093578710475433,-0.005093578710475433,3480.0,74.21991209030024,-0.0051126546348173665,-0.0051126546348173665,3480.0,0.0008503401360544505,2352,4550668.5,30601126.0,301388272.4973016,9.848927536107709,mid,high_missing,high_cv,0.7711627039048352,1.9075924341933198e-05,subnet_24h,"Mang con, 24h",transformer,541.0
,77.01188095563136,-0.002639313475023067,-0.002639313475023067,3480.0,86.14823756784587,-0.0060208582685921325,-0.0060208582685921325,3480.0,0.9528061224489796,2352,1756.0,1861.3243,746.7167061958901,0.4011749536713205,low,high_missing,low_cv,-9.136356612214513,0.0033815447935690657,subnet_24h,"Mang con, 24h",transformer,542.0
,82.27868315206858,-0.04672422341697947,-0.04672422341697947,3480.0,91.68672969571821,-38.39006848332873,-1.0,3480.0,0.5140306122448979,2352,80619248.0,545907260.0,1688900574.1174743,3.09374995625168,high,high_missing,high_cv,-9.408046543649633,38.34334425991175,subnet_24h,"Mang con, 24h",transformer,543.0
,41.65369926831999,0.0245199883662988,0.0245199883662988,3480.0,40.83186024103917,0.05361428180867176,0.05361428180867176,3480.0,0.00042517006802722523,2352,4600.0,5638.609,35070.97492241141,6.21979208471402,low,high_missing,high_cv,0.8218390272808165,-0.02909429344237296,subnet_24h,"Mang con, 24h",transformer,544.0
,56.73831090555913,0.016283534452765567,0.016283534452765567,289.0,59.03723001750573,0.03539839192193283,0.03539839192193283,289.0,0.2283163265306123,2352,1420.0,1700.1383,1160.2002536651062,0.6824152186912463,low,high_missing,low_cv,-2.2989191119465957,-0.019114857469167263,subnet_24h,"Mang con, 24h",transformer,546.0
,17.476658490254163,0.5140503166002394,0.5140503166002394,3480.0,22.205649280690142,0.47847641403218627,0.47847641403218627,3480.0,0.00042517006802722523,2352,386431.0,382253.16,145264.40045239366,0.3800214545707722,low,high_missing,low_cv,-4.728990790435979,0.035573902568053095,subnet_24h,"Mang con, 24h",transformer,547.0
,38.40947815343703,0.4238732097919628,0.4238732097919628,3192.0,31.889320662245826,0.5584251045582352,0.5584251045582352,3192.0,0.00042517006802722523,2352,50077032448.0,54820282000.0,33286820009.58696,0.6071989886177115,high,low_missing,low_cv,6.520157491191203,-0.13455189476627244,subnet_168h,"Mang con, 168h",transformer,0.0
,103.56617002434598,-0.0332607975666489,-0.0332607975666489,2344.0,109.30367997644002,-0.033084364289607295,-0.033084364289607295,2344.0,0.15561224489795922,2352,1457.5,652322.25,4371280.891740219,6.70110653398718,low,high_missing,high_cv,-5.737509952094044,-0.00017643327704160855,subnet_168h,"Mang con, 168h",transformer,1.0
,38.61918086133939,0.0018326712316024,0.0018326712316024,3185.0,41.70129468150363,2.734193073923325e-05,2.734193073923325e-05,3185.0,0.0008503401360544505,2352,5589.0,5947.1763,2811.5453624781985,0.47275298983189573,low,high_missing,low_cv,-3.0821138201642455,0.0018053293008631667,subnet_168h,"Mang con, 168h",transformer,2.0
,77.75697024136036,-0.0037771497022020665,-0.0037771497022020665,3191.0,75.99044710901133,-0.0016802324014945668,-0.0016802324014945668,3191.0,0.005102040816326481,2352,799648.0,4317277.0,48354025.39819403,11.2001211407547,mid,high_missing,high_cv,1.766523132349036,-0.0020969173007075,subnet_168h,"Mang con, 168h",transformer,3.0
,73.48835219684636,0.06027474319920393,0.06027474319920393,3192.0,72.79734508221027,0.05341911126042997,0.05341911126042997,3192.0,0.0008503401360544505,2352,104559152.0,176551500.0,253757711.57585123,1.4373013303576911,high,high_missing,mid_cv,0.6910071146360934,0.006855631938773962,subnet_168h,"Mang con, 168h",transformer,4.0
,106.04541317275313,0.0356993671893265,0.0356993671893265,3192.0,115.89154400956136,-0.01830683009968123,-0.01830683009968123,3192.0,0.00170068027210879,2352,5186740.0,34780012.0,112724521.21718787,3.241071947220371,mid,high_missing,high_cv,-9.846130836808229,0.05400619728900773,subnet_168h,"Mang con, 168h",transformer,5.0
,40.20611864766186,0.4163605079049322,0.4163605079049322,3192.0,36.594053950545394,0.4877501282823005,0.4877501282823005,3192.0,0.00042517006802722523,2352,13493942272.0,18188640000.0,13399270822.988115,0.7366834812496781,high,low_missing,low_cv,3.612064697116466,-0.07138962037736835,subnet_168h,"Mang con, 168h",transformer,6.0
,66.62165209217596,0.2840892788005184,0.2840892788005184,3192.0,65.12528726119533,0.28821306999642105,0.28821306999642105,3192.0,0.00042517006802722523,2352,241958720.0,519742530.0,769956468.5928234,1.4814190240611278,high,low_missing,mid_cv,1.4963648309806388,-0.004123791195902671,subnet_168h,"Mang con, 168h",transformer,7.0
,59.48184966142511,0.2015887060387126,0.2015887060387126,3192.0,58.56681565496182,0.2656715124232068,0.2656715124232068,3192.0,0.00042517006802722523,2352,537993920.0,780937700.0,883754495.9853133,1.131658087833238,high,low_missing,low_cv,0.9150340064632871,-0.0640828063844942,subnet_168h,"Mang con, 168h",transformer,8.0
,77.99936659148882,-0.05520416918998646,-0.05520416918998646,2688.0,77.81359520229215,-0.07060713246599237,-0.07060713246599237,2688.0,0.00042517006802722523,2352,56319.0,86566.91,102475.03330912597,1.1837668428762402,low,low_missing,mid_cv,0.1857713891966739,0.015402963276005911,subnet_168h,"Mang con, 168h",transformer,9.0
,65.70647460286663,0.27373962996852613,0.27373962996852613,3192.0,67.12128252664499,0.2824546381920247,0.2824546381920247,3192.0,0.00042517006802722523,2352,129445432.0,474116350.0,919702742.6343176,1.939824979152623,high,low_missing,mid_cv,-1.4148079237783548,-0.008715008223498577,subnet_168h,"Mang con, 168h",transformer,10.0
,37.878169628021254,-0.007793210346682101,-0.007793210346682101,3097.0,50.62953486838217,-0.0091907918671639,-0.0091907918671639,3097.0,0.15688775510204078,2352,12356.0,11129.293,8263.629765344109,0.7425116571688425,low,high_missing,low_cv,-12.751365240360919,0.0013975815204817993,subnet_168h,"Mang con, 168h",transformer,11.0
,50.590673928635745,-0.22133494691595645,-0.22133494691595645,3192.0,48.75950888834641,-0.4264516335886949,-0.37739303181750644,3192.0,0.00042517006802722523,2352,23969.0,27619.53,21051.97186991954,0.762213274659299,low,low_missing,low_cv,1.831165040289335,0.20511668667273847,subnet_168h,"Mang con, 168h",transformer,12.0
,60.78106977882978,0.0117199169067545,0.0117199169067545,3192.0,61.075064039416304,0.028212382709661903,0.028212382709661903,3192.0,0.00042517006802722523,2352,170941776.0,297082370.0,423554454.2242169,1.4257138755007395,high,low_missing,mid_cv,-0.29399426058652267,-0.016492465802907405,subnet_168h,"Mang con, 168h",transformer,13.0
,52.74161292498545,0.2919052036819189,0.2919052036819189,3192.0,52.05802231303102,0.3415404508504416,0.3415404508504416,3192.0,0.00042517006802722523,2352,399698688.0,1070405000.0,1677198308.340187,1.5668819940819063,high,low_missing,mid_cv,0.6835906119544362,-0.04963524716852269,subnet_168h,"Mang con, 168h",transformer,14.0
,49.039924566890015,0.006157311357304933,0.006157311357304933,3192.0,50.465037761582614,0.014390745079738301,0.014390745079738301,3192.0,0.00042517006802722523,2352,299387.0,592603.56,1608815.454444148,2.7148258232824043,low,low_missing,high_cv,-1.4251131946925994,-0.008233433722433368,subnet_168h,"Mang con, 168h",transformer,15.0
,102.08246385982193,-0.11703089911568564,-0.11703089911568564,3192.0,104.17969110358018,-0.12559313341499664,-0.12559313341499664,3192.0,0.00042517006802722523,2352,379524640.0,1768557600.0,3755800590.366541,2.1236518721942677,high,low_missing,mid_cv,-2.0972272437582546,0.008562234299311008,subnet_168h,"Mang con, 168h",transformer,16.0
,32.153286427145055,0.3707910344345409,0.3707910344345409,3192.0,31.3819402694286,0.11695169194635056,0.11695169194635056,3192.0,0.00042517006802722523,2352,53312520192.0,57890636000.0,45311749912.35989,0.7827129432070429,high,low_missing,low_cv,0.7713461577164544,0.25383934248819034,subnet_168h,"Mang con, 168h",transformer,17.0
,94.71179559400423,-0.0561670067752214,-0.0561670067752214,3192.0,95.05945038005832,-0.05892672306954814,-0.05892672306954814,3192.0,0.00042517006802722523,2352,162340.0,1245477.1,2565576.156203159,2.059914312920969,low,low_missing,mid_cv,-0.3476547860540933,0.002759716294326739,subnet_168h,"Mang con, 168h",transformer,19.0
,29.606614730853824,-0.026294836926128,-0.026294836926128,3192.0,31.618894060874467,0.0006559231252641351,0.0006559231252641351,3192.0,0.00042517006802722523,2352,3149107.0,3413849.8,1812437.5591904293,0.5309072431176648,mid,low_missing,low_cv,-2.012279330020643,-0.026950760051392134,subnet_168h,"Mang con, 168h",transformer,20.0
,44.75783331178272,0.009042504238883366,0.009042504238883366,3188.0,47.89384190669995,-0.10322405069424638,-0.10322405069424638,3188.0,0.00042517006802722523,2352,1794179.0,2047554.0,1140731.61362555,0.5571191839753921,mid,low_missing,low_cv,-3.1360085949172287,0.11226655493312974,subnet_168h,"Mang con, 168h",transformer,21.0
,62.409116787482255,0.03649468644191247,0.03649468644191247,3191.0,64.46237754776969,-0.023713972277640532,-0.023713972277640532,3191.0,0.00042517006802722523,2352,4341882.0,5409801.5,4245867.244192528,0.7848471416543708,mid,low_missing,low_cv,-2.0532607602874364,0.060208658719553,subnet_168h,"Mang con, 168h",transformer,22.0
,53.84890743060502,-0.042613958728605565,-0.042613958728605565,3083.0,56.8164455484808,-0.022860424255611498,-0.022860424255611498,3083.0,0.005102040816326481,2352,1306.0,1536.6213,4508.219428057397,2.933851897596314,low,high_missing,high_cv,-2.967538117875783,-0.019753534472994067,subnet_168h,"Mang con, 168h",transformer,23.0
,37.404688013824,0.14003017126533976,0.14003017126533976,3192.0,45.33234674083957,0.11776764155442963,0.11776764155442963,3192.0,0.00042517006802722523,2352,4762170.0,5412005.5,9174761.144331507,1.6952608685138084,mid,low_missing,mid_cv,-7.927658727015569,0.022262529710910126,subnet_168h,"Mang con, 168h",transformer,24.0
,30.365455984028372,0.4094998940970906,0.4094998940970906,3192.0,31.992458430897415,0.26868248741679057,0.26868248741679057,3192.0,0.00042517006802722523,2352,263204.0,505849.53,427418.38405662443,0.8449516262285247,low,low_missing,low_cv,-1.6270024468690423,0.14081740668030002,subnet_168h,"Mang con, 168h",transformer,25.0
,42.068062465794775,-0.0015067129131439,-0.0015067129131439,3192.0,43.77488720433049,-0.0013731145949135001,-0.0013731145949135001,3192.0,0.00042517006802722523,2352,3916454.0,21327038.0,355544150.0919885,16.671051558682855,mid,low_missing,high_cv,-1.7068247385357154,-0.0001335983182303999,subnet_168h,"Mang con, 168h",transformer,26.0
,78.39673295170036,-0.0086958464509753,-0.0086958464509753,3192.0,77.11649154814654,-0.0022898113117550997,-0.0022898113117550997,3192.0,0.00042517006802722523,2352,1995977.0,35547184.0,249215071.2161928,7.010824576601983,mid,low_missing,high_cv,1.2802414035538163,-0.0064060351392202005,subnet_168h,"Mang con, 168h",transformer,27.0
,129.29676606315454,-0.07735448879092197,-0.07735448879092197,3192.0,131.05208270891467,-0.07488918289747946,-0.07488918289747946,3192.0,0.00042517006802722523,2352,659378.0,55154320.0,145434481.12313193,2.6368647301450174,mid,low_missing,high_cv,-1.7553166457601321,-0.0024653058934425015,subnet_168h,"Mang con, 168h",transformer,28.0
,27.53565101124742,0.21646836285898155,0.21646836285898155,3192.0,28.516576459275935,0.14543915781773134,0.14543915781773134,3192.0,0.00042517006802722523,2352,298422688.0,323817380.0,173811474.3302255,0.5367577134904135,high,low_missing,low_cv,-0.9809254480285148,0.07102920504125021,subnet_168h,"Mang con, 168h",transformer,29.0
,30.46955372427426,-0.09978493847377207,-0.09978493847377207,3192.0,30.905133693483204,-0.08561712196939913,-0.08561712196939913,3192.0,0.00042517006802722523,2352,383446.0,534835.94,356037.2640226656,0.6656943542105669,low,low_missing,low_cv,-0.4355799692089448,-0.014167816504372932,subnet_168h,"Mang con, 168h",transformer,30.0
,46.94313746161783,-0.07824689373961775,-0.07824689373961775,3175.0,55.49459519306038,-0.3443446385108975,-0.3443446385108975,3175.0,0.00042517006802722523,2352,3136.0,3364.1426,4668.560380376291,1.387741533528673,low,low_missing,mid_cv,-8.551457731442547,0.2660977447712798,subnet_168h,"Mang con, 168h",transformer,31.0
,67.29027797562686,-0.14198715843211177,-0.14198715843211177,3192.0,63.82661784486004,0.10184321950780367,0.10184321950780367,3192.0,0.00042517006802722523,2352,763834112.0,919595800.0,814168662.2388281,0.8853549390801335,high,low_missing,low_cv,3.4636601307668258,-0.24383037793991544,subnet_168h,"Mang con, 168h",transformer,32.0
,134.9018344409715,-0.159688978367339,-0.159688978367339,3192.0,131.6241003681089,-0.13964324749994714,-0.13964324749994714,3192.0,0.00042517006802722523,2352,1144513920.0,4741205500.0,9181797359.247858,1.9365955243875161,high,low_missing,mid_cv,3.277734072862586,-0.020045730867391864,subnet_168h,"Mang con, 168h",transformer,33.0
,50.14218797146493,-1.418174664795376,-0.8559196177370371,3192.0,61.44302472934482,-2.162117361653943,-1.0,3192.0,0.00042517006802722523,2352,5246.0,47927.3,58092.403953598594,1.2120942136663235,low,low_missing,mid_cv,-11.300836757879893,0.7439426968585672,subnet_168h,"Mang con, 168h",transformer,34.0
,42.1460946426201,0.040108885486941234,0.040108885486941234,3192.0,45.60996221683093,0.009617023160102335,0.009617023160102335,3192.0,0.00042517006802722523,2352,302231.0,343684.2,273750.9947336216,0.7965190273224938,low,low_missing,low_cv,-3.4638675742108305,0.030491862326838898,subnet_168h,"Mang con, 168h",transformer,35.0
,71.49536281428497,-0.026139272686100765,-0.026139272686100765,3192.0,68.81704763972563,-0.021227964329139565,-0.021227964329139565,3192.0,0.00042517006802722523,2352,74825448.0,418658720.0,1517366504.0113428,3.62435184441242,high,low_missing,high_cv,2.6783151745593443,-0.0049113083569612,subnet_168h,"Mang con, 168h",transformer,36.0
,60.049492767342834,-0.13653801714984307,-0.13653801714984307,450.0,62.807796647275914,-0.17957851788848148,-0.17957851788848148,450.0,0.005952380952380931,2352,1962.5,9895.906,45210.25299792201,4.568581376558818,low,high_missing,high_cv,-2.758303879933081,0.04304050073863841,subnet_168h,"Mang con, 168h",transformer,37.0
,134.92846581116865,-0.08407508226248284,-0.08407508226248284,3192.0,125.57088109523806,-0.05738052521355407,-0.05738052521355407,3192.0,0.00042517006802722523,2352,66956196.0,3073915100.0,26191414936.063026,8.520539369914156,mid,low_missing,high_cv,9.357584715930585,-0.026694557048928765,subnet_168h,"Mang con, 168h",transformer,38.0
,74.5289541941425,-0.006795646413862467,-0.006795646413862467,2150.0,173.07151350046414,-738278659.3995838,-1.0,2150.0,0.9982993197278912,2352,394.0,793.0,858.4225843565239,1.0825001063764488,low,high_missing,low_cv,-98.54255930632164,738278659.3927882,subnet_168h,"Mang con, 168h",transformer,39.0
,54.55826166407379,-0.028084298096925166,-0.028084298096925166,3192.0,57.68872194540489,-0.025524629529789834,-0.025524629529789834,3192.0,0.00042517006802722523,2352,5123960.0,10855429.0,52048330.85508439,4.794682076137607,mid,low_missing,high_cv,-3.1304602813311035,-0.002559668567135333,subnet_168h,"Mang con, 168h",transformer,40.0
,46.88222197770461,-0.004131040458991133,-0.004131040458991133,3192.0,66.24441159623434,-0.010368175693541766,-0.010368175693541766,3192.0,0.00042517006802722523,2352,938601.0,2102954.2,11672397.197453514,5.550476049326091,mid,low_missing,high_cv,-19.362189618529733,0.006237135234550633,subnet_168h,"Mang con, 168h",transformer,41.0
,46.632120708526635,-0.17015270107533642,-0.17015270107533642,271.0,45.43613563103827,-0.10217687693456418,-0.10217687693456418,271.0,0.8864795918367347,2352,8812.0,10697.61,5083.964174481208,0.475242975524776,low,high_missing,low_cv,1.1959850774883662,-0.06797582414077225,subnet_168h,"Mang con, 168h",transformer,42.0
,39.43522794105002,-0.003622064350613433,-0.003622064350613433,3192.0,41.889022278902566,-0.003545657203483867,-0.003545657203483867,3192.0,0.00042517006802722523,2352,474992.0,1804470.9,41882625.4585603,23.21047462656348,low,low_missing,high_cv,-2.4537943378525426,-7.640714712956603e-05,subnet_168h,"Mang con, 168h",transformer,43.0
,71.03059094225785,-0.0371110760692269,-0.0371110760692269,3149.0,95.35528336455462,-0.10577572697779665,-0.10577572697779665,3149.0,0.00042517006802722523,2352,687345152.0,2111732600.0,5096229944.4639015,2.413293200643659,high,low_missing,high_cv,-24.324692422296778,0.06866465090856974,subnet_168h,"Mang con, 168h",transformer,44.0
,93.43928618434832,-0.014077540721500234,-0.014077540721500234,3192.0,88.78960101137538,-0.015115970080275834,-0.015115970080275834,3192.0,0.00042517006802722523,2352,384277.0,11287809.0,137895497.6129928,12.216320954136696,low,low_missing,high_cv,4.649685172972937,0.0010384293587756,subnet_168h,"Mang con, 168h",transformer,45.0
,85.65212164340387,0.006830806524377067,0.006830806524377067,2631.0,175.04156889127646,-13662.03712879648,-0.5752635138406207,2631.0,0.9987244897959183,2352,448.0,460.0,70.76722405181653,0.15384179141699245,low,high_missing,low_cv,-89.38944724787258,13662.043959603005,subnet_168h,"Mang con, 168h",transformer,46.0
,34.064444209344906,0.4573334632736412,0.4573334632736412,3192.0,55.652600469556454,-0.20488279424911324,-0.20488279424911324,3192.0,0.00042517006802722523,2352,38545.0,38831.24,9138.037938330443,0.23532697752630832,low,low_missing,low_cv,-21.588156260211548,0.6622162575227545,subnet_168h,"Mang con, 168h",transformer,47.0
,71.06062057998172,-0.0038662630066428664,-0.0038662630066428664,3192.0,73.01301593247302,-0.003813115829298033,-0.003813115829298033,3192.0,0.00042517006802722523,2352,253970.0,832682.2,6673876.341799022,8.014914263791697,low,low_missing,high_cv,-1.9523953524913082,-5.314717734483318e-05,subnet_168h,"Mang con, 168h",transformer,48.0
,58.79863049267885,-0.012375267971783267,-0.012375267971783267,3192.0,59.136236656428984,-0.0123363862119795,-0.0123363862119795,3192.0,0.00042517006802722523,2352,7532.0,510212.75,4635556.724998417,9.085536817726364,low,low_missing,high_cv,-0.33760616375013086,-3.8881759803767804e-05,subnet_168h,"Mang con, 168h",transformer,49.0
,31.00758759859308,-0.008462334410762766,-0.008462334410762766,3192.0,31.99975087247404,-0.007504853356246466,-0.007504853356246466,3192.0,0.00042517006802722523,2352,91378.0,423995.1,2758103.7728913752,6.50503700054047,low,low_missing,high_cv,-0.9921632738809585,-0.0009574810545162999,subnet_168h,"Mang con, 168h",transformer,50.0
,57.97763895604626,-0.275690238439848,-0.2753624962847036,3192.0,82.64446779709102,-0.1034923714169647,-0.1034923714169647,3192.0,0.00042517006802722523,2352,11647374.0,16429735.0,26806178.346441254,1.6315648637328146,mid,low_missing,mid_cv,-24.66682884104476,-0.1721978670228833,subnet_168h,"Mang con, 168h",transformer,51.0
,29.023415680541987,0.0303395946011753,0.0303395946011753,3192.0,36.634680519386656,-0.40144434996018763,-0.40144434996018763,3192.0,0.00042517006802722523,2352,697141.0,754842.8,1978288.1112219458,2.6207947912625134,mid,low_missing,high_cv,-7.611264838844669,0.43178394456136293,subnet_168h,"Mang con, 168h",transformer,52.0
,49.182328153586944,0.08180000503987733,0.08180000503987733,3192.0,51.03497586719379,0.037557770444687735,0.037557770444687735,3192.0,0.00042517006802722523,2352,26750.0,30932.006,20244.87897198159,0.6544961572818818,low,low_missing,low_cv,-1.8526477136068493,0.0442422345951896,subnet_168h,"Mang con, 168h",transformer,53.0
,83.16540451304039,-0.0014208837823270334,-0.0014208837823270334,3187.0,87.49700168359068,-0.0014074738553676335,-0.0014074738553676335,3187.0,0.0008503401360544505,2352,27414.0,32794.39,29584.395837439348,0.9021175656450957,low,high_missing,low_cv,-4.331597170550296,-1.3409926959399897e-05,subnet_168h,"Mang con, 168h",transformer,54.0
,94.39487002833947,-0.04880259788128621,-0.04880259788128621,3192.0,104.14404050635325,-0.10921068088308487,-0.10921068088308487,3192.0,0.00042517006802722523,2352,119094432.0,292045660.0,594360322.8529303,2.0351622917878016,high,low_missing,mid_cv,-9.749170478013781,0.06040808300179867,subnet_168h,"Mang con, 168h",transformer,55.0
,69.88499823014865,-2752.840152896531,-1.0,2141.0,159.43023997256793,-3028232.6732190493,-1.0,2141.0,1.0,2352,,,,,,high_missing,low_cv,-89.54524174241928,3025479.833066153,subnet_168h,"Mang con, 168h",transformer,56.0
,55.70512018837119,-0.08056993200883367,-0.08056993200883367,3153.0,54.57060146776947,-0.01763316807528137,-0.01763316807528137,3153.0,0.0025510204081632404,2352,1728.0,2381.7012,6969.325534006118,2.926196458357326,low,high_missing,high_cv,1.1345187206017187,-0.0629367639335523,subnet_168h,"Mang con, 168h",transformer,57.0
,103.79499954563151,-0.09235974277524404,-0.09235974277524404,3192.0,99.43146349125857,-0.04326442721678727,-0.04326442721678727,3192.0,0.00042517006802722523,2352,1885422080.0,4180896500.0,6476763167.970453,1.5491326200925715,high,low_missing,mid_cv,4.363536054372943,-0.049095315558456774,subnet_168h,"Mang con, 168h",transformer,58.0
,77.74846560662526,0.12164510918904774,0.12164510918904774,3192.0,79.81650673981174,0.057084160927326856,0.057084160927326856,3192.0,0.00042517006802722523,2352,156558112.0,374197250.0,505221682.5145123,1.3501480441526719,high,low_missing,mid_cv,-2.068041133186483,0.06456094826172087,subnet_168h,"Mang con, 168h",transformer,59.0
,52.45209675713436,-0.8325334270826575,-0.7745920323676042,3192.0,68.43564333867334,-1.3899496995485248,-0.9951616120704067,3192.0,0.00042517006802722523,2352,7818.0,51634.043,60406.08902224925,1.1698888088001995,low,low_missing,mid_cv,-15.983546581538981,0.5574162724658672,subnet_168h,"Mang con, 168h",transformer,60.0
,55.094205821389856,0.001981358430115867,0.001981358430115867,3192.0,56.88089991193353,-0.0351664411347074,-0.0351664411347074,3192.0,0.00042517006802722523,2352,54754.0,65890.9,47577.66595472646,0.7220673428797707,low,low_missing,low_cv,-1.7866940905436763,0.03714779956482327,subnet_168h,"Mang con, 168h",transformer,61.0
,114.44067084167968,-0.0232095389213809,-0.0232095389213809,3192.0,112.34236287364472,-0.022415094941262436,-0.022415094941262436,3192.0,0.00042517006802722523,2352,1858280.0,22897052.0,79430094.24749555,3.46900964576119,mid,low_missing,high_cv,2.098307968034959,-0.0007944439801184644,subnet_168h,"Mang con, 168h",transformer,62.0
,54.312707567567934,-0.016847663104553132,-0.016847663104553132,3189.0,53.29537577131211,-0.019711542337043933,-0.019711542337043933,3189.0,0.00042517006802722523,2352,4359130.0,5727436.5,14823409.041932536,2.588140268675617,mid,low_missing,high_cv,1.0173317962558244,0.0028638792324908006,subnet_168h,"Mang con, 168h",transformer,63.0
,67.25230966443361,-0.0041127008140268,-0.0041127008140268,3191.0,68.58223530850667,-0.004367292270980367,-0.004367292270980367,3191.0,0.00042517006802722523,2352,66380.0,306954.06,3653528.9092256497,11.902526649979261,low,low_missing,high_cv,-1.3299256440730574,0.0002545914569535663,subnet_168h,"Mang con, 168h",transformer,64.0
,52.05283870337296,0.5549343008137678,0.5549343008137678,3192.0,55.066011271119635,0.5023855360112954,0.5023855360112954,3192.0,0.00042517006802722523,2352,51417808.0,59609010.0,38505180.78943181,0.6459624489881095,mid,low_missing,low_cv,-3.013172567746672,0.05254876480247239,subnet_168h,"Mang con, 168h",transformer,65.0
,62.14797517030055,-42.76586482477324,-0.3721654444289814,3192.0,96.14625447242446,-0.34466922374109216,-0.34466922374109216,3192.0,0.00042517006802722523,2352,51600.0,53651.633,19107.325284256473,0.3561368831221249,low,low_missing,low_cv,-33.99827930212391,-42.421195601032146,subnet_168h,"Mang con, 168h",transformer,66.0
,57.77777166722323,-30.03971667207344,-0.32641775585691896,3192.0,94.85229002627636,-0.30820276164074106,-0.30820276164074106,3192.0,0.00042517006802722523,2352,72500.0,73016.9,16477.48501458546,0.2256667342380974,low,low_missing,low_cv,-37.07451835905314,-29.7315139104327,subnet_168h,"Mang con, 168h",transformer,67.0
,57.5046723313755,-0.0174958167750351,-0.0174958167750351,3192.0,59.75271506051977,-0.017187111478901666,-0.017187111478901666,3192.0,0.00042517006802722523,2352,300044.0,15232568.0,177800174.3858636,11.672370304591032,low,low_missing,high_cv,-2.2480427291442666,-0.00030870529613343314,subnet_168h,"Mang con, 168h",transformer,68.0
,80.80542424689303,-0.0011637860140263333,-0.0011637860140263333,1547.0,79.23355232584953,-0.0015228855306723664,-0.0015228855306723664,1547.0,0.7011054421768708,2352,2599.0,26502.629,371595.8529870507,14.021094069630914,low,high_missing,high_cv,1.5718719210434955,0.0003590995166460331,subnet_168h,"Mang con, 168h",transformer,69.0
,120.35578223996286,-0.06503763379743287,-0.06503763379743287,3192.0,111.84683769201006,-0.14113136292781922,-0.14113136292781922,3192.0,0.00042517006802722523,2352,10837284.0,1330773400.0,14979323146.003675,11.256103718446855,mid,low_missing,high_cv,8.508944547952808,0.07609372913038635,subnet_168h,"Mang con, 168h",transformer,70.0
,97.66445658860607,-0.008974227232805132,-0.008974227232805132,3192.0,95.73018679229791,-0.008994114561542567,-0.008994114561542567,3192.0,0.00042517006802722523,2352,2538795.0,467021020.0,3148679577.929952,6.742051034366179,mid,low_missing,high_cv,1.9342697963081577,1.9887328737434526e-05,subnet_168h,"Mang con, 168h",transformer,71.0
,51.008005572680844,-0.005793510387401571,-0.005793510387401571,3192.0,42.71007599826196,0.10044356841935799,0.10044356841935799,3192.0,0.00042517006802722523,2352,1348299.0,92947800.0,1864085268.4762785,20.055184398945197,mid,low_missing,high_cv,8.29792957441888,-0.10623707880675956,subnet_168h,"Mang con, 168h",transformer,72.0
,47.902752667196985,-0.022280057908459466,-0.022280057908459466,3104.0,52.96015427968922,-0.0852974042519199,-0.0852974042519199,3104.0,0.005952380952380931,2352,1248.0,1515.1305,5715.5242955596805,3.772298373867384,low,high_missing,high_cv,-5.057401612492235,0.06301734634346043,subnet_168h,"Mang con, 168h",transformer,73.0
,56.619047074173245,-0.021674716804727132,-0.021674716804727132,3157.0,57.49530566348637,-0.0084886894579283,-0.0084886894579283,3157.0,0.02253401360544216,2352,13616.0,15857.917,12520.402727027897,0.7895364021136035,low,high_missing,low_cv,-0.8762585893131245,-0.013186027346798832,subnet_168h,"Mang con, 168h",transformer,74.0
,100.70345445610683,-0.005607604818072767,-0.005607604818072767,3192.0,93.30719278390563,-0.005567812885186233,-0.005567812885186233,3192.0,0.00042517006802722523,2352,1025986.0,253472930.0,2639795064.1660023,10.414504953231148,mid,low_missing,high_cv,7.396261672201192,-3.979193288653447e-05,subnet_168h,"Mang con, 168h",transformer,75.0
,103.89293881874329,-0.023933959106711766,-0.023933959106711766,2028.0,103.48422081808269,-0.02576075373970743,-0.02576075373970743,2028.0,0.3163265306122449,2352,3258.5,10394.338,30557.074083709893,2.939780715736626,low,high_missing,high_cv,0.40871800066059905,0.001826794632995666,subnet_168h,"Mang con, 168h",transformer,76.0
,66.56412393705918,-0.012935827734122668,-0.012935827734122668,3192.0,68.62183688997159,-0.010811945305830066,-0.010811945305830066,3192.0,0.00042517006802722523,2352,113939.0,3957321.8,19198303.126293086,4.851337429485759,low,low_missing,high_cv,-2.0577129529124107,-0.0021238824282926016,subnet_168h,"Mang con, 168h",transformer,77.0
,89.37869285722184,-0.0031616235893916003,-0.0031616235893916003,3192.0,89.60614836408932,-0.003130025466250933,-0.003130025466250933,3192.0,0.00042517006802722523,2352,52901.0,18342240.0,324226599.0773697,17.67649965747748,low,low_missing,high_cv,-0.22745550686748572,-3.159812314066724e-05,subnet_168h,"Mang con, 168h",transformer,78.0
,110.91483538339268,-0.011960833094350233,-0.011960833094350233,3192.0,110.08410331921817,-0.016882723968350166,-0.016882723968350166,3192.0,0.00042517006802722523,2352,3105619.0,82449410.0,248361483.92478475,3.0122894748350983,mid,low_missing,high_cv,0.8307320641745122,0.004921890873999933,subnet_168h,"Mang con, 168h",transformer,79.0
,62.46230397794712,-0.0025666768505086335,-0.0025666768505086335,3192.0,60.76435493968905,-0.008569967908575067,-0.008569967908575067,3192.0,0.00042517006802722523,2352,44214.0,1478356.8,12074809.495883659,8.167723721546682,low,low_missing,high_cv,1.6979490382580735,0.006003291058066434,subnet_168h,"Mang con, 168h",transformer,80.0
,26.38017770527308,0.0724135417745737,0.0724135417745737,3156.0,27.670226586056888,-0.030668635877134965,-0.030668635877134965,3156.0,0.00042517006802722523,2352,113807.0,117144.7,37546.86700173612,0.3205169845509062,low,low_missing,low_cv,-1.2900488807838073,0.10308217765170866,subnet_168h,"Mang con, 168h",transformer,81.0
,21.639732011472265,0.13630839998550306,0.13630839998550306,3192.0,25.907386705886733,-0.1742879107747615,-0.1742879107747615,3192.0,0.00042517006802722523,2352,32922.0,34428.555,43069.64121879934,1.2509860378901316,low,low_missing,mid_cv,-4.2676546944144675,0.31059631076026456,subnet_168h,"Mang con, 168h",transformer,82.0
,36.91184653476919,-0.008024811594039132,-0.008024811594039132,3192.0,42.65069645223664,-0.1364991233325398,-0.1364991233325398,3192.0,0.00042517006802722523,2352,6245.0,6888.687,17820.60633953744,2.5869380201512655,low,low_missing,high_cv,-5.738849917467448,0.12847431173850066,subnet_168h,"Mang con, 168h",transformer,83.0
,87.17791856232589,-38.23825904018361,-0.6954695023278328,3175.0,72.53088921904737,-0.007498136909571333,-0.007498136909571333,3175.0,0.0012755102040816757,2352,2827.0,96097.6,600658.7675378171,6.250507377618165,low,high_missing,high_cv,14.647029343278518,-38.23076090327404,subnet_168h,"Mang con, 168h",transformer,84.0
,38.819152130603754,0.024979314640649165,0.024979314640649165,3192.0,37.91706117877237,0.027229276847526036,0.027229276847526036,3192.0,0.00042517006802722523,2352,289681.0,648884.0,537693.1875736319,0.8286430048724146,low,low_missing,low_cv,0.9020909518313829,-0.002249962206876871,subnet_168h,"Mang con, 168h",transformer,85.0
,39.129519449008704,0.23101223032874188,0.23101223032874188,3192.0,53.46285519670127,0.0219535168013159,0.0219535168013159,3192.0,0.00042517006802722523,2352,20862.0,64332.453,72360.62429089576,1.1247919327791958,low,low_missing,low_cv,-14.333335747692566,0.20905871352742597,subnet_168h,"Mang con, 168h",transformer,86.0
,44.541372137614694,-0.0034765339727206,-0.0034765339727206,3180.0,46.94159739403102,-0.0035900951762448,-0.0035900951762448,3180.0,0.00042517006802722523,2352,479481.0,9327072.0,227211430.838359,24.360424240142994,low,low_missing,high_cv,-2.400225256416327,0.00011356120352419997,subnet_168h,"Mang con, 168h",transformer,87.0
,57.45450078031363,0.11404492745078469,0.11404492745078469,3192.0,71.92907728578611,0.17902740094187272,0.17902740094187272,3192.0,0.00042517006802722523,2352,117721.0,118751.78,31972.416877659653,0.2692373667250541,low,low_missing,low_cv,-14.474576505472477,-0.06498247349108803,subnet_168h,"Mang con, 168h",transformer,88.0
,46.16997915772265,-0.04829446230646176,-0.04829446230646176,3095.0,54.24141296230062,-0.15688063825132453,-0.15688063825132453,3095.0,0.004251700680272141,2352,1647.0,2532.2747,29979.63375806325,11.839013458096396,low,high_missing,high_cv,-8.071433804577971,0.10858617594486278,subnet_168h,"Mang con, 168h",transformer,89.0
,133.42452065356326,-0.08444924950606784,-0.08444924950606784,1505.0,131.41856006716498,-0.08549494173588823,-0.08549494173588823,1505.0,0.6109693877551021,2352,640225.0,9105110.0,25217901.56521834,2.7696427132915846,mid,high_missing,high_cv,2.005960586398288,0.0010456922298203858,subnet_168h,"Mang con, 168h",transformer,90.0
,62.39856406807198,0.3397271562924152,0.3397271562924152,3192.0,60.82144546761117,0.40481445862772764,0.40481445862772764,3192.0,0.00042517006802722523,2352,416681152.0,507488930.0,441142621.2184936,0.8692655088201128,high,low_missing,low_cv,1.5771186004608069,-0.06508730233531246,subnet_168h,"Mang con, 168h",transformer,91.0
,95.61577498357065,-0.0267075732973943,-0.0267075732973943,3192.0,96.75358885570351,-0.033741781062482434,-0.033741781062482434,3192.0,0.00042517006802722523,2352,4516590.0,30120760.0,139483954.3335823,4.630824532102852,mid,low_missing,high_cv,-1.1378138721328668,0.007034207765088136,subnet_168h,"Mang con, 168h",transformer,92.0
,72.87050847912097,-0.0021304833767464997,-0.0021304833767464997,3192.0,79.21103292863775,0.003236360381313433,0.003236360381313433,3192.0,0.00042517006802722523,2352,21271.0,36326.03,45359.75288579324,1.248684519748995,low,low_missing,mid_cv,-6.340524449516778,-0.005366843758059932,subnet_168h,"Mang con, 168h",transformer,93.0
,137.52137849574683,-0.14691340021379548,-0.14691340021379548,3190.0,132.11370482039305,-0.1420673087545716,-0.1420673087545716,3190.0,0.00042517006802722523,2352,75955040.0,639481000.0,1688083711.7228258,2.639771390187218,high,low_missing,high_cv,5.407673675353777,-0.004846091459223878,subnet_168h,"Mang con, 168h",transformer,94.0
,66.20524532720346,-0.0021396530647739332,-0.0021396530647739332,3192.0,59.17249915785487,-0.0011379559663407333,-0.0011379559663407333,3192.0,0.00042517006802722523,2352,484659.0,47655896.0,889425409.3466743,18.66349148795092,low,low_missing,high_cv,7.032746169348584,-0.0010016970984332,subnet_168h,"Mang con, 168h",transformer,95.0
,58.5933102235961,0.0908169989567223,0.0908169989567223,3183.0,68.10656130854527,-0.058246459909252334,-0.058246459909252334,3183.0,0.0008503401360544505,2352,7289.5,10283.807,33705.69131052541,3.27755008319341,low,high_missing,high_cv,-9.513251084949168,0.14906345886597464,subnet_168h,"Mang con, 168h",transformer,96.0
,56.51825391596048,0.06269784067494416,0.06269784067494416,3189.0,63.68181000891005,0.019139286729950935,0.019139286729950935,3189.0,0.00042517006802722523,2352,7221.0,8966.446,10482.136980413225,1.1690402911574458,low,low_missing,mid_cv,-7.16355609294957,0.04355855394499322,subnet_168h,"Mang con, 168h",transformer,97.0
,72.48799247426432,0.042251145318632936,0.042251145318632936,2998.0,82.6127019732034,-0.06533676408623414,-0.06533676408623414,2998.0,0.008503401360544172,2352,6045.0,8588.657,15309.082432736537,1.782476821334713,low,high_missing,mid_cv,-10.124709498939083,0.10758790940486707,subnet_168h,"Mang con, 168h",transformer,98.0
,70.90452316969906,0.05042380078216813,0.05042380078216813,3033.0,80.79883095700887,-0.031928680948488865,-0.031928680948488865,3033.0,0.005102040816326481,2352,6256.5,8037.1934,9131.69211937744,1.1361792246451008,low,high_missing,mid_cv,-9.894307787309813,0.08235248173065698,subnet_168h,"Mang con, 168h",transformer,99.0
,42.148693336625584,0.0610323194431166,0.0610323194431166,3192.0,41.644569179185176,0.09180108725419206,0.09180108725419206,3192.0,0.00042517006802722523,2352,11590636.0,19029000.0,46735951.15980554,2.4560382132432363,mid,low_missing,high_cv,0.5041241574404083,-0.03076876781107546,subnet_168h,"Mang con, 168h",transformer,100.0
,48.17255966152302,0.28624207145393066,0.28624207145393066,3184.0,64.07269083714888,0.3116804550622738,0.3116804550622738,3184.0,0.00042517006802722523,2352,243263.0,277051.12,233731.54400007284,0.8436404797131679,low,low_missing,low_cv,-15.900131175625866,-0.025438383608343162,subnet_168h,"Mang con, 168h",transformer,101.0
,26.828926582369338,0.19230328702545682,0.19230328702545682,3192.0,26.083126111232474,0.2241641847238974,0.2241641847238974,3192.0,0.00042517006802722523,2352,822868288.0,820696060.0,272952883.5599542,0.3325870508378047,high,low_missing,low_cv,0.7458004711368638,-0.03186089769844058,subnet_168h,"Mang con, 168h",transformer,102.0
,31.339557042556777,0.30096955335367664,0.30096955335367664,3192.0,40.02778556124698,-0.22342955541234075,-0.22342955541234075,3192.0,0.00042517006802722523,2352,9842490.0,10408730.0,6979353.993862573,0.6705288727695475,mid,low_missing,low_cv,-8.688228518690202,0.5243991087660174,subnet_168h,"Mang con, 168h",transformer,103.0
,44.20536390745991,-0.003957519506997134,-0.003957519506997134,3192.0,44.48897644871861,-0.0041620180245337994,-0.0041620180245337994,3192.0,0.00042517006802722523,2352,323499.0,670749.75,13019727.902375018,19.410708542753863,low,low_missing,high_cv,-0.28361254125869806,0.00020449851753666544,subnet_168h,"Mang con, 168h",transformer,104.0
,45.66485064582317,0.2568306874791845,0.2568306874791845,3192.0,58.039321888313935,0.1608748291379163,0.1608748291379163,3192.0,0.00042517006802722523,2352,19087.0,26792.238,42823.83030522698,1.5983670291256091,low,low_missing,mid_cv,-12.374471242490763,0.09595585834126824,subnet_168h,"Mang con, 168h",transformer,105.0
,35.99020240486123,-0.04684072210878893,-0.04684072210878893,3192.0,35.06280885607186,0.05782261814477607,0.05782261814477607,3192.0,0.00042517006802722523,2352,69383774208.0,71812915000.0,30745023600.243717,0.42812666098595753,high,low_missing,low_cv,0.9273935487893681,-0.104663340253565,subnet_168h,"Mang con, 168h",transformer,106.0
,74.26197823065728,-0.6406610017996909,-0.6406610017996909,3192.0,73.13847533977494,-0.27852172811311515,-0.27852172811311515,3192.0,0.00042517006802722523,2352,149859472.0,411802100.0,1310871986.8456945,3.183257075781327,high,low_missing,high_cv,1.1235028908823352,-0.3621392736865757,subnet_168h,"Mang con, 168h",transformer,107.0
,98.92899988299628,-0.012266869946129433,-0.012266869946129433,3156.0,115.03533183852977,-0.0179291000074453,-0.0179291000074453,3156.0,0.004251700680272141,2352,2044.5,1490881.4,20217341.77111448,13.560664255474034,low,high_missing,high_cv,-16.10633195553349,0.005662230061315868,subnet_168h,"Mang con, 168h",transformer,108.0
,124.35795353338547,-0.03337792897578,-0.03337792897578,3189.0,123.49597336573049,-0.0332937861186369,-0.0332937861186369,3189.0,0.00042517006802722523,2352,1765674.0,35833436.0,86242603.17629667,2.4067634255419064,mid,low_missing,high_cv,0.861980167654977,-8.414285714310188e-05,subnet_168h,"Mang con, 168h",transformer,109.0
,83.12551186076416,-0.0054252147094484005,-0.0054252147094484005,3192.0,83.01858404948581,-0.004938591821538267,-0.004938591821538267,3192.0,0.00042517006802722523,2352,33128.0,1301413.4,20039691.452410165,15.39840594646583,low,low_missing,high_cv,0.1069278112783536,-0.00048662288791013336,subnet_168h,"Mang con, 168h",transformer,110.0
,117.7774362841957,-0.050594964389503304,-0.050594964389503304,2439.0,116.87209840472194,-0.052460074492154764,-0.052460074492154764,2439.0,0.22704081632653061,2352,594411.5,7580043.5,32094603.873700287,4.23409230747822,low,high_missing,high_cv,0.9053378794737625,0.00186511010265146,subnet_168h,"Mang con, 168h",transformer,111.0
,54.03341468389004,-3602784.0589095633,-1.0,1872.0,177.21717086587657,-53250312.20183021,-1.0,1872.0,1.0,2352,,,,,,high_missing,low_cv,-123.18375618198652,49647528.14292064,subnet_168h,"Mang con, 168h",transformer,112.0
,28.46134300230858,-0.0085177967418723,-0.0085177967418723,3192.0,32.27327647687906,-0.007077258563851067,-0.007077258563851067,3192.0,0.00042517006802722523,2352,59113492.0,88897160.0,180424454.50086322,2.0295862601332058,mid,low_missing,mid_cv,-3.8119334745704805,-0.001440538178021234,subnet_168h,"Mang con, 168h",transformer,113.0
,32.21430174255958,-0.06655790295432214,-0.06655790295432214,3192.0,34.639848889457575,-0.045531987078933966,-0.045531987078933966,3192.0,0.00042517006802722523,2352,127324.0,137825.56,69444.13474743583,0.5038552608659648,low,low_missing,low_cv,-2.4255471468979977,-0.02102591587538817,subnet_168h,"Mang con, 168h",transformer,114.0
,75.05891342946747,-0.0023159358532461667,-0.0023159358532461667,3192.0,103.77227783023989,-0.0017041228218415336,-0.0017041228218415336,3192.0,0.00042517006802722523,2352,3391849.0,4764796.5,27057829.016604256,5.678695620390977,mid,low_missing,high_cv,-28.71336440077242,-0.0006118130314046331,subnet_168h,"Mang con, 168h",transformer,115.0
,79.26770698548762,-0.11805443470636034,-0.11805443470636034,3192.0,79.03408048078965,-0.0901651139555476,-0.0901651139555476,3192.0,0.00042517006802722523,2352,113746992.0,238238660.0,340376720.7814579,1.4287216293793141,high,low_missing,mid_cv,0.2336265046979662,-0.02788932075081274,subnet_168h,"Mang con, 168h",transformer,116.0
,68.01537234756312,-0.016661819552087603,-0.016661819552087603,3192.0,68.89796661117661,-0.015996920942470932,-0.015996920942470932,3192.0,0.00042517006802722523,2352,6305134.0,21740224.0,69874461.57852381,3.2140635523591574,mid,low_missing,high_cv,-0.8825942636134982,-0.0006648986096166702,subnet_168h,"Mang con, 168h",transformer,117.0
,96.41700409750847,-0.05855900328980257,-0.05855900328980257,3192.0,103.08690532449934,-0.04026718323360657,-0.04026718323360657,3192.0,0.00042517006802722523,2352,12542683.0,79877300.0,157077503.17118505,1.9664849843087457,mid,low_missing,mid_cv,-6.6699012269908735,-0.018291820056196,subnet_168h,"Mang con, 168h",transformer,118.0
,64.68399326166399,-0.0133135529078962,-0.0133135529078962,3192.0,62.79222906755265,-0.0136939476852826,-0.0136939476852826,3192.0,0.00042517006802722523,2352,35419.0,431717.16,2243401.3339325152,5.196460926916233,low,low_missing,high_cv,1.8917641941113388,0.0003803947773863992,subnet_168h,"Mang con, 168h",transformer,119.0
,25.88245904924951,0.013919955146848467,0.013919955146848467,3192.0,30.25792668413908,-0.10264319929945727,-0.10264319929945727,3192.0,0.00042517006802722523,2352,45879.0,48031.277,60814.44648715182,1.266142602286325,low,low_missing,mid_cv,-4.375467634889571,0.11656315444630573,subnet_168h,"Mang con, 168h",transformer,120.0
,60.37558929319863,-0.03294172050675643,-0.03294172050675643,3192.0,60.0414894044024,-0.022984737361851332,-0.022984737361851332,3192.0,0.00042517006802722523,2352,80312.0,139669.64,371086.2544049354,2.6568855818944037,low,low_missing,high_cv,0.3340998887962314,-0.009956983144905097,subnet_168h,"Mang con, 168h",transformer,121.0
,32.315735415129105,-0.14138327347381874,-0.14138327347381874,3192.0,32.967415310564576,-0.1084177946794684,-0.1084177946794684,3192.0,0.00042517006802722523,2352,14453.0,24923.943,378480.4059040154,15.185414300087155,low,low_missing,high_cv,-0.6516798954354712,-0.03296547879435034,subnet_168h,"Mang con, 168h",transformer,122.0
,108.43425152005172,-0.05643105709578653,-0.05643105709578653,3192.0,107.89778731763643,-0.07176962483584647,-0.07176962483584647,3192.0,0.00042517006802722523,2352,10144751.0,47115470.0,97214388.19460835,2.063321963422299,mid,low_missing,mid_cv,0.5364642024152886,0.015338567740059934,subnet_168h,"Mang con, 168h",transformer,123.0
,50.672874992280036,0.5387298531945269,0.5387298531945269,3192.0,47.10496185522607,0.5841841888965228,0.5841841888965228,3192.0,0.00042517006802722523,2352,2640483072.0,3742376700.0,3505917057.3758917,0.9368156480956685,high,low_missing,low_cv,3.5679131370539636,-0.04545433570199586,subnet_168h,"Mang con, 168h",transformer,124.0
,79.42443738807651,-0.03180163460471427,-0.03180163460471427,3192.0,84.5790230092594,-0.0302260151732809,-0.0302260151732809,3192.0,0.00042517006802722523,2352,162042.0,6669326.0,196596157.9032942,29.477665044907717,low,low_missing,high_cv,-5.154585621182889,-0.0015756194314333685,subnet_168h,"Mang con, 168h",transformer,125.0
,41.205327421282156,0.35101741323757923,0.35101741323757923,3192.0,35.92941676818054,0.44692688560338995,0.44692688560338995,3192.0,0.00042517006802722523,2352,22916855808.0,25713754000.0,15483055601.384092,0.6021312770568386,high,low_missing,low_cv,5.275910653101619,-0.09590947236581071,subnet_168h,"Mang con, 168h",transformer,126.0
,105.95664934292911,-0.2566523613907868,-0.2566523613907868,2287.0,185.43316049644116,-80.74720957851649,-0.8777280076687767,2287.0,1.0,2352,,,,,,high_missing,low_cv,-79.47651115351205,80.4905572171257,subnet_168h,"Mang con, 168h",transformer,127.0
,77.03566422106991,-0.04804181217961013,-0.04804181217961013,3192.0,78.22098938263422,-0.03207544070509653,-0.03207544070509653,3192.0,0.00042517006802722523,2352,4443407.0,10013662.0,28127271.434951775,2.8088896384710984,mid,low_missing,high_cv,-1.1853251615643075,-0.015966371474513595,subnet_168h,"Mang con, 168h",transformer,128.0
,75.62663540789539,0.31059800428593204,0.31059800428593204,3192.0,79.5540541226135,0.1330967753483735,0.1330967753483735,3192.0,0.00042517006802722523,2352,1649343.0,72092040.0,159907697.5141273,2.2181047659925746,mid,low_missing,mid_cv,-3.927418714718101,0.17750122893755854,subnet_168h,"Mang con, 168h",transformer,129.0
,74.33889280637429,0.28123428940423134,0.28123428940423134,3192.0,73.81448745055717,0.23844517439686572,0.23844517439686572,3192.0,0.00042517006802722523,2352,24104212.0,414751840.0,863452781.285737,2.0818540100647582,mid,low_missing,mid_cv,0.5244053558171231,0.042789115007365625,subnet_168h,"Mang con, 168h",transformer,130.0
,88.73874689851988,0.10859278139765116,0.10859278139765116,3192.0,87.2994548911716,0.1261486377334188,0.1261486377334188,3192.0,0.00042517006802722523,2352,107751960.0,203472960.0,305037541.15928537,1.4991551759962864,high,low_missing,mid_cv,1.4392920073482713,-0.017555856335767644,subnet_168h,"Mang con, 168h",transformer,131.0
,86.32812653111809,0.3294757616607879,0.3294757616607879,3192.0,92.51832890243406,0.011991918337311927,0.011991918337311927,3192.0,0.00042517006802722523,2352,4704792.0,192133330.0,489041781.66842806,2.5453250966871717,mid,low_missing,high_cv,-6.190202371315976,0.31748384332347596,subnet_168h,"Mang con, 168h",transformer,132.0
,113.17988528557441,0.17947842765781905,0.17947842765781905,3183.0,114.5780845685487,0.03305776917493627,0.03305776917493627,3183.0,0.00042517006802722523,2352,824540.0,49878670.0,125884545.99665819,2.5238151087233875,mid,low_missing,high_cv,-1.3981992829742893,0.14642065848288277,subnet_168h,"Mang con, 168h",transformer,133.0
,107.25137051583295,0.058322892747664334,0.058322892747664334,3192.0,109.53057616517243,0.07905365399828528,0.07905365399828528,3192.0,0.00042517006802722523,2352,168570320.0,323057020.0,373209731.5841096,1.1552441329494498,high,low_missing,mid_cv,-2.279205649339488,-0.02073076125062094,subnet_168h,"Mang con, 168h",transformer,134.0
,98.43228484634932,-0.012563448646984332,-0.012563448646984332,3192.0,91.11859999426281,-0.012037909350319233,-0.012037909350319233,3192.0,0.00042517006802722523,2352,187732.0,4933627.0,37970303.52573966,7.696225013714994,low,low_missing,high_cv,7.31368485208651,-0.000525539296665099,subnet_168h,"Mang con, 168h",transformer,135.0
,51.62347988921592,0.28319777767504956,0.28319777767504956,3192.0,48.049464116036255,0.348831172998233,0.348831172998233,3192.0,0.00042517006802722523,2352,4045286656.0,4821980000.0,3669469415.6702213,0.7609880783230393,high,low_missing,low_cv,3.574015773179667,-0.06563339532318346,subnet_168h,"Mang con, 168h",transformer,136.0
,47.59163385911591,-0.7017277987500764,-0.7017277987500764,3192.0,46.47894595734979,-0.20607604141140137,-0.20607604141140137,3192.0,0.00042517006802722523,2352,27711.0,104258.97,163679.90752673458,1.5699359919741636,low,low_missing,mid_cv,1.1126879017661224,-0.49565175733867506,subnet_168h,"Mang con, 168h",transformer,137.0
,107.41864566719077,-0.008936859288957833,-0.008936859288957833,3192.0,106.00793332284843,-0.005910013617137233,-0.005910013617137233,3192.0,0.00042517006802722523,2352,9035803.0,27312000.0,170879922.21798807,6.256587661759962,mid,low_missing,high_cv,1.4107123443423433,-0.0030268456718206002,subnet_168h,"Mang con, 168h",transformer,138.0
,49.03947648772017,-0.04338144606239353,-0.04338144606239353,3192.0,48.7204065628103,-0.014378277824029666,-0.014378277824029666,3192.0,0.00042517006802722523,2352,43361468.0,51725630.0,35925790.209516235,0.694545215213924,mid,low_missing,low_cv,0.3190699249098756,-0.029003168238363866,subnet_168h,"Mang con, 168h",transformer,139.0
,60.60429734090686,-0.013843726214195167,-0.013843726214195167,3115.0,62.160992589546574,-0.013517420121708633,-0.013517420121708633,3115.0,0.007227891156462607,2352,1276.0,4250.4194,35532.76282841583,8.359825043989295,low,high_missing,high_cv,-1.5566952486397128,-0.0003263060924865342,subnet_168h,"Mang con, 168h",transformer,140.0
,62.17418020420314,0.017873586129609067,0.017873586129609067,3192.0,61.487896593072406,0.03267872405658833,0.03267872405658833,3192.0,0.00042517006802722523,2352,332829184.0,1514771200.0,4479374732.184305,2.9571295864248706,high,low_missing,high_cv,0.6862836111307331,-0.014805137926979264,subnet_168h,"Mang con, 168h",transformer,141.0
,71.56198271559364,0.013979805394870233,0.013979805394870233,3192.0,72.7304794629405,0.02333881569680363,0.02333881569680363,3192.0,0.00042517006802722523,2352,526513.0,12397881.0,87733639.26758257,7.076502772335253,low,low_missing,high_cv,-1.1684967473468504,-0.009359010301933398,subnet_168h,"Mang con, 168h",transformer,142.0
,111.89800576582883,-0.0658033174767685,-0.0658033174767685,3192.0,121.09796003126223,-0.05272044644813717,-0.05272044644813717,3192.0,0.00042517006802722523,2352,1099789.0,53068630.0,168667634.2569146,3.1782924846624008,mid,low_missing,high_cv,-9.199954265433405,-0.01308287102863133,subnet_168h,"Mang con, 168h",transformer,143.0
,121.43667631710947,-0.3693125222249786,-0.3693125222249786,3192.0,93.89510402144663,-0.39649749362522374,-0.39649749362522374,3192.0,0.00042517006802722523,2352,147863232.0,158122400.0,111314671.61727107,0.7039778780063487,high,low_missing,low_cv,27.541572295662846,0.027184971400245117,subnet_168h,"Mang con, 168h",transformer,144.0
,69.37590991026354,0.2504710531524903,0.2504710531524903,3192.0,68.85664108879949,0.269442501931276,0.269442501931276,3192.0,0.00042517006802722523,2352,158011200.0,476020450.0,675246682.8819062,1.4185245312863244,high,low_missing,mid_cv,0.5192688214640526,-0.018971448778785704,subnet_168h,"Mang con, 168h",transformer,145.0
,63.83527283677907,0.5071513924886794,0.5071513924886794,3192.0,64.3448375918158,0.44931236282224934,0.44931236282224934,3192.0,0.00042517006802722523,2352,551911936.0,1639106700.0,2212532627.837249,1.3498405223011627,high,low_missing,mid_cv,-0.5095647550367346,0.05783902966643001,subnet_168h,"Mang con, 168h",transformer,146.0
,130.61701130534973,-0.21449369866296208,-0.21449369866296208,3192.0,128.1683416745762,-0.18268805018698686,-0.18268805018698686,3192.0,0.00042517006802722523,2352,267715568.0,809742400.0,1389083216.1802804,1.7154631104660945,high,low_missing,mid_cv,2.448669630773537,-0.03180564847597522,subnet_168h,"Mang con, 168h",transformer,147.0
,58.797782787449876,0.3040423950799087,0.3040423950799087,3190.0,60.11101065333887,0.25896947823735256,0.25896947823735256,3190.0,0.00042517006802722523,2352,381727360.0,742487000.0,905791931.6036303,1.2199431921128139,high,low_missing,mid_cv,-1.3132278658889973,0.045072916842556154,subnet_168h,"Mang con, 168h",transformer,148.0
,87.40282849769979,0.028583589956772303,0.028583589956772303,3191.0,85.79057141637078,-5.350405099746718e-05,-5.350405099746718e-05,3191.0,0.00042517006802722523,2352,29405928.0,407570850.0,1568549799.8230941,3.8485328563614396,mid,low_missing,high_cv,1.6122570813290054,0.02863709400776977,subnet_168h,"Mang con, 168h",transformer,149.0
,84.01464101622874,0.09480592143027357,0.09480592143027357,3192.0,84.64496676721929,0.0861674671797343,0.0861674671797343,3192.0,0.002125850340136015,2352,38975292.0,298437660.0,610601785.8760487,2.0459943885502625,mid,high_missing,mid_cv,-0.6303257509905507,0.008638454250539274,subnet_168h,"Mang con, 168h",transformer,150.0
,79.98461527226215,0.06509411187178117,0.06509411187178117,3192.0,78.55033292267171,0.0778863298260275,0.0778863298260275,3192.0,0.00042517006802722523,2352,23431764.0,105829976.0,206850193.7071995,1.954552023211264,mid,low_missing,mid_cv,1.4342823495904327,-0.01279221795424633,subnet_168h,"Mang con, 168h",transformer,151.0
,69.7364234023069,0.3648231909631858,0.3648231909631858,3192.0,71.17943179809815,0.34935738778066766,0.34935738778066766,3192.0,0.00042517006802722523,2352,68930872.0,205869660.0,332629601.82524425,1.6157290751941202,mid,low_missing,mid_cv,-1.443008395791253,0.015465803182518112,subnet_168h,"Mang con, 168h",transformer,152.0
,67.02508816674037,0.26764196742331187,0.26764196742331187,3192.0,68.99543875897255,0.23277860837901895,0.23277860837901895,3192.0,0.00042517006802722523,2352,506844896.0,678373500.0,646658846.8250833,0.9532489742186088,high,low_missing,low_cv,-1.9703505922321796,0.03486335904429291,subnet_168h,"Mang con, 168h",transformer,153.0
,94.66871570212025,0.15314142001583947,0.15314142001583947,3192.0,95.3361889723699,0.15341898312108745,0.15341898312108745,3192.0,0.02423469387755106,2352,10545274.0,66169720.0,148777245.69230548,2.248418849170066,mid,high_missing,high_cv,-0.6674732702496442,-0.00027756310524798544,subnet_168h,"Mang con, 168h",transformer,154.0
,72.43488563886417,-0.004791213002772166,-0.004791213002772166,3192.0,76.6401877268468,0.0010713373513287997,0.0010713373513287997,3192.0,0.00170068027210879,2352,23542442.0,229711790.0,784781592.4654412,3.41637486535929,mid,high_missing,high_cv,-4.205302087982631,-0.005862550354100966,subnet_168h,"Mang con, 168h",transformer,155.0
,92.44043685310344,-0.02296689862819393,-0.02296689862819393,3190.0,99.23697262814386,-0.046977397996047436,-0.046977397996047436,3190.0,0.00042517006802722523,2352,40651956.0,84301864.0,115596274.54766625,1.3712184886880585,mid,low_missing,mid_cv,-6.796535775040425,0.024010499367853506,subnet_168h,"Mang con, 168h",transformer,156.0
,85.20670477715237,-0.023333293889793435,-0.023333293889793435,3192.0,77.2004187879801,-0.023346912346026833,-0.023346912346026833,3192.0,0.00042517006802722523,2352,53959.0,322585500.0,2407516711.3014174,7.463189391490503,low,low_missing,high_cv,8.00628598917227,1.3618456233398246e-05,subnet_168h,"Mang con, 168h",transformer,157.0
,46.08683301841924,0.2221885014626412,0.2221885014626412,3192.0,44.12726238142377,0.2924538156603967,0.2924538156603967,3192.0,0.00042517006802722523,2352,3376357632.0,4269766100.0,3421196922.259023,0.8012609606422096,high,low_missing,low_cv,1.9595706369954726,-0.07026531419775547,subnet_168h,"Mang con, 168h",transformer,158.0
,87.5592796197244,-0.012917043184243401,-0.012917043184243401,3192.0,88.20786701328575,-0.0060865820237306,-0.0060865820237306,3192.0,0.00042517006802722523,2352,15867717.0,64625132.0,139035857.03271106,2.151420859499537,mid,low_missing,mid_cv,-0.6485873935613427,-0.006830461160512801,subnet_168h,"Mang con, 168h",transformer,159.0
,89.32322683400923,0.019916818437383233,0.019916818437383233,3192.0,85.8803584242144,0.05234701755295887,0.05234701755295887,3192.0,0.00042517006802722523,2352,127225352.0,199408540.0,289697471.8962578,1.4527836475063867,high,low_missing,mid_cv,3.4428684097948263,-0.03243019911557564,subnet_168h,"Mang con, 168h",transformer,160.0
,49.12775607804688,0.26396374594974265,0.26396374594974265,3192.0,48.92617734001129,0.3021856365772721,0.3021856365772721,3192.0,0.00042517006802722523,2352,316718336.0,561479400.0,851361131.6829172,1.5162819780959902,high,low_missing,mid_cv,0.201578738035586,-0.03822189062752945,subnet_168h,"Mang con, 168h",transformer,161.0
,72.61466083006424,0.11427160578323593,0.11427160578323593,3192.0,68.24444074524648,0.2289910347308686,0.2289910347308686,3192.0,0.00042517006802722523,2352,886321664.0,1335048000.0,1369526413.1458707,1.025825647316585,high,low_missing,low_cv,4.37022008481776,-0.11471942894763267,subnet_168h,"Mang con, 168h",transformer,162.0
,54.74985269706343,0.4825261188019235,0.4825261188019235,3192.0,83.9799597937036,0.1870108991416383,0.1870108991416383,3192.0,0.00042517006802722523,2352,5150931456.0,6075930600.0,4193085412.8149095,0.6901141030564389,high,low_missing,low_cv,-29.230107096640168,0.29551521966028516,subnet_168h,"Mang con, 168h",transformer,163.0
,51.29996892570969,0.3953118599312182,0.3953118599312182,3192.0,52.92257145694209,0.2735072388354601,0.2735072388354601,3192.0,0.00042517006802722523,2352,4970984960.0,5751181300.0,4038235771.2181945,0.7021576180866187,high,low_missing,low_cv,-1.6226025312323955,0.12180462109575813,subnet_168h,"Mang con, 168h",transformer,164.0
,93.41788271884843,0.026932107118244068,0.026932107118244068,3192.0,91.21783655290669,0.051590384532204936,0.051590384532204936,3192.0,0.00042517006802722523,2352,10498.0,11767150.0,63130686.90790664,5.364993809708097,low,low_missing,high_cv,2.2000461659417425,-0.02465827741396087,subnet_168h,"Mang con, 168h",transformer,165.0
,35.26194308648005,-0.1952594078668921,-0.1952594078668921,3192.0,34.533885854969434,-0.1442045721525255,-0.1442045721525255,3192.0,0.0008503401360544505,2352,10640.0,11266.151,6657.627926763755,0.5909407489547849,low,high_missing,low_cv,0.7280572315106184,-0.051054835714366614,subnet_168h,"Mang con, 168h",transformer,166.0
,44.25981684526067,-0.3592258400588502,-0.3592258400588502,3192.0,38.10816304408457,0.11326999549831329,0.11326999549831329,3192.0,0.00042517006802722523,2352,90545.0,132067.67,92612.75280219529,0.7012522556606572,low,low_missing,low_cv,6.151653801176103,-0.4724958355571635,subnet_168h,"Mang con, 168h",transformer,167.0
,51.6199441421935,-0.03884332084954433,-0.03884332084954433,3192.0,53.17366391048913,-0.019884514580242135,-0.019884514580242135,3192.0,0.00042517006802722523,2352,463540448.0,569505000.0,511123147.19094676,0.8974866342723374,high,low_missing,low_cv,-1.553719768295629,-0.018958806269302197,subnet_168h,"Mang con, 168h",transformer,168.0
,87.70727451086752,-0.005026434447875533,-0.005026434447875533,3192.0,99.33309953795742,-0.0048060357230752665,-0.0048060357230752665,3192.0,0.00042517006802722523,2352,4533.0,146786.67,2560030.4077611547,17.440482675029344,low,low_missing,high_cv,-11.625825027089903,-0.0002203987248002668,subnet_168h,"Mang con, 168h",transformer,169.0
,56.99777007663252,0.032759161615118465,0.032759161615118465,3192.0,55.46203825253584,0.0799143923348792,0.0799143923348792,3192.0,0.00042517006802722523,2352,376459776.0,450263070.0,428454863.2712963,0.9515656288848319,high,low_missing,low_cv,1.535731824096679,-0.04715523071976073,subnet_168h,"Mang con, 168h",transformer,170.0
,53.22041081767708,-0.06331191439270593,-0.06331191439270593,3192.0,52.27659785956809,0.04838200061401424,0.04838200061401424,3192.0,0.00042517006802722523,2352,358588768.0,455877380.0,395730206.1275638,0.8680628321585403,high,low_missing,low_cv,0.9438129581089854,-0.11169391500672017,subnet_168h,"Mang con, 168h",transformer,171.0
,39.17553712499505,0.15933134465862456,0.15933134465862456,3192.0,38.820709960852724,0.2154846944123087,0.2154846944123087,3192.0,0.00042517006802722523,2352,1189428736.0,1451833600.0,1056616974.1682338,0.7277810447204375,high,low_missing,low_cv,0.3548271641423284,-0.056153349753684134,subnet_168h,"Mang con, 168h",transformer,172.0
,50.08479496566137,0.033893524653011466,0.033893524653011466,3192.0,49.767262991838464,0.07612454425168413,0.07612454425168413,3192.0,0.00042517006802722523,2352,371302784.0,444789920.0,345640161.62616026,0.7770863189214365,high,low_missing,low_cv,0.3175319738229021,-0.04223101959867267,subnet_168h,"Mang con, 168h",transformer,173.0
,58.63931493721509,-0.030099175449643665,-0.030099175449643665,3190.0,57.297502461675606,-0.028415458768304102,-0.028415458768304102,3190.0,0.00042517006802722523,2352,280350048.0,369067900.0,318217267.680404,0.8622187522445842,high,low_missing,low_cv,1.3418124755394842,-0.001683716681339563,subnet_168h,"Mang con, 168h",transformer,174.0
,61.321000916310105,-0.8373485792317511,-0.7987835653187979,3190.0,117.3399576251273,-1005.1748878594425,-1.0,3190.0,0.00042517006802722523,2352,249265376.0,340823940.0,391818175.9982477,1.1496204773547585,high,low_missing,mid_cv,-56.01895670881719,1004.3375392802108,subnet_168h,"Mang con, 168h",transformer,175.0
,56.57925294368863,0.10962979767762367,0.10962979767762367,3186.0,52.76732589389193,0.17349461350174675,0.17349461350174675,3186.0,0.00042517006802722523,2352,1634314496.0,1960302100.0,1432658448.263478,0.7308355497248047,high,low_missing,low_cv,3.811927049796701,-0.06386481582412308,subnet_168h,"Mang con, 168h",transformer,176.0
,68.38737982993443,-0.013604666430214166,-0.013604666430214166,2989.0,68.22255074675091,-0.012459027528584134,-0.012459027528584134,2989.0,0.00042517006802722523,2352,38667008.0,80808660.0,174943640.18918312,2.1649121374965463,mid,low_missing,mid_cv,0.16482908318351974,-0.001145638901630032,subnet_168h,"Mang con, 168h",transformer,177.0
,33.05316604665743,0.17244260618804505,0.17244260618804505,3192.0,32.50487221621858,0.2218643638745761,0.2218643638745761,3192.0,0.00042517006802722523,2352,2021419264.0,2201166300.0,1079615873.7630427,0.4904744617005821,high,low_missing,low_cv,0.5482938304388512,-0.04942175768653104,subnet_168h,"Mang con, 168h",transformer,178.0
,40.30074605361694,0.18282012876177575,0.18282012876177575,3192.0,39.891083802352945,0.21663557319569504,0.21663557319569504,3192.0,0.00042517006802722523,2352,1368513408.0,1883276400.0,1603581951.8004,0.8514851766722278,high,low_missing,low_cv,0.40966225126399536,-0.03381544443391929,subnet_168h,"Mang con, 168h",transformer,179.0
,68.58611167270125,-0.09085530173096719,-0.09085530173096719,3192.0,67.16148313928221,-0.04243397547465141,-0.04243397547465141,3192.0,0.00042517006802722523,2352,248503792.0,319497600.0,270429931.9447129,0.8464224205274559,high,low_missing,low_cv,1.424628533419039,-0.04842132625631578,subnet_168h,"Mang con, 168h",transformer,180.0
,48.93340599313615,0.5091896740010803,0.5091896740010803,3192.0,49.25689590394851,0.5248935779395566,0.5248935779395566,3192.0,0.00042517006802722523,2352,471735104.0,1461722200.0,1912123291.4882886,1.3081303952030507,high,low_missing,mid_cv,-0.3234899108123628,-0.015703903938476316,subnet_168h,"Mang con, 168h",transformer,181.0
,77.68837158823267,0.21367793068493066,0.21367793068493066,3192.0,77.00791073869546,0.23106560821414246,0.23106560821414246,3192.0,0.00042517006802722523,2352,48618076.0,114378700.0,167209416.88900074,1.4618929139903591,mid,low_missing,mid_cv,0.6804608495372122,-0.017387677529211804,subnet_168h,"Mang con, 168h",transformer,182.0
,169.63114956210765,-0.1824832167337783,-0.1824832167337783,3104.0,173.3023619782771,-0.18133481156131645,-0.18133481156131645,3104.0,0.01913265306122447,2352,42926.0,90846070.0,193782279.11880755,2.1330837410208288,low,high_missing,mid_cv,-3.6712124161694533,-0.0011484051724618416,subnet_168h,"Mang con, 168h",transformer,183.0
,48.269100100059966,0.27387497067542155,0.27387497067542155,3192.0,47.24566882147757,0.3054310999119736,0.3054310999119736,3192.0,0.00042517006802722523,2352,367670592.0,653070000.0,650418537.6097263,0.9959399783709045,high,low_missing,low_cv,1.0234312785823931,-0.031556129236552044,subnet_168h,"Mang con, 168h",transformer,184.0
,44.31943498402674,-0.10000776200797275,-0.10000776200797275,3190.0,50.43633812922033,-0.24157971760835184,-0.24157971760835184,3190.0,0.00042517006802722523,2352,3034.0,3827.462,29481.883338195235,7.702724155105418,low,low_missing,high_cv,-6.116903145193589,0.1415719556003791,subnet_168h,"Mang con, 168h",transformer,185.0
,38.29566669313843,-0.038722390491045665,-0.038722390491045665,3191.0,43.41416047137846,-0.20189200717060993,-0.20189200717060993,3191.0,0.00042517006802722523,2352,4698.0,5626.456,5087.622402989582,0.9042321407186668,low,low_missing,low_cv,-5.11849377824003,0.16316961667956426,subnet_168h,"Mang con, 168h",transformer,186.0
,43.199751137246444,-0.06202632720710083,-0.06202632720710083,3186.0,48.48760487192453,-0.16020206077970703,-0.16020206077970703,3186.0,0.0008503401360544505,2352,2543.0,2835.5408,4374.771283960333,1.5428349075263648,low,high_missing,mid_cv,-5.287853734678087,0.0981757335726062,subnet_168h,"Mang con, 168h",transformer,187.0
,83.10399429646188,0.01360319895821723,0.01360319895821723,3175.0,80.13335486170543,-0.7982713142656087,-0.12328670243345162,3175.0,0.003826530612244916,2352,1142240.0,81577750.0,194968495.25003752,2.3899714134073897,mid,high_missing,high_cv,2.9706394347564498,0.811874513223826,subnet_168h,"Mang con, 168h",transformer,188.0
,86.00047300791714,0.17587483405884718,0.17587483405884718,3187.0,86.73186360079058,0.25001468961026146,0.25001468961026146,3187.0,0.00042517006802722523,2352,75630208.0,238990860.0,445352064.58798003,1.8634689926388988,high,low_missing,mid_cv,-0.7313905928734385,-0.07413985555141428,subnet_168h,"Mang con, 168h",transformer,189.0
,91.39756026774221,0.11341863593187367,0.11341863593187367,3192.0,94.33255421649432,0.007904313295204931,0.007904313295204931,3192.0,0.00042517006802722523,2352,393238848.0,1940406800.0,2883634156.5394855,1.4860977503877277,high,low_missing,mid_cv,-2.9349939487521084,0.10551432263666874,subnet_168h,"Mang con, 168h",transformer,190.0
,80.50631041971901,0.3157569697460488,0.3157569697460488,3192.0,81.55028523112712,0.2555642097700727,0.2555642097700727,3192.0,0.00042517006802722523,2352,172481424.0,359785600.0,435957771.0423226,1.211715452320278,high,low_missing,mid_cv,-1.0439748114081056,0.06019275997597606,subnet_168h,"Mang con, 168h",transformer,191.0
,95.39527772191354,0.12073500704704825,0.12073500704704825,3192.0,100.72056997678267,-0.05065022564415988,-0.05065022564415988,3192.0,0.00042517006802722523,2352,143150864.0,374274720.0,513325057.9474198,1.3715194495300667,high,low_missing,mid_cv,-5.325292254869126,0.17138523269120812,subnet_168h,"Mang con, 168h",transformer,192.0
,71.84744291362422,0.2935336762483141,0.2935336762483141,3192.0,71.49937088388955,0.29385074946544965,0.29385074946544965,3192.0,0.00042517006802722523,2352,35567156.0,216054030.0,436252076.0822755,2.0191804431693066,mid,low_missing,mid_cv,0.34807202973466644,-0.0003170732171355328,subnet_168h,"Mang con, 168h",transformer,193.0
,78.22069265818938,0.2646776035947766,0.2646776035947766,3192.0,79.14802018373916,0.2544043694770652,0.2544043694770652,3192.0,0.00042517006802722523,2352,15886766.0,106794500.0,207645855.97883165,1.944349791011998,mid,low_missing,mid_cv,-0.927327525549785,0.010273234117711416,subnet_168h,"Mang con, 168h",transformer,194.0
,82.48804070926651,0.20447643593967502,0.20447643593967502,3192.0,81.53718468325296,0.19234004098698898,0.19234004098698898,3192.0,0.0008503401360544505,2352,16021830.5,150817710.0,438806268.5740798,2.9095141595443366,mid,high_missing,high_cv,0.9508560260135539,0.012136394952686036,subnet_168h,"Mang con, 168h",transformer,195.0
,91.75054279504666,0.35177343731831345,0.35177343731831345,3192.0,94.26492017434556,0.16643388625773525,0.16643388625773525,3192.0,0.00042517006802722523,2352,16635705.0,227261920.0,431438098.4290651,1.8984179066561837,mid,low_missing,mid_cv,-2.5143773792989066,0.1853395510605782,subnet_168h,"Mang con, 168h",transformer,196.0
,102.08351263680981,0.15032528171465395,0.15032528171465395,3192.0,103.45585365620298,0.007873648900256732,0.007873648900256732,3192.0,0.00042517006802722523,2352,57100252.0,208478750.0,330126246.25345963,1.5835006833380296,mid,low_missing,mid_cv,-1.3723410193931613,0.1424516328143972,subnet_168h,"Mang con, 168h",transformer,197.0
,30.949229741242885,0.11092193902587183,0.11092193902587183,3188.0,32.50936039872105,0.052005178582665436,0.052005178582665436,3188.0,0.00042517006802722523,2352,25216.0,46335.63,72325.61873149178,1.5609072421964278,low,low_missing,mid_cv,-1.5601306574781653,0.058916760443206394,subnet_168h,"Mang con, 168h",transformer,198.0
,52.54198917488241,-0.0632316589176198,-0.0632316589176198,3093.0,56.110217816960215,-0.04918856577834,-0.04918856577834,3093.0,0.005102040816326481,2352,1253.0,2379.667,47663.407407899096,20.02944427282436,low,high_missing,high_cv,-3.5682286420778055,-0.014043093139279796,subnet_168h,"Mang con, 168h",transformer,199.0
,34.47841307970115,0.26796479612497687,0.26796479612497687,3192.0,31.459099598988008,0.34795488423804866,0.34795488423804866,3192.0,0.00042517006802722523,2352,52894072832.0,55006278000.0,26468816352.37101,0.48119628325790814,high,low_missing,low_cv,3.0193134807131408,-0.07999008811307179,subnet_168h,"Mang con, 168h",transformer,200.0
,47.80497224931796,-0.005851758077656467,-0.005851758077656467,3192.0,50.985540502170174,-0.0096318968023056,-0.0096318968023056,3192.0,0.00042517006802722523,2352,880647.0,1984588.0,11377063.78522412,5.732708141550851,mid,low_missing,high_cv,-3.1805682528522112,0.003780138724649133,subnet_168h,"Mang con, 168h",transformer,201.0
,40.45340154306371,-0.018638924311397565,-0.018638924311397565,3192.0,44.45180739810297,-0.2350278286542918,-0.2350278286542918,3192.0,0.00042517006802722523,2352,58441568256.0,67350127000.0,45778479814.298294,0.6797088904022337,high,low_missing,low_cv,-3.998405855039259,0.21638890434289423,subnet_168h,"Mang con, 168h",transformer,202.0
,72.88719675141739,0.07458222791077877,0.07458222791077877,3192.0,74.98661717898614,0.09036886001718603,0.09036886001718603,3192.0,0.00042517006802722523,2352,51497496.0,322785800.0,913343957.1783199,2.829566789539237,mid,low_missing,high_cv,-2.099420427568745,-0.015786632106407253,subnet_168h,"Mang con, 168h",transformer,203.0
,70.71559286398299,-0.021985930851951635,-0.021985930851951635,3192.0,72.33932673609927,-0.052764768282978707,-0.052764768282978707,3192.0,0.00042517006802722523,2352,66593252.0,139318000.0,196413512.0186337,1.409821502021517,mid,low_missing,mid_cv,-1.6237338721162757,0.03077883743102707,subnet_168h,"Mang con, 168h",transformer,204.0
,49.47280057155325,0.12397073731555001,0.12397073731555001,3192.0,51.786247164988254,0.0978861573613453,0.0978861573613453,3192.0,0.00042517006802722523,2352,43697700.0,99350760.0,257491288.5345905,2.5917394948422188,mid,low_missing,high_cv,-2.3134465934350033,0.026084579954204712,subnet_168h,"Mang con, 168h",transformer,205.0
,51.55193303486342,0.010960387074814067,0.010960387074814067,3192.0,50.640381460792035,0.0143693771663805,0.0143693771663805,3192.0,0.00042517006802722523,2352,293228416.0,552457900.0,1020401178.157411,1.8470206349062948,high,low_missing,mid_cv,0.9115515740713818,-0.003408990091566434,subnet_168h,"Mang con, 168h",transformer,206.0
,77.53134855260413,0.009676654046097933,0.009676654046097933,3192.0,79.37511951513784,0.023748065186671035,0.023748065186671035,3192.0,0.00042517006802722523,2352,8102940.0,29021386.0,73619729.92141214,2.536740661573232,mid,low_missing,high_cv,-1.8437709625337106,-0.014071411140573102,subnet_168h,"Mang con, 168h",transformer,207.0
,69.42946442891788,0.0099400470333084,0.0099400470333084,3192.0,73.87959745155712,0.0200819538285183,0.0200819538285183,3192.0,0.00042517006802722523,2352,49010056.0,302824770.0,1403297506.752627,4.634024871943852,mid,low_missing,high_cv,-4.4501330226392355,-0.010141906795209899,subnet_168h,"Mang con, 168h",transformer,208.0
,114.18916295867365,-0.06240598767300226,-0.06240598767300226,3188.0,107.07042973548312,-0.06376885473505771,-0.06376885473505771,3188.0,0.00042517006802722523,2352,335695.0,12914504.0,68648371.44407356,5.315602631279805,low,low_missing,high_cv,7.118733223190532,0.0013628670620554478,subnet_168h,"Mang con, 168h",transformer,209.0
,152.83447453501208,-0.06811876898150866,-0.06811876898150866,3192.0,150.3452484239356,-0.07971638435945677,-0.07971638435945677,3192.0,0.00042517006802722523,2352,6548055.0,51729348.0,124934388.8136068,2.415154910005956,mid,low_missing,high_cv,2.4892261110764764,0.011597615377948109,subnet_168h,"Mang con, 168h",transformer,210.0
,40.130420879948794,0.48289300815841657,0.48289300815841657,3192.0,38.134288923285425,0.46064395646579087,0.46064395646579087,3192.0,0.00042517006802722523,2352,14231563264.0,18239551000.0,12858973042.976162,0.7050048928799714,high,low_missing,low_cv,1.996131956663369,0.0222490516926257,subnet_168h,"Mang con, 168h",transformer,211.0
,40.57721586774516,-0.03804534649475367,-0.03804534649475367,3192.0,49.77505637968682,-0.5507485519009407,-0.5507485519009407,3192.0,0.00042517006802722523,2352,5539.0,6116.659,2666.4379007091206,0.43593043561491174,low,low_missing,low_cv,-9.197840511941664,0.5127032054061871,subnet_168h,"Mang con, 168h",transformer,212.0
,61.65580337630566,-0.010093803065368267,-0.010093803065368267,3192.0,68.03622922247962,-0.018332967685141234,-0.018332967685141234,3192.0,0.00042517006802722523,2352,75575.0,80038.82,41720.38322503455,0.5212518508161833,low,low_missing,low_cv,-6.3804258461739565,0.008239164619772968,subnet_168h,"Mang con, 168h",transformer,213.0
,44.82326148218047,0.09665929196337586,0.09665929196337586,3192.0,45.0055922947094,0.14131495379740575,0.14131495379740575,3192.0,0.00042517006802722523,2352,14390.0,22424.678,24795.34397311249,1.1057168476095187,low,low_missing,low_cv,-0.18233081252893157,-0.044655661834029886,subnet_168h,"Mang con, 168h",transformer,214.0
,57.70313589468092,-0.012708951941733033,-0.012708951941733033,1636.0,57.328782672585135,-0.010796870276501433,-0.010796870276501433,1636.0,0.502125850340136,2352,1221.0,1526.3458,1472.525285121643,0.9647389607353349,low,high_missing,low_cv,0.3743532220957846,-0.0019120816652316002,subnet_168h,"Mang con, 168h",transformer,216.0
,44.908275563723016,-0.0835940990671486,-0.0835940990671486,3126.0,54.79048566627724,-0.4462223307029182,-0.4462223307029182,3126.0,0.2551020408163265,2352,1909.0,2254.1296,1587.8269069575233,0.7044079806754439,low,high_missing,low_cv,-9.882210102554225,0.3626282316357696,subnet_168h,"Mang con, 168h",transformer,217.0
,34.633193130902896,0.06233867660247616,0.06233867660247616,3192.0,43.188299683059675,-0.3881064323393318,-0.3881064323393318,3192.0,0.00042517006802722523,2352,5711.0,5899.2783,1885.398339092119,0.31959813331747405,low,low_missing,low_cv,-8.55510655215678,0.45044510894180795,subnet_168h,"Mang con, 168h",transformer,218.0
,47.11319332432191,-0.044940890664656834,-0.044940890664656834,3168.0,49.24983595029903,-0.0697065738205952,-0.0697065738205952,3168.0,0.06845238095238093,2352,2200.0,2410.6033,1405.2385101727764,0.5829405969848676,low,high_missing,low_cv,-2.1366426259771174,0.024765683155938363,subnet_168h,"Mang con, 168h",transformer,219.0
,46.01843709745151,-0.23703106899286075,-0.23703106899286075,1590.0,49.09330373592928,-0.308296292264368,-0.308296292264368,1590.0,0.8869047619047619,2352,1027.0,1344.579,1045.4638671505477,0.7775399460323202,low,high_missing,low_cv,-3.074866638477772,0.07126522327150725,subnet_168h,"Mang con, 168h",transformer,220.0
,57.853347542729175,-0.12045083543292949,-0.12045083543292949,2279.0,58.29656263205978,-0.1426072897556376,-0.1426072897556376,2279.0,0.3924319727891157,2352,1444.0,1855.5066,1415.2591717562154,0.762734650479294,low,high_missing,low_cv,-0.44321508933060727,0.022156454322708116,subnet_168h,"Mang con, 168h",transformer,221.0
,66.15443640080694,0.03450028168872063,0.03450028168872063,3192.0,82.93101218901622,0.04341172154064474,0.04341172154064474,3192.0,0.00042517006802722523,2352,228866.0,4735561.0,17980932.60300597,3.7970015808065765,low,low_missing,high_cv,-16.77657578820927,-0.008911439851924108,subnet_168h,"Mang con, 168h",transformer,222.0
,47.91197311494367,-0.051330823657352594,-0.051330823657352594,3147.0,50.08192426642288,-0.059251335239691366,-0.059251335239691366,3147.0,0.9085884353741497,2352,1930.0,2092.242,1147.8326904019596,0.548613746151633,low,high_missing,low_cv,-2.1699511514792107,0.007920511582338773,subnet_168h,"Mang con, 168h",transformer,223.0
,41.591067739902236,-0.09592790995766426,-0.09592790995766426,3192.0,47.877260490404275,-0.37860281190090067,-0.37860281190090067,3192.0,0.00042517006802722523,2352,4632.0,4868.19,1673.9089295483357,0.3438462651818392,low,low_missing,low_cv,-6.286192750502039,0.2826749019432364,subnet_168h,"Mang con, 168h",transformer,224.0
,47.02863829596049,-0.2523808553478784,-0.2523808553478784,3069.0,56.06985083429593,-0.5354391622034046,-0.5354391622034046,3069.0,0.4000850340136054,2352,1596.0,1885.4862,1289.0920892338088,0.6836921347365292,low,high_missing,low_cv,-9.041212538335436,0.2830583068555262,subnet_168h,"Mang con, 168h",transformer,225.0
,40.68961392149439,-0.10067722434383479,-0.10067722434383479,3192.0,46.633707478680144,-0.3038047395635142,-0.3038047395635142,3192.0,0.00042517006802722523,2352,4828.0,5093.074,2854.4711311005835,0.5604613262048949,low,low_missing,low_cv,-5.944093557185752,0.20312751521967942,subnet_168h,"Mang con, 168h",transformer,226.0
,44.68434124870773,0.05088575417066926,0.05088575417066926,3181.0,48.795416407897676,-0.027320279395724137,-0.027320279395724137,3181.0,0.0008503401360544505,2352,2876.0,3055.6277,1383.9814901552825,0.4529287048620215,low,high_missing,low_cv,-4.111075159189944,0.0782060335663934,subnet_168h,"Mang con, 168h",transformer,227.0
,60.64186818956038,-0.1236383265575912,-0.1236383265575912,3184.0,62.15879517095798,-0.11082479203039364,-0.11082479203039364,3184.0,0.0025510204081632404,2352,3942.0,5686.1895,4692.699574966566,0.8252802010294548,low,high_missing,low_cv,-1.516926981397603,-0.012813534527197565,subnet_168h,"Mang con, 168h",transformer,228.0
,47.89023321824961,-0.006748264676771867,-0.006748264676771867,3102.0,50.46120570268591,-0.07989530333093332,-0.07989530333093332,3102.0,0.09311224489795922,2352,1968.0,2174.0474,1245.756203622426,0.5730124488834636,low,high_missing,low_cv,-2.5709724844362967,0.07314703865416146,subnet_168h,"Mang con, 168h",transformer,229.0
,35.85006470755651,-0.039917979897178206,-0.039917979897178206,3192.0,45.215946051390155,-0.5925943199631667,-0.5925943199631667,3192.0,0.00042517006802722523,2352,5653.0,5866.1514,1975.2719847293147,0.33672366447583674,low,low_missing,low_cv,-9.365881343833642,0.5526763400659885,subnet_168h,"Mang con, 168h",transformer,230.0
,40.02617565496168,-0.048871111221716564,-0.048871111221716564,3192.0,46.68917492711489,-0.33209747838003584,-0.33209747838003584,3192.0,0.00042517006802722523,2352,4736.0,5019.2056,1833.0215647731848,0.3652015324978267,low,low_missing,low_cv,-6.662999272153208,0.2832263671583193,subnet_168h,"Mang con, 168h",transformer,231.0
,46.5783730738529,0.03497405320707173,0.03497405320707173,3175.0,48.80235905010526,-0.0396641117730946,-0.0396641117730946,3175.0,0.8932823129251701,2352,2440.0,2577.263,1107.929522389251,0.42988610336527977,low,high_missing,low_cv,-2.223985976252358,0.07463816498016633,subnet_168h,"Mang con, 168h",transformer,232.0
,35.615593848636806,-0.055136829374527234,-0.055136829374527234,3192.0,41.18865057392994,-0.22370543819882371,-0.22370543819882371,3192.0,0.00042517006802722523,2352,5507.0,5633.9077,1817.6093184333088,0.32261964704257107,low,mid_missing,low_cv,-5.573056725293135,0.16856860882429647,subnet_168h,"Mang con, 168h",transformer,233.0
,52.924820431176215,0.311493409034944,0.311493409034944,3192.0,53.32078772785804,0.2879039057498381,0.2879039057498381,3192.0,0.00042517006802722523,2352,1068246848.0,1495950600.0,1325746849.1238112,0.8862236869409997,high,mid_missing,low_cv,-0.3959672966818246,0.023589503285105895,subnet_168h,"Mang con, 168h",transformer,234.0
,43.4573249942137,0.3377870521902951,0.3377870521902951,3192.0,37.54357004215225,0.42336634463946626,0.42336634463946626,3192.0,0.00042517006802722523,2352,18945470464.0,21361437000.0,13043456481.996344,0.6106076422796674,high,mid_missing,low_cv,5.913754952061453,-0.08557929244917117,subnet_168h,"Mang con, 168h",transformer,236.0
,79.88358471130012,0.28617191225244276,0.28617191225244276,3192.0,81.0080943746196,0.20095086302677478,0.20095086302677478,3192.0,0.00042517006802722523,2352,54922464.0,248657580.0,392201262.95420223,1.5772744858415508,mid,mid_missing,mid_cv,-1.1245096633194862,0.08522104922566798,subnet_168h,"Mang con, 168h",transformer,237.0
,41.52413966754127,0.35641684920424543,0.35641684920424543,3192.0,36.72979229696375,0.437672467276818,0.437672467276818,3192.0,0.00042517006802722523,2352,5400788480.0,6005989000.0,3967757193.5223527,0.6606334582644928,high,mid_missing,low_cv,4.794347370577519,-0.08125561807257259,subnet_168h,"Mang con, 168h",transformer,238.0
,22.29184141840199,0.058398709568627895,0.058398709568627895,3192.0,29.640880987056605,-1.0403263928439719,-0.9109981958448331,3192.0,0.00042517006802722523,2352,219458.0,220315.44,53709.96781478225,0.24378667434406293,low,mid_missing,low_cv,-7.349039568654614,1.0987251024125997,subnet_168h,"Mang con, 168h",transformer,239.0
,47.27732999013554,-0.09706673794842746,-0.09706673794842746,3191.0,48.56938870580035,-0.04678287712619187,-0.04678287712619187,3191.0,0.0008503401360544505,2352,3615.0,4113.847,7981.7247809868695,1.9402093600205181,low,high_missing,mid_cv,-1.2920587156648082,-0.05028386082223559,subnet_168h,"Mang con, 168h",transformer,240.0
,46.750211869064906,0.3543054223578172,0.3543054223578172,3192.0,44.016292942842576,0.36273993514320724,0.36273993514320724,3192.0,0.00042517006802722523,2352,10818567168.0,12627485000.0,8794454408.137745,0.6964533821718619,high,mid_missing,low_cv,2.73391892622233,-0.008434512785390036,subnet_168h,"Mang con, 168h",transformer,241.0
,40.46345469669851,0.376974644205073,0.376974644205073,3192.0,37.47200049031074,0.3903840879666771,0.3903840879666771,3192.0,0.00042517006802722523,2352,15360297984.0,17639606000.0,12071050823.85676,0.6843152073647804,high,mid_missing,low_cv,2.991454206387772,-0.013409443761604134,subnet_168h,"Mang con, 168h",transformer,242.0
,80.83971737003357,0.30113331815333627,0.30113331815333627,3192.0,81.60793150964992,0.2731063096222022,0.2731063096222022,3192.0,0.00042517006802722523,2352,22872892.0,117965610.0,229144413.39937744,1.9424679555703848,mid,mid_missing,mid_cv,-0.7682141396163473,0.028027008531134046,subnet_168h,"Mang con, 168h",transformer,243.0
,46.62275064736747,0.2931511839608554,0.2931511839608554,3192.0,43.64179339530773,0.3451964927621293,0.3451964927621293,3192.0,0.00042517006802722523,2352,8373474304.0,9870686000.0,6825542938.873481,0.6914962946893712,high,mid_missing,low_cv,2.9809572520597385,-0.05204530880127395,subnet_168h,"Mang con, 168h",transformer,244.0
,37.172129625915254,0.008070020674902367,0.008070020674902367,3192.0,40.83313891458397,-0.18018201806480902,-0.18018201806480902,3192.0,0.00042517006802722523,2352,5508.0,5731.589,1854.846696088931,0.32361823903798376,low,mid_missing,low_cv,-3.6610092886687156,0.18825203873971139,subnet_168h,"Mang con, 168h",transformer,245.0
,40.494079635616856,0.15249912120645526,0.15249912120645526,3192.0,40.75010256546637,0.20134772665193323,0.20134772665193323,3192.0,0.00042517006802722523,2352,1481095680.0,1734147500.0,1114034129.4319215,0.6424102665419021,high,mid_missing,low_cv,-0.25602292984951447,-0.04884860544547798,subnet_168h,"Mang con, 168h",transformer,246.0
,127.72398664098085,-0.055038244943422264,-0.055038244943422264,3192.0,120.33450828288994,0.0253777369945543,0.0253777369945543,3192.0,0.00042517006802722523,2352,1921874560.0,5750138400.0,10341556066.485725,1.798488211003295,high,mid_missing,mid_cv,7.389478358090912,-0.08041598193797657,subnet_168h,"Mang con, 168h",transformer,247.0
,94.18470335357806,-0.035216907178977234,-0.035216907178977234,3192.0,110.41473571793271,-0.08501916756500004,-0.08501916756500004,3192.0,0.00042517006802722523,2352,142315.0,1144293.9,17363882.322675765,15.17432077723545,low,mid_missing,high_cv,-16.230032364354656,0.049802260386022805,subnet_168h,"Mang con, 168h",transformer,248.0
,36.3541718615955,-0.010521166276180799,-0.010521166276180799,3192.0,36.42754615618349,-0.021995083274709,-0.021995083274709,3192.0,0.00042517006802722523,2352,5062707712.0,6357470700.0,6863671298.208218,1.079622950777541,high,mid_missing,low_cv,-0.07337429458798539,0.011473916998528202,subnet_168h,"Mang con, 168h",transformer,249.0
,43.84711632186631,0.24277268188443082,0.24277268188443082,3192.0,36.41130036688017,0.4101478045480234,0.4101478045480234,3192.0,0.00042517006802722523,2352,12795283456.0,13974718000.0,8708382007.108837,0.6231525901249696,high,mid_missing,low_cv,7.43581595498614,-0.16737512266359258,subnet_168h,"Mang con, 168h",transformer,250.0
,86.1432095878115,0.38923880794889554,0.38923880794889554,3192.0,86.68397457588259,0.39109501357372006,0.39109501357372006,3192.0,0.00042517006802722523,2352,22908540.0,389930700.0,791922345.3986075,2.0309310597236387,mid,mid_missing,mid_cv,-0.5407649880710892,-0.0018562056248245251,subnet_168h,"Mang con, 168h",transformer,251.0
,41.479526215742844,0.012916449743507932,0.012916449743507932,3192.0,40.33667499445399,0.011935298917710701,0.011935298917710701,3192.0,0.00042517006802722523,2352,75339.0,345570.47,2028228.9607275391,5.869219577888306,low,mid_missing,high_cv,1.1428512212888506,0.000981150825797231,subnet_168h,"Mang con, 168h",transformer,252.0
,92.78687732720118,0.22983391868571088,0.22983391868571088,3192.0,96.17241098318608,0.000771866439445564,0.000771866439445564,3192.0,0.00042517006802722523,2352,7986914.0,170387620.0,356689128.20779073,2.0933981974827955,mid,mid_missing,mid_cv,-3.3855336559849007,0.2290620522462653,subnet_168h,"Mang con, 168h",transformer,253.0
,88.0098440482318,0.0171853671842653,0.0171853671842653,2609.0,142.99597342445128,-0.1716760391123239,-0.1716760391123239,2609.0,0.929421768707483,2352,4635.0,80113.62,776541.6699632284,9.693004725348876,low,high_missing,high_cv,-54.98612937621948,0.1888614062965892,subnet_168h,"Mang con, 168h",transformer,254.0
,49.02692465654717,-0.06257481284505019,-0.06257481284505019,3117.0,50.237183400400816,-0.022237627397547064,-0.022237627397547064,3117.0,0.15051020408163263,2352,1716.0,1979.7467,1254.0640118213846,0.6334466976120043,low,high_missing,low_cv,-1.2102587438536432,-0.04033718544750313,subnet_168h,"Mang con, 168h",transformer,255.0
,69.46374262096083,0.4740284364489853,0.4740284364489853,3192.0,69.96636820183242,0.43608307227519205,0.43608307227519205,3192.0,0.00042517006802722523,2352,124953288.0,374876640.0,552628400.7037666,1.474160675105727,high,mid_missing,mid_cv,-0.5026255808715945,0.03794536417379324,subnet_168h,"Mang con, 168h",transformer,256.0
,84.61074200413712,0.31499430041258786,0.31499430041258786,3192.0,86.75073214620897,0.291933629895432,0.291933629895432,3192.0,0.00042517006802722523,2352,24468360.0,281636200.0,559610500.4811924,1.9869978233521648,mid,mid_missing,mid_cv,-2.139990142071852,0.02306067051715588,subnet_168h,"Mang con, 168h",transformer,257.0
,53.824591770064366,0.2344181712917586,0.2344181712917586,3192.0,52.787873471037265,0.2802599272509719,0.2802599272509719,3192.0,0.00042517006802722523,2352,400820672.0,649927230.0,778152794.4195032,1.1972921830416596,high,mid_missing,mid_cv,1.0367182990271004,-0.045841755959213276,subnet_168h,"Mang con, 168h",transformer,258.0
,123.4002785089272,-0.06578044188443606,-0.06578044188443606,3192.0,123.92011745476957,-0.06538463571394607,-0.06538463571394607,3192.0,0.0012755102040816757,2352,467299.0,36047360.0,267483835.3082144,7.420344660696772,low,high_missing,high_cv,-0.5198389458423662,-0.00039580617048999567,subnet_168h,"Mang con, 168h",transformer,259.0
,64.38961359854329,-0.20398880731109303,-0.20398880731109303,755.0,66.26307278354545,-0.2808990684766088,-0.2808990684766088,755.0,0.7903911564625851,2352,672.0,912.0852,708.1961776660376,0.7764583546834056,low,high_missing,low_cv,-1.8734591850021616,0.07691026116551575,subnet_168h,"Mang con, 168h",transformer,260.0
,49.66923255953959,0.2433962614646019,0.2433962614646019,3192.0,48.81893214856898,0.24982779127203644,0.24982779127203644,3192.0,0.00042517006802722523,2352,4290904064.0,5415572500.0,4298036497.849524,0.7936439801558197,high,mid_missing,low_cv,0.850300410970604,-0.006431529807434555,subnet_168h,"Mang con, 168h",transformer,261.0
,32.069159471784815,0.38213109232796705,0.38213109232796705,3192.0,34.72060541579759,0.33078422339070385,0.33078422339070385,3192.0,0.00042517006802722523,2352,54245.0,82774.48,60433.717978663364,0.7301008775698153,low,mid_missing,low_cv,-2.651445944012778,0.0513468689372632,subnet_168h,"Mang con, 168h",transformer,262.0
,37.7169835573085,0.2569346389751925,0.2569346389751925,3192.0,33.25751042713453,0.39371168047126,0.39371168047126,3192.0,0.00042517006802722523,2352,12443442176.0,13973830000.0,7866455815.294216,0.5629420153570551,high,mid_missing,low_cv,4.459473130173976,-0.1367770414960675,subnet_168h,"Mang con, 168h",transformer,263.0
,40.573088448936524,0.5495943714319625,0.5495943714319625,3192.0,41.336266499427886,0.5582800357931597,0.5582800357931597,3192.0,0.00042517006802722523,2352,491937440.0,1166713100.0,1295871196.8680084,1.1107025456356314,high,mid_missing,low_cv,-0.7631780504913621,-0.00868566436119711,subnet_168h,"Mang con, 168h",transformer,264.0
,79.99412716584538,0.3804129809848969,0.3804129809848969,3192.0,77.22899151786355,0.4057527244979952,0.4057527244979952,3192.0,0.00042517006802722523,2352,43075336.0,407982370.0,817295733.4930755,2.0032623897439494,mid,mid_missing,mid_cv,2.765135647981836,-0.025339743513098312,subnet_168h,"Mang con, 168h",transformer,265.0
,84.81318627093005,0.28721934497802165,0.28721934497802165,3192.0,84.92392430589307,0.2840246628446818,0.2840246628446818,3192.0,0.00042517006802722523,2352,26293048.0,110770870.0,168237752.37900394,1.5187905388973009,mid,mid_missing,mid_cv,-0.11073803496302048,0.0031946821333398434,subnet_168h,"Mang con, 168h",transformer,266.0
,99.97469747992,0.16858763449479622,0.16858763449479622,3192.0,101.13527762955381,0.019902401388636904,0.019902401388636904,3192.0,0.00042517006802722523,2352,291146.0,45859896.0,112793229.15912572,2.459517770365762,low,mid_missing,high_cv,-1.160580149633816,0.1486852331061593,subnet_168h,"Mang con, 168h",transformer,267.0
,70.68473364034288,0.2974265896347961,0.2974265896347961,3192.0,70.17759787118946,0.286555325884338,0.286555325884338,3192.0,0.00042517006802722523,2352,17676188.0,297654750.0,680433616.4765145,2.2859827095134517,mid,mid_missing,high_cv,0.5071357691534217,0.010871263750458104,subnet_168h,"Mang con, 168h",transformer,268.0
,72.86073571743806,-0.0023507878984580666,-0.0023507878984580666,3175.0,76.67647358663622,-0.0017561140463605333,-0.0017561140463605333,3175.0,0.00042517006802722523,2352,216921.0,408427.6,3901460.504810576,9.552392062909133,low,mid_missing,high_cv,-3.815737869198159,-0.0005946738520975334,subnet_168h,"Mang con, 168h",transformer,269.0
,42.8612418067925,0.04019010057391577,0.04019010057391577,3011.0,45.58184218311212,-0.044402538401212804,-0.044402538401212804,3011.0,0.00042517006802722523,2352,3616.0,3890.9329,5444.90047813164,1.3993817606693646,low,mid_missing,mid_cv,-2.7206003763196236,0.08459263897512857,subnet_168h,"Mang con, 168h",transformer,270.0
,52.797155566638395,0.32166887231258046,0.32166887231258046,3176.0,47.32105837163684,0.41742626675990574,0.41742626675990574,3176.0,0.00042517006802722523,2352,2575590400.0,3689351000.0,3321518090.091159,0.9002987705201947,high,mid_missing,low_cv,5.476097195001557,-0.09575739444732528,subnet_168h,"Mang con, 168h",transformer,271.0
,44.48963404591919,0.06666943981121336,0.06666943981121336,3192.0,42.28601953837963,0.10194472565786027,0.10194472565786027,3192.0,0.00042517006802722523,2352,372757792.0,549406000.0,593812264.4213834,1.080825923139115,high,mid_missing,low_cv,2.2036145075395623,-0.03527528584664691,subnet_168h,"Mang con, 168h",transformer,272.0
,46.429217599523945,-0.12448791898945444,-0.12448791898945444,3192.0,45.708835186959554,-0.05624045364111236,-0.05624045364111236,3192.0,0.00042517006802722523,2352,4125732864.0,4653595600.0,2773273282.496723,0.5959420397190305,high,mid_missing,low_cv,0.7203824125643905,-0.06824746534834208,subnet_168h,"Mang con, 168h",transformer,273.0
,75.55699735400945,0.19165636766091423,0.19165636766091423,3192.0,73.71364147373494,0.2673435204786893,0.2673435204786893,3192.0,0.00042517006802722523,2352,10908656.0,218517760.0,504893046.63840085,2.3105355218651376,mid,mid_missing,high_cv,1.8433558802745154,-0.07568715281777508,subnet_168h,"Mang con, 168h",transformer,274.0
,67.86186969804068,0.0015006668455287001,0.0015006668455287001,3192.0,65.86575966846777,0.058528777697726235,0.058528777697726235,3192.0,0.00042517006802722523,2352,177825936.0,246916130.0,362886982.206299,1.469677113219186,high,mid_missing,mid_cv,1.996110029572904,-0.057028110852197535,subnet_168h,"Mang con, 168h",transformer,275.0
,62.33274911635746,0.050709034894743064,0.050709034894743064,3192.0,57.64410641250566,0.10311253695596219,0.10311253695596219,3192.0,0.00042517006802722523,2352,1728248576.0,2447224000.0,2411467151.378641,0.9853887867697272,high,mid_missing,low_cv,4.688642703851805,-0.052403502061219125,subnet_168h,"Mang con, 168h",transformer,276.0
,53.28728593195527,0.1821977720541437,0.1821977720541437,3192.0,53.970423918050976,0.22065225224469528,0.22065225224469528,3192.0,0.00042517006802722523,2352,239871440.0,370647230.0,444194511.09627455,1.198429322402911,high,mid_missing,mid_cv,-0.6831379860957085,-0.03845448019055159,subnet_168h,"Mang con, 168h",transformer,277.0
,33.78862993145646,0.35630082957589115,0.35630082957589115,3192.0,30.931451383209353,0.43616565169504184,0.43616565169504184,3192.0,0.0008503401360544505,2352,5537705216.0,5874672600.0,3089649077.8515887,0.5259270204801725,high,high_missing,low_cv,2.8571785482471093,-0.07986482211915069,subnet_168h,"Mang con, 168h",transformer,278.0
,30.332980630657246,0.059298516592599,0.059298516592599,3192.0,33.40469361705744,-0.06466681133904494,-0.06466681133904494,3192.0,0.00042517006802722523,2352,18471.0,22220.682,75149.2164758774,3.381949199005926,low,mid_missing,high_cv,-3.0717129864001933,0.12396532793164394,subnet_168h,"Mang con, 168h",transformer,279.0
,50.56587749143441,0.5455344951592221,0.5455344951592221,3192.0,56.13170556823089,0.4099045637393301,0.4099045637393301,3192.0,0.00042517006802722523,2352,17059834.0,26735668.0,31847918.386837754,1.1912146121367813,mid,mid_missing,mid_cv,-5.565828076796485,0.13562993141989205,subnet_168h,"Mang con, 168h",transformer,280.0
,49.786290526788015,0.0024817692068508333,0.0024817692068508333,3192.0,48.3872233198646,0.009716594166428167,0.009716594166428167,3192.0,0.00042517006802722523,2352,2705160.0,9768722.0,24017920.855830006,2.4586553753735654,mid,mid_missing,high_cv,1.3990672069234122,-0.007234824959577333,subnet_168h,"Mang con, 168h",transformer,281.0
,100.30276262785173,-0.0648876670117814,-0.0648876670117814,3192.0,92.75248662028069,0.027932913477780402,0.027932913477780402,3192.0,0.00042517006802722523,2352,70787064.0,138436900.0,270655653.58647764,1.9550832285814732,mid,mid_missing,mid_cv,7.550276007571043,-0.09282058048956181,subnet_168h,"Mang con, 168h",transformer,282.0
,92.36876813215525,0.13307701544169406,0.13307701544169406,3192.0,99.99384747789641,0.017812252064296503,0.017812252064296503,3192.0,0.00042517006802722523,2352,18667808.0,67671380.0,142529667.87998492,2.1062031881838035,mid,mid_missing,mid_cv,-7.625079345741156,0.11526476337739756,subnet_168h,"Mang con, 168h",transformer,283.0
,108.87833958418314,-0.2719386727466065,-0.2719386727466065,3192.0,109.8111175754138,-0.28048717997396494,-0.28048717997396494,3192.0,0.00042517006802722523,2352,344597216.0,758853000.0,870365671.8001314,1.1469489887708468,high,mid_missing,mid_cv,-0.9327779912306653,0.008548507227358448,subnet_168h,"Mang con, 168h",transformer,284.0
,57.66768802879278,-0.1061951925658884,-0.1061951925658884,3191.0,56.01141482696885,-0.02604620593725063,-0.02604620593725063,3191.0,0.00042517006802722523,2352,227453360.0,269873700.0,197339368.25071535,0.7312286124050984,high,mid_missing,low_cv,1.6562732018239288,-0.08014898662863777,subnet_168h,"Mang con, 168h",transformer,285.0
,54.08583407713801,0.11822768592047866,0.11822768592047866,3176.0,54.140355278512175,0.13335972916256733,0.13335972916256733,3176.0,0.00042517006802722523,2352,36399148.0,115843544.0,211861011.87807974,1.8288547169972609,mid,mid_missing,mid_cv,-0.05452120137416472,-0.015132043242088666,subnet_168h,"Mang con, 168h",transformer,286.0
,51.52890775538165,0.4281920854057935,0.4281920854057935,3175.0,54.131056439283924,0.4283669973411115,0.4283669973411115,3175.0,0.00042517006802722523,2352,356973376.0,895844500.0,1120844728.377255,1.2511599428254052,high,mid_missing,mid_cv,-2.6021486839022714,-0.00017491193531798954,subnet_168h,"Mang con, 168h",transformer,287.0
,101.94150409013537,-0.0038574983164159013,-0.0038574983164159013,3188.0,106.40880357507706,-0.019330424053460367,-0.019330424053460367,3188.0,0.39328231292517,2352,124053.0,15126636.0,71570040.58739474,4.731391737554519,low,high_missing,high_cv,-4.467299484941691,0.015472925737044466,subnet_168h,"Mang con, 168h",transformer,288.0
,65.3781972263317,-0.0872440516326385,-0.0872440516326385,3192.0,63.92626521110412,-0.08402196087835606,-0.08402196087835606,3192.0,0.00042517006802722523,2352,549449472.0,864203200.0,1165673559.0461674,1.3488419842071486,high,mid_missing,mid_cv,1.4519320152275697,-0.003222090754282439,subnet_168h,"Mang con, 168h",transformer,289.0
,90.31499496209695,0.19486371383802514,0.19486371383802514,3192.0,97.1890659057741,0.09864162902560857,0.09864162902560857,3192.0,0.00042517006802722523,2352,225309072.0,665131300.0,808248582.8043956,1.2151714237167845,high,mid_missing,mid_cv,-6.874070943677154,0.09622208481241658,subnet_168h,"Mang con, 168h",transformer,290.0
,74.02581037161968,-0.11097205990445054,-0.11097205990445054,3192.0,68.75276966729213,-0.08397028643137244,-0.08397028643137244,3192.0,0.004251700680272141,2352,527701728.0,1205502300.0,2131767121.1218092,1.7683641561369892,high,high_missing,mid_cv,5.273040704327556,-0.027001773473078097,subnet_168h,"Mang con, 168h",transformer,291.0
,51.423673393224114,-0.07079028477393587,-0.07079028477393587,3072.0,53.24134635094177,-0.0202419531598608,-0.0202419531598608,3072.0,0.015306122448979553,2352,1076.0,1367.0975,4014.5269151496127,2.9365329208632414,low,high_missing,high_cv,-1.8176729577176545,-0.05054833161407507,subnet_168h,"Mang con, 168h",transformer,292.0
,50.52256604307119,-0.11618976426064283,-0.11618976426064283,3192.0,50.3812377319986,-0.03498396068573173,-0.03498396068573173,3192.0,0.00042517006802722523,2352,1787891200.0,2489839400.0,2338764510.9022665,0.9393234553502546,high,mid_missing,low_cv,0.14132831107258426,-0.0812058035749111,subnet_168h,"Mang con, 168h",transformer,293.0
,70.94939956084629,-0.015310442348922634,-0.015310442348922634,3192.0,71.31806634478103,-0.015126121651442467,-0.015126121651442467,3192.0,0.0008503401360544505,2352,108487.5,1138039.9,10552215.839748729,9.27227250253312,low,high_missing,high_cv,-0.36866678393474217,-0.00018432069748016734,subnet_168h,"Mang con, 168h",transformer,294.0
,78.1263598709116,0.15982197301313358,0.15982197301313358,3192.0,78.83359533254907,0.20641075067398107,0.20641075067398107,3192.0,0.00042517006802722523,2352,17708612.0,201015100.0,541531236.2490553,2.693982817575018,mid,mid_missing,high_cv,-0.7072354616374668,-0.046588777660847486,subnet_168h,"Mang con, 168h",transformer,295.0
,92.75330548291385,0.04548702790112457,0.04548702790112457,3192.0,97.51828759925888,0.058956408584040866,0.058956408584040866,3192.0,0.0008503401360544505,2352,32694.0,4282812.0,21621545.76364466,5.048446152584952,low,high_missing,high_cv,-4.764982116345038,-0.013469380682916296,subnet_168h,"Mang con, 168h",transformer,296.0
,103.2602449135273,0.0145828126677916,0.0145828126677916,3192.0,101.00827044931175,0.024500699520680302,0.024500699520680302,3192.0,0.00042517006802722523,2352,446038.0,21942208.0,70382325.90861298,3.2076227656128764,low,mid_missing,high_cv,2.25197446421555,-0.009917886852888701,subnet_168h,"Mang con, 168h",transformer,297.0
,78.47815277104911,0.198842526654578,0.198842526654578,3192.0,79.88451709525324,0.20752361508974534,0.20752361508974534,3192.0,0.00042517006802722523,2352,5771603.0,152045020.0,431735945.0143673,2.8395269615292853,mid,mid_missing,high_cv,-1.4063643242041337,-0.00868108843516735,subnet_168h,"Mang con, 168h",transformer,298.0
,92.41070111862233,0.32598232900377266,0.32598232900377266,3192.0,95.22752323745453,0.2989941467749547,0.2989941467749547,3192.0,0.00042517006802722523,2352,81548648.0,960123300.0,1919945470.5943866,1.9996863055017726,high,mid_missing,mid_cv,-2.8168221188322065,0.026988182228817936,subnet_168h,"Mang con, 168h",transformer,299.0
,34.58846370564596,0.03990955804426097,0.03990955804426097,3192.0,42.2336937399136,-0.45871092025001725,-0.45871092025001725,3192.0,0.00042517006802722523,2352,7081.0,8054.7495,39721.48501726201,4.9314364102163255,low,mid_missing,high_cv,-7.645230034267641,0.49862047829427825,subnet_168h,"Mang con, 168h",transformer,300.0
,93.16297266538614,0.014998046120193865,0.014998046120193865,3192.0,90.74822447405035,0.058542932678225135,0.058542932678225135,3192.0,0.00042517006802722523,2352,176451072.0,394077000.0,747760788.4130927,1.8974992288133703,high,mid_missing,mid_cv,2.4147481913357893,-0.04354488655803127,subnet_168h,"Mang con, 168h",transformer,301.0
,48.7488137167007,0.4069432958550518,0.4069432958550518,3192.0,45.034121091697784,0.46265053558339586,0.46265053558339586,3192.0,0.00042517006802722523,2352,1333858688.0,1918065700.0,1991618391.1760538,1.038347345743453,high,mid_missing,low_cv,3.714692625002918,-0.05570723972834407,subnet_168h,"Mang con, 168h",transformer,302.0
,45.24767860271061,0.3483901353388322,0.3483901353388322,3192.0,45.14941037949088,0.3506991961574674,0.3506991961574674,3192.0,0.00042517006802722523,2352,343890848.0,747355300.0,907993490.6425014,1.2149421521786505,high,mid_missing,mid_cv,0.09826822321972628,-0.0023090608186352446,subnet_168h,"Mang con, 168h",transformer,303.0
,74.48462145868172,0.24329787855383497,0.24329787855383497,3192.0,74.61878555385677,0.24064205288302318,0.24064205288302318,3192.0,0.00042517006802722523,2352,51854828.0,207689470.0,343041406.52884793,1.6517033975070625,mid,mid_missing,mid_cv,-0.134164095175052,0.0026558256708117955,subnet_168h,"Mang con, 168h",transformer,304.0
,59.78529046210746,0.012840797273878499,0.012840797273878499,2430.0,62.74323230127277,-0.017642854854450368,-0.017642854854450368,2430.0,0.15986394557823125,2352,949.5,1186.2859,889.4842719805127,0.7498059957337508,low,high_missing,low_cv,-2.957941839165308,0.03048365212832887,subnet_168h,"Mang con, 168h",transformer,305.0
,128.73341791205766,-0.1283412161256907,-0.1283412161256907,3192.0,131.8305892505692,-0.1740221256517878,-0.1740221256517878,3192.0,0.00042517006802722523,2352,2489880.0,54962060.0,132863175.21086937,2.4173616347507605,mid,mid_missing,high_cv,-3.0971713385115436,0.0456809095260971,subnet_168h,"Mang con, 168h",transformer,306.0
,56.77195485854014,0.05138670208540014,0.05138670208540014,3192.0,54.472426409368865,0.07829233963964406,0.07829233963964406,3192.0,0.00042517006802722523,2352,1029203008.0,1499838800.0,1904771040.345514,1.2699838005166233,high,mid_missing,mid_cv,2.2995284491712766,-0.026905637554243925,subnet_168h,"Mang con, 168h",transformer,307.0
,74.10297445451924,-0.015904655025133264,-0.015904655025133264,3192.0,68.82313948181951,-0.01615494605531913,-0.01615494605531913,3192.0,0.00042517006802722523,2352,38943.0,4109391.2,28282945.779331945,6.8825147226689465,low,mid_missing,high_cv,5.279834972699732,0.0002502910301858674,subnet_168h,"Mang con, 168h",transformer,308.0
,92.90614684607924,0.020908809127437502,0.020908809127437502,3192.0,93.68562424934338,0.0206973464624009,0.0206973464624009,3192.0,0.00042517006802722523,2352,34252060.0,144088800.0,378367690.8140752,2.6259340824135893,mid,mid_missing,high_cv,-0.7794774032641385,0.00021146266503660124,subnet_168h,"Mang con, 168h",transformer,309.0
,81.64596460992205,0.013795274975338334,0.013795274975338334,3192.0,84.47339521303157,0.0161734573191678,0.0161734573191678,3192.0,0.00042517006802722523,2352,45196412.0,178009950.0,580046572.8311696,3.2585064279505542,mid,mid_missing,high_cv,-2.8274306031095193,-0.0023781823438294644,subnet_168h,"Mang con, 168h",transformer,310.0
,84.09116941860547,0.0609207677056626,0.0609207677056626,3192.0,84.52185274505833,0.05569531053205967,0.05569531053205967,3192.0,0.00042517006802722523,2352,13577921.0,77658120.0,196804278.8167689,2.534239546576313,mid,mid_missing,high_cv,-0.4306833264528507,0.0052254571736029265,subnet_168h,"Mang con, 168h",transformer,311.0
,56.09017009611873,-0.0055103554761518,-0.0055103554761518,3162.0,59.40263804547919,-0.0021185242058408002,-0.0021185242058408002,3162.0,0.00170068027210879,2352,2968.0,8200.69,50370.81100009326,6.142264658320082,low,high_missing,high_cv,-3.3124679493604603,-0.003391831270311,subnet_168h,"Mang con, 168h",transformer,312.0
,64.72883692573866,0.1396083389332631,0.1396083389332631,3191.0,61.48789477927911,0.221636494263072,0.221636494263072,3191.0,0.00042517006802722523,2352,860795456.0,1333569300.0,1410452952.2755144,1.0576525520110318,high,mid_missing,low_cv,3.2409421464595525,-0.0820281553298089,subnet_168h,"Mang con, 168h",transformer,313.0
,87.27374505362049,0.2679116431367238,0.2679116431367238,3192.0,87.76442953550946,0.11522914112358296,0.11522914112358296,3192.0,0.00042517006802722523,2352,3730800.0,176505100.0,474262939.51518863,2.6869644490007984,mid,mid_missing,high_cv,-0.4906844818889766,0.15268250201314082,subnet_168h,"Mang con, 168h",transformer,314.0
,48.42430842222168,0.4035534057371211,0.4035534057371211,3192.0,46.66846933766531,0.4388735858086972,0.4388735858086972,3192.0,0.00042517006802722523,2352,73328088.0,247166720.0,406483752.4906646,1.6445731548756426,high,mid_missing,mid_cv,1.7558390845563707,-0.03532018007157606,subnet_168h,"Mang con, 168h",transformer,315.0
,48.70267080738861,0.464746549136493,0.464746549136493,3192.0,47.92586353518885,0.5133086528426488,0.5133086528426488,3192.0,0.00042517006802722523,2352,1177905408.0,2451227400.0,2674804873.3263135,1.0912104205656306,high,mid_missing,low_cv,0.7768072721997541,-0.048562103706155824,subnet_168h,"Mang con, 168h",transformer,316.0
,62.60596841041663,-2.18097045180128,-1.0,3192.0,81.96763785710964,-1.1205760416660147,-0.955208847072231,3192.0,0.00042517006802722523,2352,20203.0,56629.73,59471.433751363315,1.0501804133463333,low,mid_missing,low_cv,-19.361669446693007,-1.0603944101352651,subnet_168h,"Mang con, 168h",transformer,317.0
,77.00508720639256,0.27430522872136726,0.27430522872136726,3192.0,77.7946502007156,0.2646087671198705,0.2646087671198705,3192.0,0.00042517006802722523,2352,8324207.0,100726184.0,225738026.8082937,2.2411057169434088,mid,mid_missing,mid_cv,-0.7895629943230347,0.00969646160149673,subnet_168h,"Mang con, 168h",transformer,318.0
,64.65172608057809,0.023312664886091666,0.023312664886091666,3192.0,67.67312885821055,0.032726817522585404,0.032726817522585404,3192.0,0.00042517006802722523,2352,43260424.0,69076130.0,89355993.72083287,1.2935871813896818,mid,mid_missing,mid_cv,-3.02140277763246,-0.009414152636493738,subnet_168h,"Mang con, 168h",transformer,319.0
,38.20719471869973,0.4500183703845451,0.4500183703845451,3192.0,37.36519881993502,0.46296878558273513,0.46296878558273513,3192.0,0.00042517006802722523,2352,736690432.0,1141010300.0,1044514808.3213415,0.9154297771541785,high,mid_missing,low_cv,0.8419958987647149,-0.012950415198190013,subnet_168h,"Mang con, 168h",transformer,320.0
,72.69942196319998,0.0875872623288117,0.0875872623288117,3192.0,74.22839776266075,0.08492912331769166,0.08492912331769166,3192.0,0.00042517006802722523,2352,1733705.0,27590762.0,84117602.44245948,3.0487596697205928,mid,mid_missing,high_cv,-1.528975799460767,0.0026581390111200393,subnet_168h,"Mang con, 168h",transformer,321.0
,55.58254842791953,0.10565376861692348,0.10565376861692348,3192.0,52.59869464511333,0.20407872751909972,0.20407872751909972,3192.0,0.00042517006802722523,2352,2139512320.0,2640289000.0,2395941297.025526,0.9074541746174853,high,mid_missing,low_cv,2.983853782806193,-0.09842495890217624,subnet_168h,"Mang con, 168h",transformer,322.0
,42.09846877451505,0.11279250363467057,0.11279250363467057,3192.0,39.1612335242658,0.2197576085021666,0.2197576085021666,3192.0,0.00042517006802722523,2352,1338284160.0,1445504300.0,846616600.6315216,0.5856894555082663,high,mid_missing,low_cv,2.9372352502492447,-0.10696510486749604,subnet_168h,"Mang con, 168h",transformer,323.0
,47.483857147142366,0.12484701718431516,0.12484701718431516,3192.0,46.352895029119615,0.1745585163035657,0.1745585163035657,3192.0,0.00042517006802722523,2352,949918720.0,1194270700.0,977213746.6690258,0.8182514486070844,high,mid_missing,low_cv,1.130962118022751,-0.04971149911925053,subnet_168h,"Mang con, 168h",transformer,324.0
,28.001718894779163,-0.024934068939534603,-0.024934068939534603,3192.0,33.216828294135134,-0.23998407781078446,-0.23998407781078446,3192.0,0.00042517006802722523,2352,14172.0,14542.108,4202.393420478188,0.288981027051739,low,mid_missing,low_cv,-5.2151093993559705,0.21505000887124986,subnet_168h,"Mang con, 168h",transformer,325.0
,88.14107732093453,0.38802303273348043,0.38802303273348043,3192.0,87.58048382144608,-0.03717313416163204,-0.03717313416163204,3192.0,0.0012755102040816757,2352,4294619.0,296716480.0,644847657.3517383,2.1732788733262756,mid,high_missing,mid_cv,0.5605934994884478,0.42519616689511247,subnet_168h,"Mang con, 168h",transformer,326.0
,33.097527782744855,0.2546570179588928,0.2546570179588928,3187.0,31.03987314562094,0.33984924355671015,0.33984924355671015,3187.0,0.00042517006802722523,2352,4093198080.0,4061182200.0,1762502041.6269617,0.4339874330570695,high,mid_missing,low_cv,2.057654637123914,-0.08519222559781736,subnet_168h,"Mang con, 168h",transformer,327.0
,51.506121105596314,-0.011844600728780933,-0.011844600728780933,3188.0,56.40686956676209,-0.025470959757623868,-0.025470959757623868,3188.0,0.00042517006802722523,2352,720306.0,1144705.6,4270317.737309031,3.7304942371616554,mid,mid_missing,high_cv,-4.900748461165776,0.013626359028842934,subnet_168h,"Mang con, 168h",transformer,328.0
,96.85949402701134,-0.04663365185496846,-0.04663365185496846,3188.0,96.97617092955346,0.0005052470826637673,0.0005052470826637673,3188.0,0.00042517006802722523,2352,82976648.0,220820530.0,463396188.4051474,2.098519519911425,high,mid_missing,mid_cv,-0.1166769025421246,-0.04713889893763223,subnet_168h,"Mang con, 168h",transformer,329.0
,31.528497748256218,0.37004056591431905,0.37004056591431905,3192.0,30.536785930724154,0.41561373469230983,0.41561373469230983,3192.0,0.00042517006802722523,2352,3985998080.0,4720122000.0,2740318017.1265383,0.5805608627758567,high,mid_missing,low_cv,0.9917118175320638,-0.04557316877799078,subnet_168h,"Mang con, 168h",transformer,330.0
,55.89015492955375,0.17302482531027238,0.17302482531027238,3192.0,59.12997890865656,0.12238715996829806,0.12238715996829806,3192.0,0.00042517006802722523,2352,514777792.0,637746750.0,589142248.8465513,0.9237871412107973,high,mid_missing,low_cv,-3.239823979102809,0.05063766534197432,subnet_168h,"Mang con, 168h",transformer,331.0
,94.92696928439882,0.038755182775057566,0.038755182775057566,3192.0,96.3642418286823,0.019619253380276633,0.019619253380276633,3192.0,0.00042517006802722523,2352,75582160.0,453475620.0,983031585.4940984,2.167771652564663,high,mid_missing,mid_cv,-1.4372725442834735,0.019135929394780933,subnet_168h,"Mang con, 168h",transformer,332.0
,75.35697108320157,0.09302184011894833,0.09302184011894833,3192.0,76.4197919450974,0.09012380999510483,0.09012380999510483,3192.0,0.00170068027210879,2352,211006384.0,355947170.0,415786506.3459575,1.1681129777831454,high,high_missing,mid_cv,-1.0628208618958297,0.0028980301238435008,subnet_168h,"Mang con, 168h",transformer,333.0
,77.98272132343554,0.2221126878394202,0.2221126878394202,3191.0,80.65579232356986,0.18621589352652368,0.18621589352652368,3191.0,0.00042517006802722523,2352,22297708.0,109440990.0,178247409.59008545,1.6287079122061088,mid,mid_missing,mid_cv,-2.673071000134314,0.035896794312896524,subnet_168h,"Mang con, 168h",transformer,334.0
,33.51841061402778,0.3039516070616523,0.3039516070616523,3192.0,31.904105429251832,0.38656105644664507,0.38656105644664507,3192.0,0.00042517006802722523,2352,3454594048.0,4107693600.0,2396312838.3723936,0.5833718603160404,high,mid_missing,low_cv,1.6143051847759473,-0.08260944938499276,subnet_168h,"Mang con, 168h",transformer,335.0
,83.04046886153476,0.2715778469218902,0.2715778469218902,3184.0,81.81411634396856,0.22724840887990874,0.22724840887990874,3184.0,0.00042517006802722523,2352,138109824.0,489239800.0,829510863.714785,1.6955097482884813,high,mid_missing,mid_cv,1.2263525175661982,0.044329438041981445,subnet_168h,"Mang con, 168h",transformer,336.0
,94.98438027197767,0.2265030524704663,0.2265030524704663,3192.0,95.39224011327853,0.17714090681386177,0.17714090681386177,3192.0,0.00042517006802722523,2352,230073504.0,785851300.0,1246614416.5926275,1.586323484068258,high,mid_missing,mid_cv,-0.40785984130086206,0.04936214565660452,subnet_168h,"Mang con, 168h",transformer,337.0
,52.725376361891165,-0.0608417519787108,-0.0608417519787108,3192.0,51.24536818947653,-0.0008110655262833962,-0.0008110655262833962,3192.0,0.00042517006802722523,2352,510225728.0,601273800.0,488926971.882679,0.8131519756688131,high,mid_missing,low_cv,1.4800081724146352,-0.0600306864524274,subnet_168h,"Mang con, 168h",transformer,338.0
,69.12227367529157,-0.1365324845522261,-0.1365324845522261,3187.0,64.5090185365033,0.0032503304728568705,0.0032503304728568705,3187.0,0.00042517006802722523,2352,67825.0,86287.71,69762.80080380793,0.8084905723636427,low,mid_missing,low_cv,4.613255138788261,-0.13978281502508297,subnet_168h,"Mang con, 168h",transformer,339.0
,94.28790795879989,0.20817433248723174,0.20817433248723174,3192.0,94.41265307884463,0.16514921647194084,0.16514921647194084,3192.0,0.00042517006802722523,2352,78917016.0,188457330.0,254001504.05329832,1.3477931940821017,high,mid_missing,mid_cv,-0.12474512004473581,0.04302511601529091,subnet_168h,"Mang con, 168h",transformer,340.0
,39.27001978681926,-0.1158538989084445,-0.1158538989084445,3192.0,38.01314728439799,-0.015814443976936935,-0.015814443976936935,3192.0,0.00042517006802722523,2352,24261752.0,26097926.0,11777882.415448105,0.45129572424445163,mid,mid_missing,low_cv,1.256872502421274,-0.10003945493150757,subnet_168h,"Mang con, 168h",transformer,341.0
,28.764999665732358,0.2630919444503394,0.2630919444503394,3192.0,27.83881726364422,0.3277274014316285,0.3277274014316285,3192.0,0.00042517006802722523,2352,5318751744.0,5993510400.0,2949740930.3211136,0.49215580410457177,high,mid_missing,low_cv,0.9261824020881377,-0.06463545698128909,subnet_168h,"Mang con, 168h",transformer,342.0
,45.07783568737244,0.0475568143694651,0.0475568143694651,3192.0,43.89060362256614,0.11652637925576549,0.11652637925576549,3192.0,0.00042517006802722523,2352,677281024.0,729870600.0,456622710.9684321,0.6256214676593411,high,mid_missing,low_cv,1.1872320648063024,-0.06896956488630039,subnet_168h,"Mang con, 168h",transformer,343.0
,71.81216449935893,0.07949345876674517,0.07949345876674517,3192.0,72.94355438159734,0.11356600165169546,0.11356600165169546,3192.0,0.00042517006802722523,2352,74492512.0,175759090.0,296555128.025513,1.6872819004699944,high,mid_missing,mid_cv,-1.131389882238409,-0.03407254288495029,subnet_168h,"Mang con, 168h",transformer,344.0
,47.11842267964138,0.29903676186912154,0.29903676186912154,3192.0,46.238822399148795,0.3209702071192729,0.3209702071192729,3192.0,0.00042517006802722523,2352,791587392.0,1345224800.0,1522032582.7587233,1.1314336061547838,high,mid_missing,low_cv,0.879600280492582,-0.02193344525015134,subnet_168h,"Mang con, 168h",transformer,345.0
,78.66271086583268,0.21659435267795382,0.21659435267795382,3192.0,79.38768366154,0.2343031293187691,0.2343031293187691,3192.0,0.00042517006802722523,2352,189814320.0,470704350.0,626149852.0553806,1.330240201508442,high,mid_missing,mid_cv,-0.7249727957073162,-0.01770877664081527,subnet_168h,"Mang con, 168h",transformer,346.0
,38.4912502425098,0.07312860405259776,0.07312860405259776,3191.0,38.67350394054308,0.1064921425415164,0.1064921425415164,3191.0,0.00042517006802722523,2352,1060973952.0,1162762100.0,613764326.635962,0.5278502974097268,high,mid_missing,low_cv,-0.1822536980332785,-0.03336353848891864,subnet_168h,"Mang con, 168h",transformer,347.0
,56.61833177902137,0.0019189337076018333,0.0019189337076018333,3192.0,47.57987508142716,7.111963402799994e-06,7.111963402799994e-06,3192.0,0.9744897959183674,2352,13047.5,14234.65,5820.760643476425,0.40891490017275045,low,high_missing,low_cv,9.038456697594206,0.0019118217441990333,subnet_168h,"Mang con, 168h",transformer,348.0
,43.43238880759787,0.16770545163310524,0.16770545163310524,3192.0,43.97088358498212,0.1934546635222544,0.1934546635222544,3192.0,0.00042517006802722523,2352,917639488.0,1057650240.0,718342541.202023,0.6791872341484299,high,mid_missing,low_cv,-0.5384947773842512,-0.025749211889149165,subnet_168h,"Mang con, 168h",transformer,349.0
,86.56674449820333,0.16924170016486118,0.16924170016486118,3192.0,87.6034741580715,0.12564658901916959,0.12564658901916959,3192.0,0.00042517006802722523,2352,6748893.0,154706670.0,336178642.3391838,2.1730067487922162,mid,mid_missing,mid_cv,-1.036729659868172,0.04359511114569159,subnet_168h,"Mang con, 168h",transformer,350.0
,65.30633197025799,-0.0189825754749372,-0.0189825754749372,961.0,62.539516165874716,-0.01971473812033417,-0.01971473812033417,961.0,0.5871598639455782,2352,520.0,1652.8435,6179.0677393962405,3.7384469355333874,low,high_missing,high_cv,2.7668158043832705,0.00073216264539697,subnet_168h,"Mang con, 168h",transformer,351.0
,64.72925368976838,-0.05988424363856523,-0.05988424363856523,710.0,63.725023789720844,-0.07112180044679726,-0.07112180044679726,710.0,0.8129251700680272,2352,868.0,1185.3136,1047.554386645349,0.8837782573773216,low,high_missing,low_cv,1.004229900047541,0.011237556808232033,subnet_168h,"Mang con, 168h",transformer,352.0
,68.18857938435816,0.04240039882687933,0.04240039882687933,3192.0,68.03905417215228,0.050959958123802135,0.050959958123802135,3192.0,0.00042517006802722523,2352,212347072.0,544353100.0,992433862.4906837,1.8231436256510842,high,mid_missing,mid_cv,0.14952521220588721,-0.008559559296922807,subnet_168h,"Mang con, 168h",transformer,353.0
,64.60358671693426,0.4078795429132067,0.4078795429132067,3192.0,65.15563328465898,0.4406501606268256,0.4406501606268256,3192.0,0.00042517006802722523,2352,137102320.0,405004500.0,601580402.5936232,1.4853671620172546,high,mid_missing,mid_cv,-0.5520465677247159,-0.03277061771361889,subnet_168h,"Mang con, 168h",transformer,354.0
,48.29640424746492,-0.062419318960128804,-0.062419318960128804,3192.0,46.52518585839971,0.023798060086079733,0.023798060086079733,3192.0,0.00042517006802722523,2352,840258496.0,936216900.0,567426986.3148793,0.6060849667841065,high,mid_missing,low_cv,1.7712183890652113,-0.08621737904620853,subnet_168h,"Mang con, 168h",transformer,355.0
,35.000306080056106,0.057750312459944074,0.057750312459944074,3192.0,35.98862666367523,0.07262000556342234,0.07262000556342234,3192.0,0.00042517006802722523,2352,316170368.0,408576830.0,366959277.2895112,0.8981401992208682,high,mid_missing,low_cv,-0.9883205836191209,-0.014869693103478264,subnet_168h,"Mang con, 168h",transformer,356.0
,75.15368526519168,0.40952550898291307,0.40952550898291307,3192.0,76.21995141885567,0.37315353437378107,0.37315353437378107,3192.0,0.002125850340136015,2352,56772736.0,567920830.0,1138077551.9378111,2.0039369711618735,mid,high_missing,mid_cv,-1.0662661536639888,0.036371974609131996,subnet_168h,"Mang con, 168h",transformer,357.0
,73.82023070943897,0.20698327261443353,0.20698327261443353,3192.0,72.54761016006243,0.2352686464419044,0.2352686464419044,3192.0,0.00042517006802722523,2352,73829864.0,163881700.0,266951199.246578,1.6289262667050872,high,mid_missing,mid_cv,1.2726205493765406,-0.028285373827470872,subnet_168h,"Mang con, 168h",transformer,358.0
,70.67654502938683,0.011614551068483766,0.011614551068483766,3192.0,68.83953006815476,0.025635849801196597,0.025635849801196597,3192.0,0.012755102040816313,2352,170183496.0,381653920.0,917523431.5862007,2.4040718135063326,high,high_missing,high_cv,1.8370149612320716,-0.014021298732712831,subnet_168h,"Mang con, 168h",transformer,359.0
,58.088655526719926,0.0084607554483322,0.0084607554483322,3192.0,58.17855894027889,0.012595348650420899,0.012595348650420899,3192.0,0.00042517006802722523,2352,89302976.0,187386780.0,224401059.02119175,1.1975287383190896,high,mid_missing,mid_cv,-0.08990341355896447,-0.004134593202088699,subnet_168h,"Mang con, 168h",transformer,360.0
,73.19895882474691,0.4538478288407168,0.4538478288407168,3192.0,77.66724143335375,0.31829551541578505,0.31829551541578505,3192.0,0.0008503401360544505,2352,1366778.0,10533142.0,16815179.879069697,1.5964068346434233,mid,high_missing,mid_cv,-4.468282608606842,0.13555231342493174,subnet_168h,"Mang con, 168h",transformer,361.0
,58.05444427494566,0.2463212013939758,0.2463212013939758,3192.0,58.83322298637552,0.2588958657623239,0.2588958657623239,3192.0,0.00042517006802722523,2352,387628352.0,663166660.0,740359967.572407,1.116401074864064,high,mid_missing,low_cv,-0.7787787114298581,-0.01257466436834806,subnet_168h,"Mang con, 168h",transformer,362.0
,56.20433955008101,0.12842596738071824,0.12842596738071824,3192.0,59.26345565742324,0.11857106563717283,0.11857106563717283,3192.0,0.00042517006802722523,2352,1730653312.0,3288641800.0,4472636950.8429985,1.360025577040103,high,mid_missing,mid_cv,-3.059116107342234,0.009854901743545405,subnet_168h,"Mang con, 168h",transformer,363.0
,38.321106499195004,-0.2780518136295438,-0.2780518136295438,3192.0,42.09066610420694,-0.49904799117017623,-0.49904799117017623,3192.0,0.00042517006802722523,2352,4613.0,6209.101,30966.650743360013,4.987300153952855,low,mid_missing,high_cv,-3.769559605011935,0.22099617754063244,subnet_168h,"Mang con, 168h",transformer,364.0
,119.349488765005,-0.023405376202814732,-0.023405376202814732,3192.0,119.67912093090615,-0.02283950964556063,-0.02283950964556063,3192.0,0.00042517006802722523,2352,4078614.0,36631188.0,108396504.99451911,2.959131573743093,mid,mid_missing,high_cv,-0.3296321659011454,-0.0005658665572541022,subnet_168h,"Mang con, 168h",transformer,365.0
,118.19549937264195,,,1.0,120.26109671489216,,,1.0,0.5310374149659864,2352,6549.0,10847.581,45358.827534629134,4.181469334587594,low,high_missing,high_cv,-2.0655973422502143,,subnet_168h,"Mang con, 168h",transformer,366.0
,69.38684231153466,0.15046382908833236,0.15046382908833236,3192.0,62.00691631269086,0.23119197974553038,0.23119197974553038,3192.0,0.0029761904761904656,2352,709697600.0,1071866000.0,1138917878.2838142,1.0625562293091804,high,high_missing,low_cv,7.379925998843802,-0.08072815065719802,subnet_168h,"Mang con, 168h",transformer,367.0
,77.46290174823783,0.3126911289553504,0.3126911289553504,3192.0,78.09388515486867,0.31061623879909245,0.31061623879909245,3192.0,0.00042517006802722523,2352,12306601.0,271198000.0,706068999.9106858,2.6035183085951696,mid,mid_missing,high_cv,-0.6309834066308468,0.002074890156257947,subnet_168h,"Mang con, 168h",transformer,368.0
,113.36089647989392,0.13059974939614125,0.13059974939614125,1916.0,152.1131701111323,0.22280644739695318,0.22280644739695318,1916.0,0.00042517006802722523,2352,10020610.0,168931000.0,337547108.860036,1.9981358831413356,mid,mid_missing,mid_cv,-38.75227363123837,-0.09220669800081194,subnet_168h,"Mang con, 168h",transformer,369.0
,64.23311752283514,0.21684500408799248,0.21684500408799248,3192.0,63.393249941659825,0.28021981484735203,0.28021981484735203,3192.0,0.00042517006802722523,2352,266214528.0,422466080.0,568643810.3510723,1.3460105728513692,high,mid_missing,mid_cv,0.8398675811753193,-0.06337481075935955,subnet_168h,"Mang con, 168h",transformer,370.0
,58.469364155438136,0.1283538978241402,0.1283538978241402,3192.0,58.41183835918619,0.13658338519221733,0.13658338519221733,3192.0,0.00042517006802722523,2352,29567384.0,86942344.0,253809930.71478954,2.91929017596753,mid,mid_missing,high_cv,0.05752579625194443,-0.008229487368077132,subnet_168h,"Mang con, 168h",transformer,371.0
,85.82611065990075,0.28096265039967655,0.28096265039967655,3192.0,85.12398487195192,0.2999038792578894,0.2999038792578894,3192.0,0.00042517006802722523,2352,222879808.0,408173000.0,527351714.70192283,1.2919809125977715,high,mid_missing,mid_cv,0.7021257879488303,-0.018941228858212866,subnet_168h,"Mang con, 168h",transformer,372.0
,77.10886004584688,0.3638390463269867,0.3638390463269867,3192.0,83.37131264337825,0.356337510442825,0.356337510442825,3192.0,0.00042517006802722523,2352,18885668.0,200041490.0,352402484.1891597,1.7616469848952518,mid,mid_missing,mid_cv,-6.2624525975313645,0.007501535884161692,subnet_168h,"Mang con, 168h",transformer,373.0
,69.49815498473208,0.0932057607649801,0.0932057607649801,3192.0,69.14321674307348,0.1758776024301136,0.1758776024301136,3192.0,0.00042517006802722523,2352,11607991.0,26488070.0,47406788.126649365,1.7897411221976296,mid,mid_missing,mid_cv,0.35493824165860133,-0.0826718416651335,subnet_168h,"Mang con, 168h",transformer,374.0
,88.71475631300778,-0.17734560439241875,-0.17734560439241875,3192.0,91.60692415513569,-0.5787547320878966,-0.5787547320878966,3192.0,0.00042517006802722523,2352,8257726.0,29870136.0,36958180.992308594,1.2372953706105856,mid,mid_missing,mid_cv,-2.892167842127904,0.4014091276954779,subnet_168h,"Mang con, 168h",transformer,375.0
,25.162632987435813,0.4389727038209121,0.4389727038209121,3192.0,26.899831681847946,0.4152659862742136,0.4152659862742136,3192.0,0.00042517006802722523,2352,74101.0,108262.78,70507.27774739916,0.6512605434048847,low,mid_missing,low_cv,-1.7371986944121325,0.023706717546698453,subnet_168h,"Mang con, 168h",transformer,376.0
,86.35131316404302,0.15599399311884074,0.15599399311884074,3192.0,85.10716578922626,0.16980930499118077,0.16980930499118077,3192.0,0.00042517006802722523,2352,116991576.0,192076560.0,497975706.8321326,2.5925896779499413,high,mid_missing,high_cv,1.2441473748167624,-0.01381531187234003,subnet_168h,"Mang con, 168h",transformer,377.0
,84.76506263292303,0.37029588020518034,0.37029588020518034,3192.0,85.36848494851823,0.25300097669913335,0.25300097669913335,3192.0,0.00042517006802722523,2352,31980364.0,543762600.0,1130973836.5672162,2.079903595152609,mid,mid_missing,mid_cv,-0.6034223155951963,0.11729490350604699,subnet_168h,"Mang con, 168h",transformer,378.0
,78.31548093789384,0.055974090023362365,0.055974090023362365,3192.0,78.79669465573839,0.11119330972145697,0.11119330972145697,3192.0,0.005952380952380931,2352,1505558.5,145371710.0,552094660.4461813,3.7978135694390205,mid,high_missing,high_cv,-0.4812137178445539,-0.0552192196980946,subnet_168h,"Mang con, 168h",transformer,379.0
,83.98362800975694,0.2854885396766986,0.2854885396766986,3192.0,84.13051181833798,0.14039427510727936,0.14039427510727936,3192.0,0.00042517006802722523,2352,135736064.0,328909280.0,388344406.33742553,1.1807037075312241,high,mid_missing,mid_cv,-0.14688380858103756,0.14509426456941926,subnet_168h,"Mang con, 168h",transformer,380.0
,84.25933065586129,0.22455886838623082,0.22455886838623082,3192.0,83.30121826027157,0.2527750442555614,0.2527750442555614,3192.0,0.0012755102040816757,2352,8033899.0,68276890.0,153585897.82950768,2.2494566218294496,mid,high_missing,high_cv,0.9581123955897226,-0.02821617586933059,subnet_168h,"Mang con, 168h",transformer,381.0
,86.67815347154635,0.32262317903973775,0.32262317903973775,3192.0,86.56655010044238,0.16958703314959409,0.16958703314959409,3192.0,0.00042517006802722523,2352,4089158.0,136572580.0,301346602.49565965,2.2064942415354283,mid,mid_missing,mid_cv,0.11160337110396767,0.15303614589014367,subnet_168h,"Mang con, 168h",transformer,382.0
,90.61726105760495,0.19605943563739717,0.19605943563739717,3191.0,92.66848322660958,-0.5548780560027948,-0.5548780560027948,3191.0,0.008928571428571397,2352,560994880.0,922682400.0,938298896.963865,1.0169251407694235,high,high_missing,low_cv,-2.0512221690046317,0.750937491640192,subnet_168h,"Mang con, 168h",transformer,383.0
,63.023996647507744,0.1305652451248928,0.1305652451248928,3192.0,61.777874033808956,0.16092788282323597,0.16092788282323597,3192.0,0.00042517006802722523,2352,105350720.0,170235070.0,230033910.74263582,1.3512721441010453,high,mid_missing,mid_cv,1.2461226136987875,-0.030362637698343187,subnet_168h,"Mang con, 168h",transformer,384.0
,74.67965224792466,0.16571831357997327,0.16571831357997327,3192.0,77.48637176777311,0.1660255291335088,0.1660255291335088,3192.0,0.00042517006802722523,2352,29449300.0,93910950.0,187938857.46142104,2.0012453655184013,mid,mid_missing,mid_cv,-2.8067195198484427,-0.00030721555353552255,subnet_168h,"Mang con, 168h",transformer,385.0
,66.84840179020301,0.09026323314908442,0.09026323314908442,3192.0,66.39958261868289,0.1378447114859121,0.1378447114859121,3192.0,0.00042517006802722523,2352,170544304.0,255215630.0,283962304.89940447,1.1126368031383143,high,mid_missing,low_cv,0.4488191715201282,-0.04758147833682767,subnet_168h,"Mang con, 168h",transformer,386.0
,39.54807183101292,0.13391361934910806,0.13391361934910806,3192.0,37.817223342551635,0.18080119012979176,0.18080119012979176,3192.0,0.00042517006802722523,2352,1282029184.0,1508624400.0,1132582521.7859077,0.7507385760151599,high,mid_missing,low_cv,1.7308484884612838,-0.0468875707806837,subnet_168h,"Mang con, 168h",transformer,387.0
,74.87998398135925,0.263908876559887,0.263908876559887,3192.0,73.55220487256385,0.31831234423160865,0.31831234423160865,3192.0,0.00042517006802722523,2352,4747801.0,80467100.0,199140453.80697665,2.474805776618687,mid,mid_missing,high_cv,1.3277791087953972,-0.05440346767172166,subnet_168h,"Mang con, 168h",transformer,388.0
,75.11759968924234,0.32628854626767756,0.32628854626767756,3192.0,74.13168510606522,0.3878755339440973,0.3878755339440973,3192.0,0.00042517006802722523,2352,4038943.0,43048310.0,85967200.6914308,1.9969935334846767,mid,mid_missing,mid_cv,0.9859145831771201,-0.061586987676419735,subnet_168h,"Mang con, 168h",transformer,389.0
,39.283179260745534,0.10691906188432666,0.10691906188432666,3192.0,49.89123105138279,-0.021152803182423168,-0.021152803182423168,3192.0,0.00042517006802722523,2352,18601.0,22677.746,26106.53619039054,1.1511962468609487,low,mid_missing,mid_cv,-10.608051790637255,0.12807186506674983,subnet_168h,"Mang con, 168h",transformer,390.0
,82.32324827298457,0.019869383943676464,0.019869383943676464,3191.0,90.64198102654115,0.03863577260404453,0.03863577260404453,3191.0,0.00042517006802722523,2352,2971676.0,53449790.0,205963990.89721707,3.853410522106748,mid,mid_missing,high_cv,-8.318732753556574,-0.018766388660368064,subnet_168h,"Mang con, 168h",transformer,391.0
,51.39068828965862,0.011897446222485666,0.011897446222485666,3192.0,57.252117716697,-0.10034717125024047,-0.10034717125024047,3192.0,0.00042517006802722523,2352,16672.0,18654.104,12479.791895651211,0.669010541578582,low,mid_missing,low_cv,-5.861429427038381,0.11224461747272613,subnet_168h,"Mang con, 168h",transformer,392.0
,85.96033142174939,-0.026384280694330367,-0.026384280694330367,3192.0,93.32901566160096,-0.029419697667547966,-0.029419697667547966,3192.0,0.00042517006802722523,2352,9709383.0,70829576.0,198859889.95499668,2.8075826679379907,mid,mid_missing,high_cv,-7.368684239851575,0.0030354169732175994,subnet_168h,"Mang con, 168h",transformer,393.0
,45.91194152819424,0.001874652510755113,0.001874652510755113,3192.0,47.75779242440203,-0.0012569492221045,-0.0012569492221045,3192.0,0.0012755102040816757,2352,15400637.0,17032024.0,9119869.69748456,0.5354542535569795,mid,high_missing,low_cv,-1.8458508962077858,0.0031316017328596128,subnet_168h,"Mang con, 168h",transformer,394.0
,81.47152241512741,0.3791494845640095,0.3791494845640095,3192.0,80.462296033068,0.40956076391202384,0.40956076391202384,3192.0,0.00042517006802722523,2352,7829216.0,168781390.0,370673736.33430153,2.1961765567989957,mid,mid_missing,mid_cv,1.0092263820594098,-0.030411279348014353,subnet_168h,"Mang con, 168h",transformer,395.0
,82.30480631662329,0.0527036672134669,0.0527036672134669,3192.0,82.55448374093349,0.071418695697419,0.071418695697419,3192.0,0.00042517006802722523,2352,318048.0,12483672.0,37573348.6249574,3.0097994103784047,low,mid_missing,high_cv,-0.24967742431020667,-0.018715028483952102,subnet_168h,"Mang con, 168h",transformer,396.0
,83.80842384170388,0.056002849430734136,0.056002849430734136,3192.0,87.32469148789666,0.048395553743910996,0.048395553743910996,3192.0,0.00042517006802722523,2352,3067054.0,54265676.0,208381373.0529371,3.840021693509118,mid,mid_missing,high_cv,-3.516267646192773,0.00760729568682314,subnet_168h,"Mang con, 168h",transformer,397.0
,53.16480075195367,0.20729365334596092,0.20729365334596092,3192.0,52.222914911988,0.22822799025391202,0.22822799025391202,3192.0,0.00042517006802722523,2352,634453120.0,1049892300.0,1290089069.459709,1.2287823086283198,high,mid_missing,mid_cv,0.9418858399656713,-0.0209343369079511,subnet_168h,"Mang con, 168h",transformer,398.0
,61.36634011758995,0.1558967643276459,0.1558967643276459,3192.0,63.34530977544605,0.19770662015556972,0.19770662015556972,3192.0,0.0025510204081632404,2352,648681184.0,882162500.0,1051195633.9571444,1.1916122468633539,high,high_missing,mid_cv,-1.9789696578560978,-0.04180985582792382,subnet_168h,"Mang con, 168h",transformer,399.0
,86.31293504169578,0.016796555792732298,0.016796555792732298,3192.0,84.02691509791283,0.054686033123003,0.054686033123003,3192.0,0.00042517006802722523,2352,166351952.0,216285340.0,213899828.60813215,0.9889705176146015,high,mid_missing,low_cv,2.2860199437829465,-0.037889477330270704,subnet_168h,"Mang con, 168h",transformer,400.0
,66.14018669130576,0.1254726732566427,0.1254726732566427,3192.0,66.70748572537724,0.1289984454632081,0.1289984454632081,3192.0,0.00042517006802722523,2352,336944960.0,696116000.0,1057176511.0252012,1.5186787254177758,high,mid_missing,mid_cv,-0.5672990340714819,-0.0035257722065653863,subnet_168h,"Mang con, 168h",transformer,401.0
,47.389641265156534,0.08004136761540817,0.08004136761540817,3192.0,46.80757241396575,0.13791396175242013,0.13791396175242013,3192.0,0.00042517006802722523,2352,990889664.0,1181070800.0,912155532.1413983,0.7723122907368537,high,mid_missing,low_cv,0.5820688511907832,-0.05787259413701196,subnet_168h,"Mang con, 168h",transformer,402.0
,64.423350251929,-0.07734875435395984,-0.07734875435395984,3192.0,61.07409681861147,0.060347582060424204,0.060347582060424204,3192.0,0.00042517006802722523,2352,511791104.0,662049540.0,583220383.9740869,0.8809316407014095,high,mid_missing,low_cv,3.3492534333175215,-0.13769633641438406,subnet_168h,"Mang con, 168h",transformer,403.0
,41.06841491908341,-0.0020085887959404667,-0.0020085887959404667,3192.0,43.64204091785523,0.0049357397287950995,0.0049357397287950995,3192.0,0.00042517006802722523,2352,6120.0,8010.964,48725.60964200496,6.082365424413231,low,mid_missing,high_cv,-2.573625998771824,-0.006944328524735566,subnet_168h,"Mang con, 168h",transformer,404.0
,71.46860492264666,0.06678284647476164,0.06678284647476164,3192.0,69.60114847955116,0.07927627480388263,0.07927627480388263,3192.0,0.00042517006802722523,2352,56993580.0,139098910.0,295367210.1353517,2.1234329290465745,mid,mid_missing,mid_cv,1.8674564430955058,-0.012493428329120995,subnet_168h,"Mang con, 168h",transformer,405.0
,53.71832331640585,0.18649040709319456,0.18649040709319456,3192.0,52.92522835316122,0.221021209619551,0.221021209619551,3192.0,0.00042517006802722523,2352,205235328.0,311161600.0,318685678.2397581,1.0241806130311648,high,mid_missing,low_cv,0.7930949632446271,-0.03453080252635643,subnet_168h,"Mang con, 168h",transformer,406.0
,96.34075450434273,-0.24054287617253078,-0.24054287617253078,3192.0,97.18364738456262,-0.20001883551554248,-0.20001883551554248,3192.0,0.00042517006802722523,2352,461794240.0,612505340.0,581145263.1084918,0.9488003146442617,high,mid_missing,low_cv,-0.8428928802198925,-0.04052404065698831,subnet_168h,"Mang con, 168h",transformer,407.0
,101.43351553077427,0.08161282926627826,0.08161282926627826,3192.0,101.16062085309615,0.08396712997910354,0.08396712997910354,3192.0,0.00042517006802722523,2352,92457352.0,990033150.0,2145217808.4613035,2.1668141153936866,high,mid_missing,mid_cv,0.27289467767812425,-0.0023543007128252746,subnet_168h,"Mang con, 168h",transformer,408.0
,86.10531813551309,0.17254375200817426,0.17254375200817426,3192.0,86.88469505563855,-0.13242258020829986,-0.13242258020829986,3192.0,0.00042517006802722523,2352,449388160.0,917257200.0,1213264033.3410227,1.32270862761032,high,mid_missing,mid_cv,-0.7793769201254577,0.3049663322164741,subnet_168h,"Mang con, 168h",transformer,409.0
,45.08973451242006,0.12645449902231964,0.12645449902231964,3192.0,45.18846566251192,0.1276557149554389,0.1276557149554389,3192.0,0.00042517006802722523,2352,512889472.0,678268200.0,664753320.5191938,0.980074396820326,high,mid_missing,low_cv,-0.09873115009186506,-0.001201215933119254,subnet_168h,"Mang con, 168h",transformer,410.0
,60.45494804637077,0.014731255487793402,0.014731255487793402,3192.0,58.50655176693052,0.0087494224591397,0.0087494224591397,3192.0,0.00042517006802722523,2352,144122608.0,221985020.0,350213134.46685857,1.57764306869124,high,mid_missing,mid_cv,1.9483962794402458,0.005981833028653702,subnet_168h,"Mang con, 168h",transformer,411.0
,72.96583867240155,0.14011961729875935,0.14011961729875935,3192.0,94.82393172580818,-0.3377310515197693,-0.3377310515197693,3192.0,0.00042517006802722523,2352,22598084.0,149213840.0,336662115.06682044,2.256239200511296,mid,mid_missing,high_cv,-21.858093053406634,0.47785066881852867,subnet_168h,"Mang con, 168h",transformer,412.0
,42.4159908275442,0.21226779506993412,0.21226779506993412,3192.0,42.26231507191088,0.21301992195893996,0.21301992195893996,3192.0,0.00042517006802722523,2352,672248640.0,788877630.0,554617364.2537848,0.7030461275061032,high,mid_missing,low_cv,0.1536757556333157,-0.000752126889005833,subnet_168h,"Mang con, 168h",transformer,413.0
,57.92041793097045,0.20100283388416448,0.20100283388416448,3192.0,59.22090859163063,0.2112105677822054,0.2112105677822054,3192.0,0.00042517006802722523,2352,46542760.0,115280216.0,249131423.09712484,2.161094346814243,mid,mid_missing,mid_cv,-1.3004906606601807,-0.010207733898040916,subnet_168h,"Mang con, 168h",transformer,414.0
,73.97888588896127,0.09092557229546977,0.09092557229546977,3192.0,75.00657923241965,0.08471410951832233,0.08471410951832233,3192.0,0.00042517006802722523,2352,27444258.0,74412970.0,288325966.58242416,3.874673653420519,mid,mid_missing,high_cv,-1.027693343458381,0.0062114627771474445,subnet_168h,"Mang con, 168h",transformer,415.0
,54.407620554833414,0.15974262350568122,0.15974262350568122,3192.0,55.02329317998414,0.17126385387623377,0.17126385387623377,3192.0,0.00042517006802722523,2352,539226752.0,815830200.0,901747989.1480016,1.1053133118944298,high,mid_missing,low_cv,-0.6156726251507223,-0.011521230370552554,subnet_168h,"Mang con, 168h",transformer,416.0
,81.3766404584844,0.007864208246424332,0.007864208246424332,3192.0,78.76452404914673,0.041766131211653866,0.041766131211653866,3192.0,0.00042517006802722523,2352,116166704.0,189987070.0,252275759.33452424,1.3278575046123362,high,mid_missing,mid_cv,2.6121164093376734,-0.033901922965229536,subnet_168h,"Mang con, 168h",transformer,417.0
,84.57120833418135,-0.0016590390022775334,-0.0016590390022775334,3189.0,90.39954828286538,-0.0147900163584972,-0.0147900163584972,3189.0,0.00042517006802722523,2352,16580921.0,59832124.0,299786023.35530686,5.010452635031089,mid,mid_missing,high_cv,-5.828339948684032,0.013130977356219667,subnet_168h,"Mang con, 168h",transformer,418.0
,79.65176080001852,-0.05011427557166167,-0.05011427557166167,3190.0,80.35129958780318,-0.0342596887600868,-0.0342596887600868,3190.0,0.00042517006802722523,2352,128420672.0,474203940.0,1097385757.8925266,2.314164169848912,high,mid_missing,high_cv,-0.699538787784661,-0.015854586811574867,subnet_168h,"Mang con, 168h",transformer,419.0
,37.815592092978825,-0.0948647017537574,-0.0948647017537574,3192.0,37.150760900812976,-0.0893408804406084,-0.0893408804406084,3192.0,0.00042517006802722523,2352,26399.0,28512.762,48004.23184486949,1.6836051280610218,low,mid_missing,mid_cv,0.664831192165849,-0.005523821313149005,subnet_168h,"Mang con, 168h",transformer,420.0
,123.24476603157814,0.05391300212379874,0.05391300212379874,2963.0,118.81257090071244,-0.5232378662002128,-0.27012373247192584,2963.0,0.04251700680272108,2352,177240.0,47568532.0,128176307.82877979,2.6945609300867175,low,high_missing,high_cv,4.4321951308656935,0.5771508683240116,subnet_168h,"Mang con, 168h",transformer,421.0
,86.24629911196799,0.10292730152115957,0.10292730152115957,3192.0,82.84670771424078,0.12566537754149257,0.12566537754149257,3192.0,0.00042517006802722523,2352,10641824.0,62576936.0,125917683.37907135,2.0122059568252326,mid,mid_missing,mid_cv,3.3995913977272068,-0.022738076020332995,subnet_168h,"Mang con, 168h",transformer,422.0
,101.15829849409972,0.03503924827351746,0.03503924827351746,3192.0,102.30584265810978,0.054752919310992666,0.054752919310992666,3192.0,0.00042517006802722523,2352,24112792.0,115261200.0,366908791.504302,3.1832810304274295,mid,mid_missing,high_cv,-1.147544164010057,-0.019713671037475206,subnet_168h,"Mang con, 168h",transformer,423.0
,66.33658319142583,0.13342948289651144,0.13342948289651144,3192.0,67.20399159396827,0.12963050843013876,0.12963050843013876,3192.0,0.00042517006802722523,2352,156656640.0,314381630.0,516099490.6533627,1.6416337283132454,high,mid_missing,mid_cv,-0.8674084025424378,0.0037989744663726732,subnet_168h,"Mang con, 168h",transformer,424.0
,88.15805248098934,0.014575426350135234,0.014575426350135234,3192.0,93.22651061685976,0.03620874563710883,0.03620874563710883,3192.0,0.00042517006802722523,2352,52322540.0,155341140.0,228597026.05373475,1.4715807540749204,mid,mid_missing,mid_cv,-5.068458135870415,-0.021633319286973596,subnet_168h,"Mang con, 168h",transformer,425.0
,62.231101971415605,0.07616681075593577,0.07616681075593577,3192.0,61.94798124912359,0.18960431489522334,0.18960431489522334,3192.0,0.00042517006802722523,2352,122625296.0,318529570.0,418550656.50217164,1.3140088034218902,high,mid_missing,mid_cv,0.28312072229201135,-0.11343750413928756,subnet_168h,"Mang con, 168h",transformer,426.0
,56.60089064023279,0.0025133713300320333,0.0025133713300320333,3192.0,55.88027288358844,0.027229811159721035,0.027229811159721035,3192.0,0.00042517006802722523,2352,242286816.0,301579500.0,317351369.00548196,1.0522975919551993,high,mid_missing,low_cv,0.7206177566443515,-0.024716439829689,subnet_168h,"Mang con, 168h",transformer,427.0
,41.694667896984726,-1.3614219508421437,-1.0,3192.0,52.319032571228355,-1.0085569548824296,-0.9416857551992743,3192.0,0.00042517006802722523,2352,23462.0,58383.082,59265.8089591559,1.0151195671279123,low,mid_missing,low_cv,-10.62436467424363,-0.3528649959597141,subnet_168h,"Mang con, 168h",transformer,428.0
,37.57467379216695,0.005926836722822533,0.005926836722822533,3192.0,40.4884215355623,0.0007574445689516334,0.0007574445689516334,3192.0,0.00042517006802722523,2352,6024.0,6308.1436,2430.1374589169213,0.38523813509461396,low,mid_missing,low_cv,-2.913747743395355,0.0051693921538709,subnet_168h,"Mang con, 168h",transformer,429.0
,42.59153084644763,-0.06582410644747193,-0.06582410644747193,3189.0,48.118011017003404,-0.2084215093213215,-0.2084215093213215,3189.0,0.0008503401360544505,2352,2702.0,3130.2046,10177.195880037425,3.2512877634447013,low,high_missing,high_cv,-5.526480170555772,0.1425974028738496,subnet_168h,"Mang con, 168h",transformer,430.0
,46.16434049926821,-0.1345185194708169,-0.1345185194708169,3190.0,51.37340645663242,-0.26256942808248723,-0.26256942808248723,3190.0,0.0008503401360544505,2352,2592.0,3028.0154,12104.144327572409,3.9973853515027904,low,high_missing,high_cv,-5.20906595736421,0.12805090861167034,subnet_168h,"Mang con, 168h",transformer,431.0
,55.19197698634728,-0.0026397732776362332,-0.0026397732776362332,3192.0,55.58433554625977,-0.0064686407036957,-0.0064686407036957,3192.0,0.00042517006802722523,2352,39615856.0,67152200.0,221040722.11571133,3.291637833395054,mid,mid_missing,high_cv,-0.3923585599124948,0.003828867426059467,subnet_168h,"Mang con, 168h",transformer,432.0
,98.05697033122028,0.15686933285860868,0.15686933285860868,3192.0,95.99691388581523,-0.05604679334471021,-0.05604679334471021,3192.0,0.00042517006802722523,2352,2714966.0,179223490.0,509600049.54320097,2.8433775909059475,mid,mid_missing,high_cv,2.0600564454050527,0.2129161262033189,subnet_168h,"Mang con, 168h",transformer,433.0
,79.88914059821094,0.179208663604188,0.179208663604188,3192.0,81.37596369560963,0.1764607951016861,0.1764607951016861,3192.0,0.00042517006802722523,2352,5935142.0,37320324.0,74875746.80713375,2.006299484622206,mid,mid_missing,mid_cv,-1.486823097398684,0.002747868502501888,subnet_168h,"Mang con, 168h",transformer,434.0
,88.6787183715316,0.18289529033962548,0.18289529033962548,3192.0,96.58124164239537,0.14531312454588227,0.14531312454588227,3192.0,0.004251700680272141,2352,1642282.0,95934520.0,230618092.2418072,2.4039114621286184,mid,high_missing,high_cv,-7.902523270863767,0.03758216579374321,subnet_168h,"Mang con, 168h",transformer,435.0
,44.34531731509583,0.13649583930187043,0.13649583930187043,3192.0,54.356962824328384,-0.15044200626831924,-0.15044200626831924,3192.0,0.00042517006802722523,2352,8530974.0,11035918.0,16886130.703085184,1.5301065759173984,mid,mid_missing,mid_cv,-10.011645509232551,0.28693784557018964,subnet_168h,"Mang con, 168h",transformer,436.0
,45.72383261135038,-0.0379053383528459,-0.0379053383528459,3192.0,44.44387156703467,0.045598355035433635,0.045598355035433635,3192.0,0.00042517006802722523,2352,829556224.0,922555500.0,540655159.0458249,0.5860407827225671,high,mid_missing,low_cv,1.2799610443157121,-0.08350369338827954,subnet_168h,"Mang con, 168h",transformer,437.0
,59.99710630831319,0.3769279812725736,0.3769279812725736,3192.0,60.41180036142398,0.3861699229518584,0.3861699229518584,3192.0,0.00042517006802722523,2352,31727228.0,115847550.0,189365898.20753676,1.634612859212914,mid,mid_missing,mid_cv,-0.4146940531107859,-0.009241941679284826,subnet_168h,"Mang con, 168h",transformer,438.0
,70.83812621733206,0.1660162758192341,0.1660162758192341,3192.0,71.89624153573736,0.1731700036049161,0.1731700036049161,3192.0,0.00042517006802722523,2352,13088502.0,41985730.0,77031368.74178678,1.8347036579141078,mid,mid_missing,mid_cv,-1.0581153184052994,-0.007153727785682018,subnet_168h,"Mang con, 168h",transformer,439.0
,87.90823923297567,0.2911917761754078,0.2911917761754078,3192.0,87.07444556485409,0.28166298694728753,0.28166298694728753,3192.0,0.00042517006802722523,2352,12297068.0,107304104.0,224068199.35508636,2.088160573570293,mid,mid_missing,mid_cv,0.8337936681215865,0.009528789228120282,subnet_168h,"Mang con, 168h",transformer,440.0
,70.65058956943163,0.1856263485842882,0.1856263485842882,3190.0,70.80858612449944,0.19904243971659583,0.19904243971659583,3190.0,0.00042517006802722523,2352,7316683.0,39951250.0,94092775.94785681,2.3551899041516005,mid,mid_missing,high_cv,-0.15799655506781107,-0.013416091132307628,subnet_168h,"Mang con, 168h",transformer,441.0
,89.05022799497756,0.07003166667259585,0.07003166667259585,3192.0,89.80559798757685,0.0709927254511915,0.0709927254511915,3192.0,0.00042517006802722523,2352,1598875.0,39003664.0,83117242.02768315,2.1310111282797215,mid,mid_missing,mid_cv,-0.7553699925992845,-0.000961058778595647,subnet_168h,"Mang con, 168h",transformer,442.0
,105.43728260072523,0.04077929176764683,0.04077929176764683,3192.0,106.36546024050136,0.070872052792077,0.070872052792077,3192.0,0.00042517006802722523,2352,48293184.0,204241310.0,416915435.8923421,2.041288472982107,mid,mid_missing,mid_cv,-0.9281776397761377,-0.030092761024430176,subnet_168h,"Mang con, 168h",transformer,443.0
,78.83303820604638,0.34526499797974647,0.34526499797974647,3192.0,80.49484537791905,0.34093209381837974,0.34093209381837974,3192.0,0.00042517006802722523,2352,45729224.0,186641490.0,332550675.40674883,1.7817618096076733,mid,mid_missing,mid_cv,-1.6618071718726668,0.004332904161366724,subnet_168h,"Mang con, 168h",transformer,444.0
,77.91370862253984,0.17920512945361036,0.17920512945361036,3192.0,76.66077154159053,0.20286841532376676,0.20286841532376676,3192.0,0.00042517006802722523,2352,54627092.0,228762860.0,324579366.66253155,1.4188464027209047,mid,mid_missing,mid_cv,1.2529370809493088,-0.023663285870156398,subnet_168h,"Mang con, 168h",transformer,445.0
,92.96778764762928,0.014672018552944635,0.014672018552944635,3192.0,93.2848582328487,0.029828262668311203,0.029828262668311203,3192.0,0.00042517006802722523,2352,22587728.0,65253556.0,171029182.78071755,2.6209940616986076,mid,mid_missing,high_cv,-0.317070585219426,-0.015156244115366568,subnet_168h,"Mang con, 168h",transformer,446.0
,75.95664318944233,-0.10156388564059816,-0.10156388564059816,3192.0,71.70169414869345,-0.007730546042080733,-0.007730546042080733,3192.0,0.00042517006802722523,2352,271368192.0,397613730.0,480260233.8936831,1.2078562687193815,high,mid_missing,mid_cv,4.254949040748883,-0.09383333959851743,subnet_168h,"Mang con, 168h",transformer,447.0
,82.64673689238931,0.007001321505834701,0.007001321505834701,3192.0,84.36656924610061,0.023490760097572932,0.023490760097572932,3192.0,0.00042517006802722523,2352,130427008.0,293225660.0,503254490.97115225,1.7162702749345713,high,high_missing,mid_cv,-1.719832353711297,-0.01648943859173823,subnet_168h,"Mang con, 168h",transformer,448.0
,86.62112714574783,0.16153093849168035,0.16153093849168035,3168.0,108.11184905989664,0.09482056295200207,0.09482056295200207,3168.0,0.00042517006802722523,2352,106725912.0,356114050.0,792467070.8152537,2.2253181958585744,high,high_missing,mid_cv,-21.490721914148807,0.06671037553967828,subnet_168h,"Mang con, 168h",transformer,449.0
,93.20106285102018,-0.5035346033387863,-0.5035346033387863,3192.0,93.14126501958701,-0.24974399760140173,-0.24974399760140173,3192.0,0.00042517006802722523,2352,251951712.0,473082780.0,606114567.4775678,1.2812019121743559,high,high_missing,mid_cv,0.05979783143317263,-0.25379060573738454,subnet_168h,"Mang con, 168h",transformer,450.0
,96.39162196597887,-0.004986747214847333,-0.004986747214847333,3192.0,93.89129043526805,-0.0032565729096522,-0.0032565729096522,3192.0,0.00042517006802722523,2352,6153948.0,78815450.0,320611369.08608603,4.067874727884387,mid,high_missing,high_cv,2.500331530710824,-0.0017301743051951332,subnet_168h,"Mang con, 168h",transformer,451.0
,23.3480891427435,0.5042337250757895,0.5042337250757895,3192.0,23.026578752893766,0.5295114192480558,0.5295114192480558,3192.0,0.00042517006802722523,2352,222885.0,240342.12,121127.02702130955,0.5039775154742829,low,high_missing,low_cv,0.3215103898497347,-0.02527769417226633,subnet_168h,"Mang con, 168h",transformer,452.0
,64.17735496474069,0.20295392108907093,0.20295392108907093,3192.0,64.62110836967854,0.21852445214950214,0.21852445214950214,3192.0,0.00042517006802722523,2352,87328552.0,242015580.0,406362522.8698201,1.6790758518667133,high,high_missing,mid_cv,-0.4437534049378513,-0.015570531060431214,subnet_168h,"Mang con, 168h",transformer,453.0
,69.89865415316667,0.23450056675860162,0.23450056675860162,3189.0,72.51463253005863,0.2331218377674584,0.2331218377674584,3189.0,0.00042517006802722523,2352,36155936.0,166912370.0,346315893.6642641,2.07483662123986,mid,high_missing,mid_cv,-2.6159783768919596,0.0013787289911432188,subnet_168h,"Mang con, 168h",transformer,454.0
,91.34838011298655,0.2793889079922634,0.2793889079922634,3192.0,95.27302687257732,0.23147397189213934,0.23147397189213934,3192.0,0.00042517006802722523,2352,3446266.0,84397090.0,197785884.50499794,2.3435155073715097,mid,high_missing,high_cv,-3.9246467595907717,0.04791493610012407,subnet_168h,"Mang con, 168h",transformer,455.0
,96.78537548285924,0.07677519775174653,0.07677519775174653,3192.0,96.57977058330528,0.029057436466999334,0.029057436466999334,3192.0,0.00042517006802722523,2352,217171984.0,570976100.0,767147381.5581261,1.3435717255733082,high,high_missing,mid_cv,0.20560489955396122,0.047717761284747195,subnet_168h,"Mang con, 168h",transformer,456.0
,36.9268816255347,0.00010840621888033326,0.00010840621888033326,3172.0,39.69249032568395,-0.0023095936476726334,-0.0023095936476726334,3172.0,0.00042517006802722523,2352,162596.0,239730.94,2724879.27862413,11.366406468185318,low,high_missing,high_cv,-2.765608700149251,0.0024179998665529666,subnet_168h,"Mang con, 168h",transformer,457.0
,52.278542847843404,-0.13811848751032146,-0.13811848751032146,3188.0,48.738839781789856,0.0815532616774987,0.0815532616774987,3188.0,0.00042517006802722523,2352,1201239424.0,1318296200.0,786530255.2237921,0.5966263575642583,high,high_missing,low_cv,3.539703066053548,-0.21967174918782018,subnet_168h,"Mang con, 168h",transformer,458.0
,38.81239334261927,-0.09111959272266723,-0.09111959272266723,3192.0,47.124587293418614,-0.4993168887587512,-0.4993168887587512,3192.0,0.00042517006802722523,2352,4464.0,4623.091,1508.1849105719298,0.3262287004930574,low,high_missing,low_cv,-8.31219395079934,0.40819729603608396,subnet_168h,"Mang con, 168h",transformer,459.0
,57.017874291043334,0.23973230770070933,0.23973230770070933,3192.0,55.659133835494174,0.2884647739760427,0.2884647739760427,3192.0,0.00042517006802722523,2352,93618456.0,196362020.0,236474463.52859405,1.20427803882699,high,high_missing,mid_cv,1.3587404555491602,-0.04873246627533337,subnet_168h,"Mang con, 168h",transformer,460.0
,76.9929070381982,-0.0114629226544767,-0.0114629226544767,3181.0,78.54587185473467,-0.011051456338599502,-0.011051456338599502,3181.0,0.038690476190476164,2352,51833.0,121863.6,534798.2394565949,4.388498555758782,low,high_missing,high_cv,-1.5529648165364733,-0.0004114663158771986,subnet_168h,"Mang con, 168h",transformer,461.0
,83.46952928419434,-0.0075741447150173,-0.0075741447150173,3154.0,85.81699657740769,-0.007652558986180833,-0.007652558986180833,3154.0,0.00170068027210879,2352,3164.5,54126.6,494652.31556266843,9.13880238705719,low,high_missing,high_cv,-2.347467293213356,7.841427116353234e-05,subnet_168h,"Mang con, 168h",transformer,462.0
,90.60969906544547,0.030572522093743133,0.030572522093743133,3192.0,95.67454641882388,-0.0042133393138969666,-0.0042133393138969666,3192.0,0.0012755102040816757,2352,28593004.0,161132130.0,650715534.6463255,4.038397200627335,mid,high_missing,high_cv,-5.064847353378411,0.0347858614076401,subnet_168h,"Mang con, 168h",transformer,463.0
,31.371224610298693,-0.053784937533969734,-0.053784937533969734,3192.0,34.999443709211455,-0.07038860202285384,-0.07038860202285384,3192.0,0.00042517006802722523,2352,238426128.0,273126430.0,140917048.6449988,0.5159407224453428,high,high_missing,low_cv,-3.628219098912762,0.016603664488884104,subnet_168h,"Mang con, 168h",transformer,464.0
,85.48785114149617,-0.0193038142156815,-0.0193038142156815,3192.0,86.78407723006286,0.013244247401093966,0.013244247401093966,3192.0,0.00042517006802722523,2352,24503388.0,111704390.0,279127607.7091612,2.498806024647278,mid,high_missing,high_cv,-1.2962260885666979,-0.03254806161677547,subnet_168h,"Mang con, 168h",transformer,465.0
,60.190750042839205,-0.0052978014798945,-0.0052978014798945,3174.0,60.65065193686178,-0.0039801401340268,-0.0039801401340268,3174.0,0.00170068027210879,2352,2088.0,3152.5588,17852.984472149168,5.663013884966723,low,high_missing,high_cv,-0.45990189402257187,-0.0013176613458677003,subnet_168h,"Mang con, 168h",transformer,466.0
,71.11368808027339,0.05103722139079714,0.05103722139079714,3192.0,70.17162491443885,0.060932804796496536,0.060932804796496536,3192.0,0.00042517006802722523,2352,15934020.0,38578376.0,95916814.57693638,2.486284403908977,mid,high_missing,high_cv,0.94206316583454,-0.009895583405699397,subnet_168h,"Mang con, 168h",transformer,467.0
,88.39880287222553,0.3491629843179455,0.3491629843179455,3191.0,90.54030977879036,0.13975816825300202,0.13975816825300202,3191.0,0.00042517006802722523,2352,32419728.0,209588130.0,394908469.4894719,1.8842120174357964,mid,high_missing,mid_cv,-2.1415069065648282,0.2094048160649435,subnet_168h,"Mang con, 168h",transformer,468.0
,73.79592222733699,-0.07016939636655821,-0.07016939636655821,3192.0,77.29447196927804,0.0095425205337124,0.0095425205337124,3192.0,0.00042517006802722523,2352,470172768.0,680461630.0,864878819.1028643,1.2710177597535202,high,high_missing,mid_cv,-3.498549741941048,-0.0797119169002706,subnet_168h,"Mang con, 168h",transformer,469.0
,76.86221461435504,0.3008098155207336,0.3008098155207336,3192.0,88.94415867766025,0.2722952111975846,0.2722952111975846,3192.0,0.00042517006802722523,2352,4321738.0,95106020.0,203588923.6016881,2.140652423098956,mid,high_missing,mid_cv,-12.081944063305215,0.028514604323149007,subnet_168h,"Mang con, 168h",transformer,470.0
,99.46537692780682,0.23912135695635037,0.23912135695635037,3192.0,107.75153539451138,0.011627391406785634,0.011627391406785634,3192.0,0.004251700680272141,2352,553442.0,2208522.2,4182661.5386228543,1.8938733982068119,low,high_missing,mid_cv,-8.286158466704563,0.22749396554956475,subnet_168h,"Mang con, 168h",transformer,471.0
,60.530736684123404,-9912083.28780653,-1.0,1537.0,186.40460498821926,-9982340.026928885,-1.0,1537.0,1.0,2352,,,,,,high_missing,low_cv,-125.87386830409585,70256.73912235536,subnet_168h,"Mang con, 168h",transformer,472.0
,55.12155358238645,-0.0741463685884311,-0.0741463685884311,3192.0,55.25348414806939,-0.030021399678461968,-0.030021399678461968,3192.0,0.00042517006802722523,2352,253914816.0,298500130.0,230528546.6671437,0.7722896074173332,high,high_missing,low_cv,-0.1319305656829428,-0.04412496890996913,subnet_168h,"Mang con, 168h",transformer,473.0
,90.22586749571012,0.14054483934256898,0.14054483934256898,3190.0,89.08566060534895,0.09799768566609374,0.09799768566609374,3190.0,0.00042517006802722523,2352,58796084.0,243689920.0,404520862.4080383,1.6599819246033578,mid,high_missing,mid_cv,1.1402068903611706,0.04254715367647524,subnet_168h,"Mang con, 168h",transformer,474.0
,61.665715030921525,0.2821350641601075,0.2821350641601075,3192.0,61.5206782853571,0.31599859493215987,0.31599859493215987,3192.0,0.00042517006802722523,2352,9050326.0,76618490.0,152879041.67901194,1.9953283557228634,mid,high_missing,mid_cv,0.14503674556442547,-0.0338635307720524,subnet_168h,"Mang con, 168h",transformer,475.0
,91.65931649717879,0.18405230559758987,0.18405230559758987,3192.0,96.29631259964805,0.17267083087758303,0.17267083087758303,3192.0,0.00042517006802722523,2352,7079859.0,67089420.0,149878014.00791228,2.234003722314372,mid,high_missing,mid_cv,-4.636996102469254,0.011381474720006834,subnet_168h,"Mang con, 168h",transformer,476.0
,84.74721384909931,0.2165489404422046,0.2165489404422046,3192.0,80.69390393547467,0.26890142037161663,0.26890142037161663,3192.0,0.00042517006802722523,2352,463451456.0,752484500.0,914369720.8124024,1.215134325178909,high,high_missing,mid_cv,4.053309913624645,-0.05235247992941203,subnet_168h,"Mang con, 168h",transformer,477.0
,76.43906700930772,0.4117735601928185,0.4117735601928185,3192.0,74.2128516629275,0.474566336103017,0.474566336103017,3192.0,0.00042517006802722523,2352,11333830.0,157552720.0,305965338.05041075,1.9419870253614837,mid,high_missing,mid_cv,2.226215346380215,-0.0627927759101985,subnet_168h,"Mang con, 168h",transformer,478.0
,58.93574907600932,0.44807313335073234,0.44807313335073234,3192.0,58.29888314787964,0.4449964767635762,0.4449964767635762,3192.0,0.00042517006802722523,2352,65360120.0,256960830.0,373223294.3585572,1.45245207782701,mid,high_missing,mid_cv,0.63686592812968,0.003076656587156168,subnet_168h,"Mang con, 168h",transformer,479.0
,71.27138194209621,-0.20204043638654248,-0.20204043638654248,3192.0,67.46159353545396,-0.06997333257061324,-0.06997333257061324,3192.0,0.00042517006802722523,2352,1041973568.0,1181858200.0,793708111.1776688,0.6715764440230676,high,high_missing,low_cv,3.809788406642255,-0.13206710381592923,subnet_168h,"Mang con, 168h",transformer,480.0
,73.37354803443067,-0.017162176548776033,-0.017162176548776033,3192.0,67.59121720413003,-0.021224347148599065,-0.021224347148599065,3192.0,0.00042517006802722523,2352,633280.0,18570278.0,114382931.23223744,6.159462514898132,mid,high_missing,high_cv,5.782330830300637,0.004062170599823032,subnet_168h,"Mang con, 168h",transformer,481.0
,62.95508024055352,-0.010721824415751667,-0.010721824415751667,3192.0,62.504710940073444,0.006760273911698367,0.006760273911698367,3192.0,0.00042517006802722523,2352,137660672.0,179628750.0,207307389.3913206,1.1540880125433404,high,high_missing,mid_cv,0.4503693004800766,-0.017482098327450034,subnet_168h,"Mang con, 168h",transformer,482.0
,45.88463929063848,0.31963078308519827,0.31963078308519827,3192.0,45.71687971363588,0.3297475897547913,0.3297475897547913,3192.0,0.00042517006802722523,2352,18391264.0,88899496.0,150730061.1236843,1.6955108623302464,mid,high_missing,mid_cv,0.1677595770025988,-0.010116806669593026,subnet_168h,"Mang con, 168h",transformer,483.0
,55.86747448547117,0.028726977946767696,0.028726977946767696,3192.0,54.17327957978487,0.06979586751604609,0.06979586751604609,3192.0,0.00042517006802722523,2352,396520192.0,495431520.0,525215117.8621516,1.0601164775752492,high,high_missing,low_cv,1.6941949056863024,-0.0410688895692784,subnet_168h,"Mang con, 168h",transformer,484.0
,40.15870611716898,0.09335574237481437,0.09335574237481437,3192.0,39.400770202495444,0.1775363047127334,0.1775363047127334,3192.0,0.00042517006802722523,2352,1324782336.0,1492722400.0,909561556.0480573,0.6093306676107199,high,high_missing,low_cv,0.7579359146735385,-0.08418056233791904,subnet_168h,"Mang con, 168h",transformer,485.0
,66.75259891793279,0.09532484878404517,0.09532484878404517,3188.0,66.62914065575762,0.10847516901053333,0.10847516901053333,3188.0,0.00042517006802722523,2352,12151447.0,97395770.0,252744926.67738283,2.5950298649257824,mid,high_missing,high_cv,0.12345826217516276,-0.013150320226488169,subnet_168h,"Mang con, 168h",transformer,486.0
,65.03938345462733,-0.023062093400469302,-0.023062093400469302,3192.0,65.67793554746542,0.009440455613273132,0.009440455613273132,3192.0,0.00042517006802722523,2352,134610032.0,192458610.0,212799543.30938384,1.1056899222163337,high,high_missing,low_cv,-0.638552092838097,-0.032502549013742436,subnet_168h,"Mang con, 168h",transformer,487.0
,90.51749836691431,-0.041519765129008936,-0.041519765129008936,3192.0,88.95138124625412,-0.026481384425582167,-0.026481384425582167,3192.0,0.00042517006802722523,2352,10773273.0,132409220.0,383683279.42719066,2.8977082639564204,mid,high_missing,high_cv,1.566117120660195,-0.015038380703426769,subnet_168h,"Mang con, 168h",transformer,488.0
,52.0647552886065,0.05383153175341287,0.05383153175341287,3192.0,52.279921113252264,0.11539361872708269,0.11539361872708269,3192.0,0.00042517006802722523,2352,330437728.0,414241730.0,391520818.61165035,0.9451506020456982,high,high_missing,low_cv,-0.21516582464576572,-0.06156208697366982,subnet_168h,"Mang con, 168h",transformer,489.0
,65.65461152704916,0.3641100035504041,0.3641100035504041,3192.0,66.23726709046716,0.343899004031787,0.343899004031787,3192.0,0.00042517006802722523,2352,42397460.0,135536980.0,217459300.2619896,1.6044278593170738,mid,high_missing,mid_cv,-0.5826555634180011,0.0202109995186171,subnet_168h,"Mang con, 168h",transformer,490.0
,75.80121939108753,-0.2121310151029546,-0.2121310151029546,3192.0,78.76571868846723,-0.7173089233259917,-0.5734780653682519,3192.0,0.0012755102040816757,2352,92704.0,130182.78,200644.5742047778,1.5412527853392886,low,high_missing,mid_cv,-2.964499297379703,0.5051779082230371,subnet_168h,"Mang con, 168h",transformer,491.0
,10.781761056926442,-0.3039099926800976,-0.3039099926800976,117.0,10.784360239227581,-0.11308666452672757,-0.11308666452672757,117.0,0.8779761904761905,2352,26252.0,34766.31,13041.552178658558,0.3751204170408549,low,high_missing,low_cv,-0.0025991823011395354,-0.19082332815337005,subnet_168h,"Mang con, 168h",transformer,492.0
,101.17289001979162,-0.06385886964694999,-0.06385886964694999,3192.0,113.31216305662178,-0.06020138298271286,-0.06020138298271286,3192.0,0.0012755102040816757,2352,31941578.0,707543550.0,2133811322.8326747,3.0158020899223383,mid,high_missing,high_cv,-12.139273036830161,-0.003657486664237132,subnet_168h,"Mang con, 168h",transformer,493.0
,70.93926388531389,0.0223903264209182,0.0223903264209182,3192.0,71.29102355553603,0.0285725372404534,0.0285725372404534,3192.0,0.00042517006802722523,2352,11378493.0,49481936.0,139124136.18266514,2.8116146502971335,mid,high_missing,high_cv,-0.35175967022213683,-0.006182210819535197,subnet_168h,"Mang con, 168h",transformer,494.0
,49.73269293612623,-0.0246392714139685,-0.0246392714139685,3192.0,52.645166855803346,-0.04727633193428557,-0.04727633193428557,3192.0,0.00042517006802722523,2352,620769088.0,712417400.0,457565804.25390524,0.6422720712825496,high,high_missing,low_cv,-2.9124739196771188,0.02263706052031707,subnet_168h,"Mang con, 168h",transformer,495.0
,94.44297726165712,0.25321603573235507,0.25321603573235507,3180.0,92.93807445938721,0.25749584348459015,0.25749584348459015,3180.0,0.00042517006802722523,2352,42381160.0,167487090.0,316264037.46536595,1.8882890689780572,mid,high_missing,mid_cv,1.5049028022699105,-0.004279807752235076,subnet_168h,"Mang con, 168h",transformer,496.0
,95.69444498923004,0.22105051688546093,0.22105051688546093,3192.0,95.43192212277224,0.22446653360885296,0.22446653360885296,3192.0,0.00042517006802722523,2352,6397306.0,108149100.0,202588897.1384739,1.873236944602647,mid,high_missing,mid_cv,0.2625228664578003,-0.0034160167233920347,subnet_168h,"Mang con, 168h",transformer,497.0
,101.51534597765495,-0.045150706232513604,-0.045150706232513604,3192.0,103.0966952146632,-0.0318177354240069,-0.0318177354240069,3192.0,0.00042517006802722523,2352,21466390.0,44949732.0,120254532.00858735,2.6753114347508755,mid,high_missing,high_cv,-1.5813492370082542,-0.013332970808506706,subnet_168h,"Mang con, 168h",transformer,498.0
,133.29988648424595,-0.009177825089520567,-0.009177825089520567,3192.0,137.42374706379883,-0.0084785899806493,-0.0084785899806493,3192.0,0.00042517006802722523,2352,2643248.0,19634980.0,110288416.4091579,5.616935510459288,mid,high_missing,high_cv,-4.123860579552883,-0.0006992351088712673,subnet_168h,"Mang con, 168h",transformer,499.0
,89.90602903237118,-0.11516020342149036,0.06663456459310897,3101.0,143.9176349460229,0.6617777339802643,0.6617777339802643,3101.0,0.00042517006802722523,2352,51743616.0,165346300.0,226952850.51525715,1.3725910106539614,mid,high_missing,mid_cv,-54.01160591365172,-0.7769379374017547,subnet_168h,"Mang con, 168h",transformer,500.0
,78.79177926701992,0.3419018994654393,0.3419018994654393,3192.0,80.7552300617038,0.42471533021319025,0.42471533021319025,3192.0,0.00042517006802722523,2352,9963894.0,209895650.0,460097371.05525047,2.1920291127486857,mid,high_missing,mid_cv,-1.9634507946838795,-0.08281343074775094,subnet_168h,"Mang con, 168h",transformer,501.0
,104.19475827709472,0.05214146981547257,0.05214146981547257,3192.0,105.37689877924691,0.05357124345060483,0.05357124345060483,3192.0,0.00042517006802722523,2352,7217621.0,40895524.0,89744687.67268544,2.194486801848668,mid,high_missing,mid_cv,-1.182140502152194,-0.0014297736351322615,subnet_168h,"Mang con, 168h",transformer,502.0
,90.3329506536212,0.2209014413286334,0.2209014413286334,3192.0,103.16944985773193,-0.05915917381406066,-0.05915917381406066,3192.0,0.005102040816326481,2352,806976.0,2720626.2,4499293.487384523,1.6537712548294803,mid,high_missing,mid_cv,-12.836499204110737,0.2800606151426941,subnet_168h,"Mang con, 168h",transformer,503.0
,96.55623643491447,0.05861552753297283,0.05861552753297283,3192.0,96.6359183846947,0.06927549430082809,0.06927549430082809,3192.0,0.00042517006802722523,2352,701619.0,28102938.0,70700671.32729112,2.515775088259139,mid,high_missing,high_cv,-0.07968194978023746,-0.010659966767855258,subnet_168h,"Mang con, 168h",transformer,504.0
,73.20977262961073,0.23922492699743514,0.23922492699743514,3192.0,71.33280145221123,0.2992495159108724,0.2992495159108724,3192.0,0.00042517006802722523,2352,39579836.0,135857260.0,251514663.08583727,1.851315532792102,mid,high_missing,mid_cv,1.876971177399497,-0.06002458891343726,subnet_168h,"Mang con, 168h",transformer,505.0
,99.2909349475907,-0.649566753770162,-0.19144741686255048,3192.0,101.05164163919072,0.048866361447634475,0.048866361447634475,3192.0,0.00042517006802722523,2352,1510723.0,81500056.0,217352871.15376696,2.6669045620504477,mid,high_missing,high_cv,-1.7607066916000207,-0.6984331152177965,subnet_168h,"Mang con, 168h",transformer,506.0
,94.27088480214934,0.033825532551404,0.033825532551404,3192.0,94.36083482603219,0.042638015147842996,0.042638015147842996,3192.0,0.0008503401360544505,2352,407319.5,28634728.0,74851053.2582196,2.6139956090457575,low,high_missing,high_cv,-0.08995002388284945,-0.008812482596438999,subnet_168h,"Mang con, 168h",transformer,507.0
,69.37101160347727,0.17697486533194226,0.17697486533194226,3192.0,70.65267605915449,0.18938862483844332,0.18938862483844332,3192.0,0.00042517006802722523,2352,10699468.0,62411830.0,199065529.77022246,3.1895479333185164,mid,high_missing,high_cv,-1.281664455677216,-0.01241375950650106,subnet_168h,"Mang con, 168h",transformer,508.0
,91.08949805488744,-1.1282830377413615,-0.9391156048143312,3192.0,91.32863258387293,-0.5003155207293576,-0.5003155207293576,3192.0,0.00042517006802722523,2352,1064082.0,26077914.0,66695960.34806724,2.5575650087682336,mid,high_missing,high_cv,-0.23913452898548826,-0.6279675170120039,subnet_168h,"Mang con, 168h",transformer,509.0
,85.7680966970848,-0.028176269650168933,-0.028176269650168933,3192.0,82.43500918072161,-0.016153181559944534,-0.016153181559944534,3192.0,0.00042517006802722523,2352,7993.0,4240141.5,24453338.768157464,5.767104415774206,low,high_missing,high_cv,3.333087516363193,-0.012023088090224399,subnet_168h,"Mang con, 168h",transformer,510.0
,48.47849645849207,0.008468292247082133,0.008468292247082133,3192.0,50.3090933099304,-0.019519269587712034,-0.019519269587712034,3192.0,0.00042517006802722523,2352,6728.0,7345.332,3800.473594874923,0.5173998368904467,low,high_missing,low_cv,-1.8305968514383295,0.027987561834794165,subnet_168h,"Mang con, 168h",transformer,511.0
,91.71998239874017,0.0657988957538597,0.0657988957538597,3192.0,91.0341868729211,0.0777761907334033,0.0777761907334033,3192.0,0.00042517006802722523,2352,4757107.0,26284620.0,54952812.07622625,2.090683147643993,mid,high_missing,mid_cv,0.6857955258190742,-0.011977294979543598,subnet_168h,"Mang con, 168h",transformer,512.0
,50.526712711795085,-0.08200136210151754,-0.08200136210151754,683.0,49.30230761504766,-0.034604981736946504,-0.034604981736946504,683.0,0.6721938775510203,2352,453.0,559.68225,379.98648155476207,0.678932520893314,low,high_missing,low_cv,1.2244050967474251,-0.047396380364571035,subnet_168h,"Mang con, 168h",transformer,513.0
,141.2665407212597,-0.36132701890717045,-0.36132701890717045,3192.0,143.3064661083905,-0.29245971763634887,-0.29245971763634887,3192.0,0.00042517006802722523,2352,102438840.0,319628350.0,367684899.7381068,1.1503513297159158,high,high_missing,mid_cv,-2.0399253871308076,-0.06886730127082158,subnet_168h,"Mang con, 168h",transformer,514.0
,85.97989231912153,-0.0134353170001738,-0.0134353170001738,3192.0,85.39164146153307,-0.013228134457949401,-0.013228134457949401,3192.0,0.0008503401360544505,2352,13692565.5,201559710.0,1467405622.8251097,7.280252627197194,mid,high_missing,high_cv,0.5882508575884628,-0.00020718254222439926,subnet_168h,"Mang con, 168h",transformer,515.0
,92.36635953301112,-0.0021617448114000667,-0.0021617448114000667,3174.0,97.4864866473953,-0.0044396700522026334,-0.0044396700522026334,3174.0,0.00042517006802722523,2352,693222.0,8658046.0,107421525.71924011,12.407132708608861,mid,high_missing,high_cv,-5.120127114384175,0.0022779252408025668,subnet_168h,"Mang con, 168h",transformer,516.0
,85.23289015866534,0.03126306313823493,0.03126306313823493,3190.0,86.1213724186429,0.04539087451698473,0.04539087451698473,3190.0,0.00042517006802722523,2352,5818241.0,78011450.0,255289929.20444596,3.2724675127738427,mid,high_missing,high_cv,-0.8884822599775646,-0.0141278113787498,subnet_168h,"Mang con, 168h",transformer,517.0
,84.7344280486393,-0.028892907281659733,-0.028892907281659733,3192.0,83.04316026548358,-0.029006519367164963,-0.029006519367164963,3192.0,0.00042517006802722523,2352,1389667.0,70738970.0,420848139.790218,5.949311273387788,mid,high_missing,high_cv,1.6912677831557232,0.00011361208550523041,subnet_168h,"Mang con, 168h",transformer,518.0
,75.2705753890237,-0.0045865811932399,-0.0045865811932399,3188.0,86.64307220962625,-0.006861118673354633,-0.006861118673354633,3188.0,0.00042517006802722523,2352,731725.0,24927994.0,379636164.1456223,15.229310635489655,mid,high_missing,high_cv,-11.37249682060255,0.0022745374801147328,subnet_168h,"Mang con, 168h",transformer,519.0
,111.66554786052204,0.005718490859968633,0.005718490859968633,3187.0,111.9152446455521,0.025439026575047336,0.025439026575047336,3187.0,0.3660714285714286,2352,1619015.0,22643432.0,57750823.228777155,2.550444792502177,mid,high_missing,high_cv,-0.24969678503005355,-0.019720535715078702,subnet_168h,"Mang con, 168h",transformer,520.0
,58.93210475754481,0.27931900418458544,0.27931900418458544,3192.0,57.796845789858175,0.2932559217382656,0.2932559217382656,3192.0,0.00042517006802722523,2352,18835216.0,78543544.0,244495957.84123245,3.112871477269124,mid,high_missing,high_cv,1.1352589676866387,-0.01393691755368015,subnet_168h,"Mang con, 168h",transformer,521.0
,57.15746720225929,-0.08541735835279686,-0.08541735835279686,3149.0,57.123493641833534,-0.0404635455846619,-0.0404635455846619,3149.0,0.004251700680272141,2352,2260.0,2595.4685,5290.396752258758,2.0383205345452944,low,high_missing,mid_cv,0.03397356042575694,-0.04495381276813496,subnet_168h,"Mang con, 168h",transformer,522.0
,31.099901233352863,0.30526707831582484,0.30526707831582484,3191.0,33.4051611783052,0.25140591228312864,0.25140591228312864,3191.0,0.00042517006802722523,2352,9381.0,9881.797,16760.80065610048,1.6961288385216358,low,high_missing,mid_cv,-2.3052599449523363,0.053861166032696195,subnet_168h,"Mang con, 168h",transformer,523.0
,61.50440528853798,-0.09812744809795683,-0.09812744809795683,3073.0,64.93402241000003,-0.12808670900959054,-0.12808670900959054,3073.0,0.007653061224489832,2352,1761.0,2029.3291,1248.0246453259526,0.6149937160833228,low,high_missing,low_cv,-3.4296171214620443,0.029959260911633714,subnet_168h,"Mang con, 168h",transformer,524.0
,26.160479009277875,-0.06732680569679277,-0.06732680569679277,3192.0,33.33884053545132,-0.8025782180739925,-0.7839952059878733,3192.0,0.00042517006802722523,2352,12362.0,12935.175,16835.166232214564,1.3015028004193472,low,high_missing,mid_cv,-7.178361526173443,0.7352514123771998,subnet_168h,"Mang con, 168h",transformer,525.0
,63.074361156927615,-0.04754720526488163,-0.04754720526488163,1777.0,62.67943217314041,0.004119492159208766,0.004119492159208766,1777.0,0.40093537414965985,2352,1677.0,1968.7034,1469.9566049548923,0.746662309820984,low,high_missing,low_cv,0.394928983787203,-0.0516666974240904,subnet_168h,"Mang con, 168h",transformer,526.0
,55.415025523105044,-0.08259507771798526,-0.08259507771798526,3143.0,57.64415398902191,-0.10671934003602664,-0.10671934003602664,3143.0,0.0046768707482993666,2352,2340.0,2548.1453,1418.0887388329656,0.5565180129446392,low,high_missing,low_cv,-2.2291284659168653,0.02412426231804138,subnet_168h,"Mang con, 168h",transformer,527.0
,119.05157149905206,-0.0037054396688493,-0.0037054396688493,3183.0,120.91275284642667,-0.004259965499706901,-0.004259965499706901,3183.0,0.0012755102040816757,2352,294648.0,2919100.2,39802283.83926902,13.635120561299331,low,high_missing,high_cv,-1.861181347374611,0.0005545258308576008,subnet_168h,"Mang con, 168h",transformer,528.0
,76.86844516401902,-0.8592806728939485,-0.8592806728939485,1711.0,143.52375680461688,-947.7256078827328,-1.0,1711.0,0.038690476190476164,2352,15653.0,4942389.0,75807447.93729107,15.338219621582006,low,high_missing,high_cv,-66.65531164059786,946.8663272098388,subnet_168h,"Mang con, 168h",transformer,529.0
,99.33467262237927,0.10786794613374857,0.10786794613374857,3192.0,99.38608007762836,0.12611249068282274,0.12611249068282274,3192.0,0.0008503401360544505,2352,460648.5,23338938.0,66149547.06481081,2.8342997896824103,low,high_missing,high_cv,-0.05140745524909107,-0.018244544549074163,subnet_168h,"Mang con, 168h",transformer,530.0
,42.90951369034004,-0.10303449801861574,-0.10303449801861574,3192.0,48.702882986372764,-0.3037096017904287,-0.3037096017904287,3192.0,0.00042517006802722523,2352,4256.0,4514.4067,5124.415353523586,1.1351248681403887,low,high_missing,low_cv,-5.793369296032722,0.20067510377181297,subnet_168h,"Mang con, 168h",transformer,531.0
,50.212668723531266,-0.08535691482346551,-0.08535691482346551,3077.0,52.07137139166746,-0.029448401631510437,-0.029448401631510437,3077.0,0.012755102040816313,2352,1100.0,1360.0961,4015.5500466723456,2.9524017730842536,low,high_missing,high_cv,-1.8587026681361962,-0.05590851319195507,subnet_168h,"Mang con, 168h",transformer,532.0
,86.06374616591455,0.0185383514362711,0.0185383514362711,3192.0,87.47686191492198,0.006445648890454534,0.006445648890454534,3192.0,0.022108843537414935,2352,1560179.5,31570354.0,98156380.00202972,3.1091314339405165,mid,high_missing,high_cv,-1.4131157490074315,0.012092702545816566,subnet_168h,"Mang con, 168h",transformer,533.0
,123.50998630028421,-0.13591537587077693,-0.13591537587077693,3192.0,125.33817019908425,-0.10711091480885704,-0.10711091480885704,3192.0,0.00042517006802722523,2352,8495350.0,47129588.0,112732145.77456304,2.3919611980177513,mid,high_missing,high_cv,-1.8281838988000345,-0.02880446106191989,subnet_168h,"Mang con, 168h",transformer,534.0
,38.29889503013114,-0.05107007681112683,-0.05107007681112683,3192.0,44.05227789989118,-0.2638056408585974,-0.2638056408585974,3192.0,0.00042517006802722523,2352,5240.0,5648.3257,10404.347012021599,1.8420232109211216,low,high_missing,mid_cv,-5.753382869760038,0.2127355640474706,subnet_168h,"Mang con, 168h",transformer,535.0
,30.315392798041746,-0.004171920464455618,-0.004171920464455618,3068.0,35.111547137929314,-0.0032806079284100668,-0.0032806079284100668,3068.0,0.00042517006802722523,2352,8110.0,8576.974,9080.167157787839,1.058667957547438,low,high_missing,low_cv,-4.796154339887568,-0.0008913125360455513,subnet_168h,"Mang con, 168h",transformer,536.0
,34.28562128289112,-0.05859033614596063,-0.05859033614596063,3192.0,40.96329200299579,-0.37234635576035874,-0.37234635576035874,3192.0,0.1071428571428571,2352,2795.0,3208.0542,9751.30612987794,3.0396326010491506,low,high_missing,high_cv,-6.677670720104672,0.3137560196143981,subnet_168h,"Mang con, 168h",transformer,537.0
,102.34309999044378,0.028986967507365066,0.028986967507365066,3192.0,103.05510854830898,0.026634864793960805,0.026634864793960805,3192.0,0.00042517006802722523,2352,306030.0,11542808.0,104781390.14690994,9.077634328398249,low,high_missing,high_cv,-0.7120085578652038,0.002352102713404261,subnet_168h,"Mang con, 168h",transformer,538.0
,102.66937361092887,-0.013687713557053865,-0.013687713557053865,3192.0,104.15039792884613,0.061418438513029805,0.061418438513029805,3192.0,0.00042517006802722523,2352,329792.0,18887840.0,122667488.47973886,6.4945217917844955,low,high_missing,high_cv,-1.4810243179172602,-0.07510615207008367,subnet_168h,"Mang con, 168h",transformer,539.0
,30.05157751538597,-0.023093583309297634,-0.023093583309297634,3192.0,33.54737915697253,-0.24447305922177598,-0.24447305922177598,3192.0,0.00042517006802722523,2352,37784.0,40695.535,37639.86749390637,0.9249139334177219,low,high_missing,low_cv,-3.4958016415865636,0.22137947591247834,subnet_168h,"Mang con, 168h",transformer,540.0
,83.20632816568438,-0.006468165556228066,-0.006468165556228066,3192.0,84.77745836303359,-0.008375204697180234,-0.008375204697180234,3192.0,0.0008503401360544505,2352,4550668.5,30601126.0,301388272.4973016,9.848927536107709,mid,high_missing,high_cv,-1.5711301973492056,0.0019070391409521685,subnet_168h,"Mang con, 168h",transformer,541.0
,83.72660239318974,-0.0011064937798904667,-0.0011064937798904667,3192.0,113.02374431409415,-0.008773245508459733,-0.008773245508459733,3192.0,0.9528061224489796,2352,1756.0,1861.3243,746.7167061958901,0.4011749536713205,low,high_missing,low_cv,-29.29714192090441,0.007666751728569267,subnet_168h,"Mang con, 168h",transformer,542.0
,104.57971942125853,-0.29673222927830006,-0.29673222927830006,3192.0,118.00288188522364,-1.6987887156570858,-0.43730682160045836,3192.0,0.5140306122448979,2352,80619248.0,545907260.0,1688900574.1174743,3.09374995625168,high,high_missing,high_cv,-13.423162463965113,1.4020564863787857,subnet_168h,"Mang con, 168h",transformer,543.0
,43.724685265168866,-0.10152016947433777,-0.10152016947433777,3192.0,43.36457707192242,-0.06586716545981074,-0.06586716545981074,3192.0,0.00042517006802722523,2352,4600.0,5638.609,35070.97492241141,6.21979208471402,low,high_missing,high_cv,0.3601081932464467,-0.035653004014527034,subnet_168h,"Mang con, 168h",transformer,544.0
,56.100921038287595,0.08542350320655684,0.08542350320655684,289.0,61.790288455775475,0.007381938071657999,0.007381938071657999,289.0,0.2283163265306123,2352,1420.0,1700.1383,1160.2002536651062,0.6824152186912463,low,high_missing,low_cv,-5.68936741748788,0.07804156513489884,subnet_168h,"Mang con, 168h",transformer,546.0
,28.415391987335216,0.26349551163519447,0.26349551163519447,3192.0,43.151521949316134,-0.6594551375662846,-0.5415267682183705,3192.0,0.00042517006802722523,2352,386431.0,382253.16,145264.40045239366,0.3800214545707722,low,high_missing,low_cv,-14.736129961980918,0.9229506492014791,subnet_168h,"Mang con, 168h",transformer,547.0
