id_institution_subnet,model,test_SMAPE,test_R2,test_RMSE,normal_SMAPE,normal_R2
0,Mean,50.27928529047362,-0.0025841237424015784,27574151229.520798,50.37092935564469,-0.010341414361201284
0,SN-24,23.150416818073744,0.7341847848816484,14198146715.679827,23.010351027417343,0.7427132707685982
0,SN-168,29.10852025643631,0.5838063777953945,17765991579.989292,26.940096413064023,0.6564999343354146
0,MA-24,47.94673661017441,0.10474383250560948,26056459382.832935,48.29578774845832,0.08903944338475689
0,MA-168,48.94128227691536,0.04291129705425911,26941255872.285034,48.958257922772184,0.029866935970125907
1,Mean,126.2691308893948,-0.03769212811681233,8472122.639124107,124.97006657608647,-0.03750964991022632
1,SN-24,101.90414810843644,-0.8292799266248281,11248589.213124366,100.81987509240207,-0.8293967565792486
1,SN-168,109.08447190253267,-0.87974227966398,11402685.014304826,108.08306228774877,-0.8782255333309397
1,MA-24,119.99888283509226,-0.028065163814094074,8432731.923749322,119.26813896906046,-0.0279142504701142
1,MA-168,126.7145432094275,-0.034936139388084486,8460864.67657826,126.82943230269446,-0.03478059837036218
2,Mean,47.81544124961683,-0.00024560115895511103,18567.767704651556,45.525666046008105,-7.351987856063502e-06
2,SN-24,48.255309053332475,-0.9864373699740687,26166.389843789773,47.54089098376165,-0.9891785476573367
2,SN-168,50.13370607943154,-0.9846160097838499,26154.391139226755,48.27183331020271,-0.9859637459030623
2,MA-24,35.630299996074946,0.006831378335292793,18501.965383050574,35.26236600342916,0.005384036431486328
2,MA-168,38.374084421787245,0.0031578236663506454,18536.151545111046,37.44885883719277,0.002058608411337981
3,Mean,82.07869550855582,-0.005974677871115164,52965403.43199951,74.98086550493817,-0.006048555141984213
3,SN-24,97.77342253340045,-0.9612752695837696,73955084.26632354,94.22302985987206,-0.9978316715972657
3,SN-168,100.36923185278096,-0.9819301220478729,74343487.332353,95.0404413079674,-0.9871868928100758
3,MA-24,84.81173485221727,-0.005241687111262383,52946103.629161924,79.78926947604623,-0.005182594448757127
3,MA-168,81.21233652513095,-0.006508936518637709,52979466.146181464,73.96207256839051,-0.006454927300112878
4,Mean,80.60511033664822,-0.044255175347516884,213451446.30957904,78.11394761243885,-0.05754867863021662
4,SN-24,83.42584933491376,-0.6164063019129717,265565131.05701572,81.1748813443343,-0.5334477245098979
4,SN-168,87.21723547371283,-0.7059692260247841,272823251.18558943,84.88625508398748,-0.7574244546343865
4,MA-24,77.79666309575481,-0.05043362667938389,214081969.59916538,76.17500755340875,-0.05335672469654651
4,MA-168,77.61490769785426,-0.057535087130657914,214804401.63175148,75.66202555597063,-0.06012978056176044
5,Mean,146.31548585252213,-0.05090669192886765,81470152.24062428,140.87217136743797,-0.06362355672573061
5,SN-24,80.91251715920238,-0.7150017452997552,104075554.22321397,86.97864119039822,-0.7365748986317135
5,SN-168,94.2115231764858,-1.8165125211249622,133374342.73220228,96.62889911585711,-1.851942700805035
5,MA-24,85.6359832354626,-0.014370693243909605,80041422.02047172,92.9507487390425,-0.027128254367051685
5,MA-168,90.62011986484923,-0.025281422192054537,80470739.64876255,96.26536299541661,-0.03817545993372984
6,Mean,53.76671602966532,-0.03832315107283435,11161011963.53234,50.58255271119989,-0.07948422064896676
6,SN-24,42.26559199566887,0.21542436306759571,9701853535.207424,41.309481298768205,0.18317528135872263
6,SN-168,44.72045582475198,0.27151075355631227,9348649502.644566,41.31363015893626,0.30262651367827365
6,MA-24,48.08481030103039,0.1493273585065633,10102259909.52151,46.88397231463806,0.09988447889245744
6,MA-168,51.45332877458139,0.03143691661691439,10779565628.141153,49.749954854587095,-0.023362666919621855
7,Mean,85.71381420405376,-0.16371939774767852,763177749.1747923,85.93096056979576,-0.17280507981378412
7,SN-24,74.79164728100986,-0.26781643124492494,796580647.1707121,74.4410266460835,-0.2878480435818691
7,SN-168,73.27991677412776,-0.08712824410846354,737635742.6248193,72.77449115968582,-0.08536285243451514
7,MA-24,82.00611739320007,-0.041300706442976676,721920949.045807,81.67481455368295,-0.044068256320239474
7,MA-168,84.00368324629468,-0.09334662936329297,739742376.6208694,83.83198552386943,-0.09981474670618029
8,Mean,76.37407812787566,-0.04320998128254705,569472391.9453112,75.55799624989425,-0.06949094957950064
8,SN-24,67.03721542802896,-0.1692078059227382,602882476.1982136,66.1984908551807,-0.17992123849983055
8,SN-168,67.30868780976621,-0.23491807605319837,619592113.6361884,65.5534772242851,-0.2333821075548188
8,MA-24,74.09139503621705,-0.0278622849972332,565267833.8196315,73.80089516375364,-0.054699591603174946
8,MA-168,74.01642385044394,-0.048434514912030435,570896607.5545356,73.8953578690595,-0.07892933912592182
9,Mean,82.68090204799641,-0.015756128312392148,73606.01126961877,76.41262069547903,-0.04701250554180669
9,SN-24,89.1292932889218,-0.519069870113043,90013.45531711409,88.62281419417964,-0.5420281484670078
9,SN-168,95.44030417106126,-0.7764538530138199,97340.93721068905,92.52268381531982,-0.75639012454505
9,MA-24,70.6957942954228,0.16177168441679313,66865.1344010134,70.41455810111307,0.12368426637132413
9,MA-168,77.12115254687541,-0.020527279265120546,73778.67769750845,75.7214069091604,-0.0757382943235041
10,Mean,94.88121434957712,-0.1877265075379655,564241651.6296917,95.27705442751541,-0.19766311990520058
10,SN-24,75.24086094711545,-0.23780662928538132,576014372.1950698,75.11490850693836,-0.21865238725750125
10,SN-168,74.34627356671828,-0.2133644633966909,570298925.3241682,72.73932997378365,-0.14879247279553742
10,MA-24,90.59335063572094,-0.06023572365969798,533099326.9004277,90.75164061798608,-0.06247586358292323
10,MA-168,92.9172621511201,-0.12265791730827691,548568213.8076693,93.11711097797267,-0.12986977762142105
11,Mean,92.20412683601086,-0.01155614090962609,1605813.9691929924,95.79081506146217,-0.013145653979345528
11,SN-24,41.75646972257457,-0.8661612525345899,2181096.194657552,41.69809285149505,-0.8691068281845271
11,SN-168,51.256432697502305,-0.46071180923050603,1929667.6062125468,48.798610522898336,-0.46300618395576665
11,MA-24,34.528678008206434,-0.004211560992796626,1599973.7025111364,35.21565908441172,-0.005797229413238014
11,MA-168,41.393415636882324,-0.008353591724982845,1603269.9803506401,40.84599898033414,-0.00994253817302404
12,Mean,46.02645631494769,-0.04218487738660848,41323.3485017193,45.782031874386085,-0.057369663919886404
12,SN-24,48.05562340325802,0.022379871058935907,40022.86646431864,48.66510768173724,0.008283767097970074
12,SN-168,59.10848353091548,-0.8844677298980597,55567.067104540234,59.069589749607744,-0.913927508042095
12,MA-24,35.03809367800373,0.5929021522075109,25826.914545470725,35.37203460988957,0.5876283294210205
12,MA-168,42.61932371207525,0.15324465193543868,37247.92606009862,42.40248873009594,0.1411889881789904
13,Mean,81.58465719852951,-0.036463776342611,461280433.3524764,79.34769289333767,-0.04413769918865129
13,SN-24,77.4136900888908,-0.9013206041822652,624763495.5576115,75.34208110220017,-0.9125979842334722
13,SN-168,72.54499300452937,-0.28296598106720605,513210507.13734365,68.51179505770092,-0.2467771779001533
13,MA-24,78.26515764239542,-0.027480966230972292,459277173.9695604,76.46948531770371,-0.033884132450656246
13,MA-168,81.06474288939813,-0.05245685861861227,464825687.3439109,78.38361629799897,-0.05743241536949939
14,Mean,86.76221017056217,-0.12136815959147373,1471121525.0147002,84.88706827605166,-0.13752407450477988
14,SN-24,66.9099087238544,-0.28067482302401037,1572149622.0559068,65.63152019288235,-0.28872296631208894
14,SN-168,63.36745910691109,-0.13408077578859756,1479436857.1876159,59.34516214880824,-0.06013318282680169
14,MA-24,79.1971115995408,-0.010171798418880051,1396278528.7090342,77.92636122317816,-0.017096044477784567
14,MA-168,85.03099894601995,-0.10345175298371956,1459321947.9471889,83.08055453180152,-0.11822171330846998
15,Mean,85.0763334588139,-0.00334821449817424,1365445.7258363774,81.27817398819049,-0.005964735649341746
15,SN-24,67.47395147654144,-0.9628088122225302,1909798.732736539,66.67128775844482,-0.9663746093807215
15,SN-168,62.80324437863369,-0.9164052010539065,1887088.5158969597,59.424060313010486,-0.906442238795574
15,MA-24,69.88996043030728,-0.003177557888710103,1365329.5985318292,68.15284436962001,-0.006127242505694852
15,MA-168,76.28925521716833,-0.021372319943071538,1377655.54076936,73.73198326210716,-0.025493945904718096
16,Mean,115.8955183517967,-0.13115810636314507,3895593227.779318,112.87409675547475,-0.14223883877400612
16,SN-24,109.45818894762722,-0.7538639562571581,4850761227.482623,109.64753866178458,-0.7511829713145077
16,SN-168,108.98825688578053,-0.6804267195753888,4748120534.204002,105.86821653057967,-0.5943334908200066
16,MA-24,110.32640138799488,-0.08615236151025707,3817309045.909352,110.68659038233832,-0.10525334284546406
16,MA-168,114.16633144859603,-0.12348611170976032,3882359967.386657,112.7086410033559,-0.13460335563604087
17,Mean,41.87140940239835,-0.00340171495921493,23009774100.197525,41.644003563466164,-1.5105906236989597e-07
17,SN-24,27.752541160952244,0.4211259532182612,17477003569.10589,27.765179010620145,0.41354324411607146
17,SN-168,32.12424533164862,0.2421962645461635,19996468638.615036,31.320174487468822,0.30491444322284167
17,MA-24,34.788984164959665,0.28867141252408857,19373588319.109436,34.67336958814008,0.2792379262125446
17,MA-168,38.42718652377909,0.12098303359970708,21536422587.69247,38.31592653967718,0.10698302762524614
19,Mean,115.75296843812579,-0.060517901319056655,4999237.014057404,111.1926337637031,-0.07057674366479993
19,SN-24,99.74595583287434,-0.8443414341886333,6592731.470991995,102.88644828355189,-0.8651466548335012
19,SN-168,102.98092476288161,-0.8355373783805948,6576977.281430655,102.53638635670386,-0.7977758471195178
19,MA-24,95.83178801434833,-0.06277020195492145,5004542.823945764,100.65127419050467,-0.07274513591615173
19,MA-168,98.23788264333982,-0.06510658688700133,5010040.7760355575,100.09950969974331,-0.07529073110159534
20,Mean,35.745524407474505,-0.006449395876529707,1666973.040434313,32.929715446185355,-5.316387813047996e-05
20,SN-24,30.58273387389795,-0.32087952039793155,1909695.865010447,30.059918485638537,-0.3926402614119673
20,SN-168,35.93739379207784,-0.4935448745118405,2030681.172571577,34.14196442057581,-0.5287317038226584
20,MA-24,28.955679638499948,0.10774227781713364,1569559.4210089582,28.269334415758067,0.07238363938573333
20,MA-168,30.319415987624332,0.06765273857470577,1604432.5129558472,29.08694637097006,0.044521841540201224
21,Mean,52.89740000480604,-0.07552395271790369,955724.4029802748,49.572424529544236,-0.03950208317226078
21,SN-24,44.39329555650755,0.008461410824770255,917650.7887514774,43.475369209379586,-0.033160530643817854
21,SN-168,51.20843774718179,-0.3137450097974439,1056277.8467497334,50.10074888370324,-0.3416991177768256
21,MA-24,46.94537529294862,0.06797725721387271,889684.2179724245,45.686543595887656,0.03698253835831178
21,MA-168,47.38832415785434,0.0472309626953159,899531.6515687682,45.9659089765189,0.019359140298075395
22,Mean,77.25811903618083,-0.14069630341046224,5302737.404305536,73.26821102364339,-0.22001362194253216
22,SN-24,68.38691845676162,-0.2453130863095867,5540569.154871092,67.36444787469362,-0.3384436481432678
22,SN-168,75.9380586881523,-0.4779792779681329,6036000.63101786,72.26972942376462,-0.5049622768407787
22,MA-24,66.61642620875325,0.13596166211625338,4615105.256119076,65.53232845373851,0.07532188643931947
22,MA-168,68.86275552644852,0.06235337922327466,4807670.5585948005,66.88189359858686,0.0010407986564966443
23,Mean,59.47505615844187,-0.005685123357477728,1155.3514799933976,57.52574467803214,-0.007891591234622686
23,SN-24,68.62522078704194,-0.9717388988835249,1617.7366115400096,66.82747238627536,-1.011396815383323
23,SN-168,69.10077809369916,-0.9451141220354411,1606.7771816776835,67.97816285059163,-1.1584021355673895
23,MA-24,51.50408951833029,-0.01086772089281296,1158.32459119611,50.27469683470418,-0.019000470892233334
23,MA-168,53.382063193740336,-0.05859544214319379,1185.354142995172,52.05078353106099,-0.054982176978569886
24,Mean,77.26661584013384,-0.1130439996881798,4536133.364023459,68.26768700976824,-0.07728273634698879
24,SN-24,39.14107820420731,-0.5489683559445431,5351196.771414236,39.306285985402866,-0.5699394368296657
24,SN-168,44.04080630575807,-0.41882550348974923,5121464.200331177,42.46462935599594,-0.4880471938095199
24,MA-24,29.27941899088325,0.14017308893993286,3986898.3675637175,29.47713015573619,0.1380681545698904
24,MA-168,33.343675153914006,0.13327786205237813,4002852.55231919,32.67353501134204,0.12852451709253498
25,Mean,51.10116152368974,-0.3078629883766899,272192.1659866141,51.71043456666654,-0.48761308298921935
25,SN-24,32.4198794906652,0.3683581006854473,189160.28603923813,30.742882955860868,0.3241376884847299
25,SN-168,40.905179100711756,0.05820377191522974,230979.25171016867,37.57214471502277,0.10801876242900221
25,MA-24,24.51747299118245,0.6151004300631118,147661.81748411292,24.013124802588905,0.5689319935776143
25,MA-168,32.05976892182933,0.46255917384259015,174485.69342697356,29.92225038490516,0.43580011117016193
26,Mean,66.69406988629801,-0.001020362701543931,290969734.40308553,58.214864144148514,-0.0011630113108387352
26,SN-24,51.00730065979402,-1.001475335465285,411435236.26839113,51.59093415078432,-1.0018249905867411
26,SN-168,59.60643278125889,-1.0012925088522993,411416444.3734211,54.693149282969436,-0.9975767382742975
26,MA-24,44.965327775859684,-0.001119854418676569,290984193.82884216,46.313548220360005,-0.001265816498051242
26,MA-168,48.47176178820482,-0.0012245182184484893,290999404.1532109,46.40028184427777,-0.001376249412389452
27,Mean,103.30500166866052,-0.017452109182738873,131285846.6730403,100.44666740655252,-0.017691982922776406
27,SN-24,97.15632386021662,-0.9598241412982906,182208852.31411704,95.79164399905108,-0.9665081258644515
27,SN-168,97.85824330344684,-0.9352179761556567,181061396.56785637,94.63967377582861,-0.9470158096295307
27,MA-24,93.63745699092082,-0.011180384632278884,130880588.54915042,92.16844540877958,-0.011136988127572467
27,MA-168,99.5616430667133,-0.01726104847897414,131273519.43733369,97.50879773643648,-0.01732869710209939
28,Mean,144.4447344914648,-0.07864024208244613,167151839.86079618,141.02639378713,-0.08789549354417092
28,SN-24,106.03958373879003,-0.5173142568815918,198248824.58071354,113.92620340819211,-0.5104942045942926
28,SN-168,111.63769691265632,-0.7576692145064774,213373963.69667408,116.9933360114334,-0.7647228221489526
28,MA-24,126.03676948951691,-0.07640589987596447,166978627.32687366,136.49037292826415,-0.08539730231192322
28,MA-168,131.5509139295794,-0.07924507005031711,167198696.97562665,139.5475257183617,-0.08830344738012208
29,Mean,39.19789846704555,-0.04562234235467044,400989669.63880974,35.75840945105418,-0.0369002964768379
29,SN-24,35.05576481557586,-0.2361218827991196,435989875.7683145,32.32498471403466,-0.19275766204007327
29,SN-168,39.207609459959286,-0.14230484800897902,419118438.25744927,34.15809840517397,-0.09535400019073248
29,MA-24,28.328657736984265,0.3040825554379517,327133197.5866236,26.6500680305888,0.3209740441779477
29,MA-168,30.4070951134422,0.2509379588946692,339394384.214797,27.98538796039591,0.2908487973549502
30,Mean,43.09915434549739,-0.17572259106356758,529269.0965739053,44.70547174104475,-0.21164804056105102
30,SN-24,31.790785662980824,-0.7103326242374461,638358.1319470785,31.611378048690998,-0.7692534660012631
30,SN-168,40.435305446498305,-0.6084659619040951,619056.1503058182,38.04683060960119,-0.6211772311682513
30,MA-24,25.91415769183897,0.09847534300836591,463460.69641268335,26.149619472726382,0.06782876671041205
30,MA-168,32.1863095250661,-0.010386818245283536,490645.63673827844,31.31704156741049,-0.03116993847142946
31,Mean,81.85109279924446,-2.1160503047855466,1843.025213145464,79.97333612707162,-2.228928946102451
31,SN-24,56.06750777199457,-0.6437358771842241,1338.5822556210096,55.348823369684695,-0.6543785232391504
31,SN-168,60.57411428220878,-0.8536378905123292,1421.4824286311966,59.43250848883028,-0.9017824980177034
31,MA-24,42.49419154044585,0.07188992575636988,1005.8397389430489,42.147094072908594,0.05357930206452888
31,MA-168,45.23243941121051,-0.014846609856681736,1051.7905126489186,44.031091488281945,-0.005208365133959614
32,Mean,84.70821179098513,-0.05200236234597777,846366956.461301,78.46640034159564,-0.07080900208693941
32,SN-24,67.04739610374138,0.1413749582607453,764631379.9190874,60.96215609661756,0.11284638438228312
32,SN-168,77.75017770443573,-0.23950447988724433,918701429.8661886,67.74983716252314,-0.1749355288189942
32,MA-24,72.6311142089094,0.2484248080093131,715379614.2631814,68.77277353945077,0.21627447986538595
32,MA-168,76.43652387775902,0.14387715219442276,763516427.618349,69.74863600968364,0.16960808113221648
33,Mean,136.56567430938017,-0.1791445729888308,11501154647.884577,135.88210074124646,-0.19237093254067883
33,SN-24,129.86653895723884,-0.6430682679064297,13576434198.925282,128.90819592678181,-0.6560559754126514
33,SN-168,133.10058592663609,-0.769391889165173,14088667866.419165,131.4449184217844,-0.776637752710019
33,MA-24,125.37104118927185,0.03595805510129457,10399342456.0404,124.36324607531763,0.030476705376970448
33,MA-168,135.05799800858765,-0.09256593558847936,11070869788.65249,133.30155068488122,-0.10158641137596036
34,Mean,142.87541973356736,-3.2946973402711874,92016.19818658353,144.14395661677497,-3.459637608388028
34,SN-24,42.477099750438136,0.009242739645253684,44195.86474414712,41.070002758760346,0.0276882307372468
34,SN-168,54.36223995941456,-0.636690023690293,56804.301207628785,54.266678660236266,-0.6273632712791533
34,MA-24,32.42590477632534,0.4306301825473625,33503.88926960113,31.741458607163086,0.420369857267635
34,MA-168,49.50867363251325,-0.1519206552592265,47655.08921124652,49.41936427270257,-0.1835896308154885
35,Mean,56.78785465151378,-0.027945146073803384,275999.1442555757,48.80625014672763,-0.013041678134945833
35,SN-24,53.27197127871409,-0.5963139606161703,343939.3936973429,51.32189896422962,-0.590124171589026
35,SN-168,60.71831825311628,-0.8162152038934516,366865.1166965691,54.14859250304789,-0.7985903350116637
35,MA-24,40.45434005363504,0.08478928869417945,260425.38363756778,39.04102326510117,0.07127120514008034
35,MA-168,45.64795497159583,0.03648087190617322,267210.14079147833,41.43256067538147,0.020557431192170905
36,Mean,86.09179235267594,-0.010669397027267769,989715530.6050032,82.16886992410721,-0.014112066199706286
36,SN-24,69.14789003852954,-0.7878479742283604,1316349221.3597045,68.32488290376297,-0.7944135391677862
36,SN-168,76.62982476863488,-0.7748805216711034,1311566722.744921,76.41549854144212,-0.7791877223869415
36,MA-24,61.853238925214114,0.053423510448802336,957819521.6048878,61.63266149356023,0.04994249329504097
36,MA-168,65.45532311735717,0.002100704982443191,983442981.8439131,64.75144690172579,-0.0016411481978193532
37,Mean,75.96431417781481,-0.5995584214669529,1546.4123342047674,76.53157954571454,-0.6434287506800431
37,SN-24,82.28114715874078,-1.1281959050912045,1783.7379540465558,82.42914748200255,-1.0888470354986204
37,SN-168,76.92037202799291,-1.3859194013903218,1888.6571885716758,77.44206752600667,-1.5001652909611098
37,MA-24,67.33285936065755,-0.41653012369853615,1455.251846243503,67.66751754935486,-0.4367367702641143
37,MA-168,61.77198765074423,-0.192972588673326,1335.4895192071563,61.0758645345041,-0.1835645210054453
38,Mean,129.76802436709025,-0.053331216163737816,20067934942.82806,126.0256664044838,-0.057525242419273814
38,SN-24,91.40374363165893,-0.40438729330189127,23172007086.33039,90.94179581218815,-0.2570227480962639
38,SN-168,122.61357972089932,-1.2048341108475138,29034086512.995483,121.83652182032299,-1.2815403809227224
38,MA-24,87.80732003401478,0.231777978017491,17138135935.891975,88.46968180490673,0.25030658791749205
38,MA-168,115.5576265493227,-0.030776090798944056,19851913543.52465,114.71514713010238,-0.025059340889929338
39,Mean,193.56264458929903,-0.008635766398676248,1871109.8357854122,193.79492494504993,-0.006737563358919285
39,SN-24,55.220302286104875,-1.005383258793251,2638340.1837722305,52.00609048908217,-1.0060663678994137
39,SN-168,72.33573671527067,-0.9361488490428218,2592396.7645712206,70.73189840833084,-1.1520022264277165
39,MA-24,43.7291140309333,-0.0034163348720757103,1866262.2995922102,40.930323795769944,-0.0024652352963354662
39,MA-168,55.00893239601334,-0.004323791688037426,1867106.0020814056,53.766960192614555,-0.0025388225980329526
40,Mean,60.97691848356167,-0.04037820282232474,28784081.66796989,60.70475471964646,-0.03879900446904583
40,SN-24,67.94508634576076,-0.9852313300077327,39761459.381011456,67.40340800231088,-1.0096791663357112
40,SN-168,71.23399695439983,-1.00235034405139,39932526.56688122,69.35590606404169,-1.0098729968145763
40,MA-24,56.18962228113619,-0.016701106935796073,28454660.224903654,55.432890951105904,-0.01688643362068576
40,MA-168,57.08875226742822,-0.025024173344172285,28570892.66814993,55.92871032002363,-0.023621014739033663
41,Mean,92.51321543349653,-0.01909061011184221,3190837.6608779537,89.57950473494395,-0.013705428376579176
41,SN-24,58.5107141383274,-0.9927190074994445,4461915.496174367,57.273291168594284,-0.9948447242127363
41,SN-168,60.89991084473299,-1.007787860896181,4478754.127145378,59.13770389957171,-1.007454481043097
41,MA-24,44.99115712398615,-0.0013356604941245909,3162919.587479712,44.14083928442623,-0.002402212582589991
41,MA-168,45.90765687028839,-0.0010326012867709622,3162440.91460331,44.50205926764935,-0.0020341779750017164
42,Mean,43.59161896024105,-0.03546459840670724,5269.426354410945,42.80193629808205,-0.04371388176677682
42,SN-24,60.9133973598417,-1.0167137990085888,7353.902142266805,60.154001352490404,-1.0502037105343116
42,SN-168,59.85064208101076,-1.3036749699986787,7859.706220501402,60.699840894044634,-1.428760224880902
42,MA-24,55.40960420474795,-0.5269094042023699,6398.856140865313,54.40355865782621,-0.5370980110196677
42,MA-168,49.16523652500588,-0.2521099420983546,5794.513026093484,48.01411357528874,-0.25400350482001643
43,Mean,69.31141082052706,-0.0022462725103298276,52203089.52042139,61.36143110635067,-0.002673200008387111
43,SN-24,45.680852534050544,-0.6476731284944832,66933650.41226745,45.426295473331955,-0.6483771543497998
43,SN-168,53.73287350495388,-4.413790599477836,121327628.3862556,51.31718654711077,-4.416194331768571
43,MA-24,35.51231216024958,-0.0025965197037143284,52212210.227068335,35.78644448329681,-0.0030286195051734133
43,MA-168,38.58084233362055,-0.0028111877915535377,52217799.56196888,37.55098416921498,-0.003242817168559675
44,Mean,139.5927232268325,-0.09236712622840271,1252789683.9790368,136.15700386206365,-0.06747872945154354
44,SN-24,78.42406188618565,-0.3499219531850337,1392669894.9324758,80.5272987304541,-0.35270829131280834
44,SN-168,86.2892175947734,-1.0268719914874467,1706502851.3372507,88.36742165947811,-1.0307351105515226
44,MA-24,62.31222708480391,0.054237065133730944,1165695184.5503776,64.79879815698094,0.050109979020944495
44,MA-168,68.09688431693279,-0.019945458752184786,1210548884.5838041,70.54925864701224,-0.024846071584764262
45,Mean,104.32985228033205,-0.0231062052300548,33111367.036792517,101.96588988126246,-0.024310036126772294
45,SN-24,100.30021262297477,-0.9679069354491268,45921813.47305048,101.12699520845574,-0.9705198470127847
45,SN-168,101.53656215755169,-0.906713186504678,45202185.90525656,100.12299918306975,-0.5000063052267125
45,MA-24,97.44404150190975,-0.01963943648331057,33055220.93134249,97.77750336751275,-0.020750444380897903
45,MA-168,101.42133325885582,-0.02193124180746575,33092348.570697837,102.00743949815806,-0.02296958470178989
46,Mean,181.488003205168,-0.0012457517761612635,56551262.4321448,183.92352499642408,-0.0007632886913320203
46,SN-24,56.67370994580262,-0.9788715619860198,79502496.22940983,55.64866389332897,-0.9965411032287377
46,SN-168,72.25328580437397,-1.0024121159820543,79973976.99363373,72.32515609803937,-1.1068089170339408
46,MA-24,46.41000004470101,-0.0007089323934905689,56536100.37831234,46.1462922238379,-0.0004299491401980049
46,MA-168,56.64656501557113,-0.001205827208025978,56550134.93310983,57.07649193366099,-0.0007235028898189277
47,Mean,108.0910166562104,-1.8213228458706525,173633.9037895046,105.08192479963998,-1.611336668799452
47,SN-24,20.55162709190758,0.7472268312905539,51972.501815776675,20.769011659580272,0.7685022159893258
47,SN-168,36.46059925200487,0.33291246245328454,84430.53678182443,36.46877280422571,0.4293588309341604
47,MA-24,17.650464924568706,0.8266303694418293,43042.21857746051,18.162745204513296,0.8374137745365333
47,MA-168,26.70275792544462,0.6506256888150657,61101.746102125864,27.264518924743076,0.6838910154201974
48,Mean,86.56024367310387,-0.003153678104359958,276687831.2978687,78.09280640528415,-0.0036319713959831468
48,SN-24,64.21944532156219,-1.0047525087427562,391144031.0724075,65.41799704849961,-1.0057081509384722
48,SN-168,79.36793342032294,-1.0060280027929895,391268441.08131003,79.05151850470527,-1.0070136421708464
48,MA-24,52.048805897726616,-0.002594202051843464,276610663.75678337,53.37276722978213,-0.003072130630574099
48,MA-168,60.98078289201274,-0.0029089434001592362,276654078.12197685,61.40522846415909,-0.0033870549747143652
49,Mean,59.8174817677759,-0.011245370408506483,3723907.781912822,56.68920547719295,-0.011773886072427242
49,SN-24,75.6697459320387,-0.9446471913016075,5164057.327335142,74.28100051097945,-0.9384540225025186
49,SN-168,77.81716764483552,-1.040645732705153,5289985.141020221,73.93706220583836,-1.116740626194491
49,MA-24,59.52363275477218,-0.01112730194621947,3723690.3822031296,58.1744007723603,-0.011643776521440774
49,MA-168,59.531143177708614,-0.011234273396952377,3723887.34950232,56.998159962155384,-0.011732724630774793
50,Mean,40.62884676202708,-0.00823985194770338,2027880.344176025,38.070450901350696,-0.008263037770461112
50,SN-24,40.52103845359819,-0.9720805559319126,2836107.7166876183,40.30740025461622,-0.9673804875995764
50,SN-168,45.54898113106473,-0.904306235415556,2786947.519703081,43.59560006092914,-0.7817909297566432
50,MA-24,31.93674416884497,-0.00851682280332966,2028158.8618248573,31.91878662173881,-0.00850771211433976
50,MA-168,34.54062045152562,-0.008854655952438728,2028498.5298943084,33.83305945505663,-0.008803780949103057
51,Mean,133.09587314308843,-0.23662059040098815,6130190396.29201,129.3681398104231,-0.23912561648794295
51,SN-24,58.27699648049437,0.8817443611603982,1895687105.1964033,56.50646795444698,0.926143940546291
51,SN-168,69.10114666016273,0.6019510532427795,3477955061.568498,60.79611832383125,0.776780137746315
51,MA-24,52.885554209888184,0.7733350016103447,2624508341.5207,52.406016236934214,0.8076658906645614
51,MA-168,59.194698062011916,0.5760145250982012,3589477339.388303,53.663770668564084,0.7409170239704965
52,Mean,56.431083896377274,-1.8760380849598728,331976.31919046055,52.60368059896175,-1.5795223921396424
52,SN-24,29.024133199562375,-0.34334753177713195,226884.057248111,28.974520216605537,-0.42900638211176156
52,SN-168,38.65897322380529,-0.7589428359614592,259618.50919144225,36.931799226479725,-0.712007923582787
52,MA-24,22.364929662781297,0.2749457190218587,166684.4358667235,22.71468569835483,0.22415635259034827
52,MA-168,28.48958149704811,0.12589220310493998,183017.3598329487,28.016897340576012,0.1023730857441908
53,Mean,58.91710668860672,-0.0012899737637916964,20583.80565147617,57.218051229416844,-0.001653980082541917
53,SN-24,60.103150780545114,-0.4767440209978042,24997.602023203235,61.17187454334325,-0.519083235878232
53,SN-168,62.09851371860026,-0.5266676187490196,25416.631126636265,62.18115505464246,-0.5258822254225339
53,MA-24,45.96906914884822,0.19412733083390932,18466.26027634959,47.09322753569797,0.16293778814711046
53,MA-168,47.17838592005376,0.15692530180855924,18887.68655089292,47.57760556609203,0.12992130626205511
54,Mean,89.596143494824,-0.001941863700597013,9837253.174915414,91.97213566326585,-0.0022189673293335765
54,SN-24,83.96457781726298,-0.9357660298244492,13673478.728971612,85.53578436947566,-0.9363033734339752
54,SN-168,96.55256076663882,-0.9138807024294451,13595964.406935494,96.93831925428387,-0.9144112380016387
54,MA-24,65.42853403950923,-0.0016090494901548347,9835619.223041192,66.78653211305345,-0.001886972027046685
54,MA-168,76.45460024379199,-0.0016711878152861903,9835924.311851418,77.52649137333908,-0.0019481866541193327
55,Mean,106.66176679639851,-0.007225101232495312,2096230306.8070362,100.0424557697655,-0.015140115848025104
55,SN-24,86.59790107483614,-1.004975940518499,2957537828.4710007,85.33355852773855,-0.9228641706254179
55,SN-168,108.20337587778299,-1.0223168829094695,2970300095.4471946,104.76772992568864,-1.3843776254860924
55,MA-24,71.97620145460024,-0.005376040001059401,2094305295.8353732,70.05158745817491,-0.016445624596212793
55,MA-168,88.34987650892276,-0.014162271038818286,2103436715.991793,86.61463513093275,-0.025860839383051948
56,Mean,199.9999999998233,-0.3837986836439331,65273.47833476786,199.99999999981765,-0.37317067621845346
56,SN-24,49.59902192269591,0.29933044047531443,46446.92048033971,47.352881155698235,0.3277676346592888
56,SN-168,82.60277880161487,-0.9442495885674371,77370.66106932366,83.45429212644119,-0.8373949957096762
56,MA-24,35.081474609615604,0.7139829384445264,29675.37870653596,33.84068930524093,0.7230372527431018
56,MA-168,59.6358980854509,0.09368654626818584,52825.000904161665,60.11829738176727,0.10058934430992039
57,Mean,55.57230526164476,-0.007401571823207886,1812.127031741835,54.602165150860024,-0.015485188272153838
57,SN-24,66.54616767201081,-0.8335164176482732,2444.723393554917,66.3644209064514,-0.8494670851799553
57,SN-168,69.51913299268921,-0.8365175195878751,2446.7233386481435,68.55563224052081,-0.8439051592459843
57,MA-24,49.838651602253485,0.010939845891585698,1795.5548640853383,49.74608367381374,0.0010780771258998012
57,MA-168,52.59715355282402,-0.030579715220556025,1832.8550556335465,52.34524642383298,-0.04195708014249311
58,Mean,106.39657194176809,-0.07686138194696235,6174096023.972274,100.01583059495825,-0.09621212492052922
58,SN-24,113.59045786130764,-0.880471832487963,8158811409.765945,111.15572290043742,-0.9054219998648527
58,SN-168,117.3837519940144,-0.6330520888750926,7603148922.032704,113.20806471124097,-0.4795209348643428
58,MA-24,105.02647936310325,-0.06817971255630417,6149157841.136828,101.27292981206968,-0.08441225294032417
58,MA-168,108.80338701498349,-0.11134056129597325,6272159025.205715,103.089174890591,-0.1352436057563593
59,Mean,104.92978706286382,-0.16322716703266993,458408202.9468485,104.03142845020687,-0.16165259695949263
59,SN-24,88.68624325869897,-0.2803406434700133,480931117.80243784,87.29523983327108,-0.27856224936155827
59,SN-168,82.51358161384081,-0.2506020078170008,475312978.5749067,83.19366510919549,-0.13688661186421136
59,MA-24,82.38914102432618,0.10126401568082988,402936099.019535,81.3762811710054,0.10724780364173081
59,MA-168,102.57678751755317,-0.1345797987304025,452728292.1710545,101.04765788880428,-0.13059897379130558
60,Mean,125.68954954852542,-2.533849557118356,80878.08625119209,127.18682119306767,-2.439469872474296
60,SN-24,44.52889678768284,-0.03962723558021053,43867.78054276248,45.758452042938934,-0.015034184883128576
60,SN-168,58.091376122009585,-0.6841441414406284,55833.707543337885,59.9666354825091,-0.5926170642233974
60,MA-24,33.770696939640835,0.41541177415461505,32895.149914940346,34.790795004335536,0.42804510243959304
60,MA-168,50.690664453732545,-0.06337083604417937,44365.8912749378,53.76376185527019,-0.05571061532880406
61,Mean,62.28173355603804,-0.00453645858076368,55228.433832473376,58.323166350130066,-0.01654621672173029
61,SN-24,68.05395975122543,-0.7013473786968205,71874.75445340427,69.02421071853641,-0.770971725601622
61,SN-168,71.87395948578603,-0.8842059105771776,75638.70012799419,70.10349849576227,-0.9050763843953817
61,MA-24,54.81817190824911,0.03688239624552503,54077.864881211084,56.08663449121841,-0.003998248828127382
61,MA-168,56.12576010312381,0.027092607255532752,54352.01227216156,55.89757198940472,0.0023453385669504057
62,Mean,120.97015296294495,-0.020664680435759752,92369846.96920115,120.99087774424886,-0.021267261511648483
62,SN-24,111.24395325473037,-0.924582808022538,126840218.61081788,111.76349800625454,-0.9234244400031877
62,SN-168,118.26318130772968,-0.9778579451456155,128583791.94433896,117.41129240402874,-0.9506526450716977
62,MA-24,96.67715437394915,-0.010591753601673082,91912918.39206159,96.23398239636963,-0.010678094833451057
62,MA-168,106.85433956829395,-0.02164316866086935,92414112.80779321,105.60626707407374,-0.021990501124298012
63,Mean,60.853541330666616,-0.010863369897490927,30140784.932266276,51.562011034522484,-0.015407120089940607
63,SN-24,66.82679256689693,-0.9176462617762136,41513808.48133682,63.64698396979601,-0.9283468425421371
63,SN-168,72.01291099301247,-0.950526922430712,41868201.234987274,64.96822506522564,-0.9607641584000728
63,MA-24,51.966158410695144,0.004189113674952005,29915534.253916226,49.565478548540106,-0.0013680302017784474
63,MA-168,53.93174160738269,-0.005991635923486616,30068067.275852505,49.30225935857423,-0.011369964747369954
64,Mean,78.24325843327705,-0.004628839884384561,12534323.353363087,78.0856532508364,-0.004456783691130006
64,SN-24,81.67612195002533,-0.9942400612468136,17659841.105978,80.11166829270499,-0.997449443064977
64,SN-168,85.05260963849591,-1.2447062004663212,18736040.937418472,81.37912610977367,-1.2713471740503253
64,MA-24,65.6560116916825,-0.0035763392728969112,12527755.833332192,64.12670574630411,-0.003481583997789306
64,MA-168,66.51234878778926,-0.00403179315507729,12530598.251783188,63.93911819661224,-0.003889108608169378
65,Mean,107.60837965014215,-2.0117008287965548,36408081.84796602,94.1159081937848,-1.6451294868173783
65,SN-24,51.14800371364223,0.8085364300211928,9179836.809416395,44.081484347184166,0.7742138598959896
65,SN-168,64.99309028966513,0.6376328105662321,12628923.08885471,59.513601411416374,0.5731686031420739
65,MA-24,42.88127133123066,0.866429720541664,7667376.71992325,36.673743447005776,0.8424783089952036
65,MA-168,50.934712644951254,0.8128108068465967,9076789.644893035,45.55076704986597,0.7792318508487718
66,Mean,119.73575086231583,-0.39016196621780685,14096346.888384236,108.54394272807797,-0.38380765546276585
66,SN-24,42.45718451706411,0.7966140981502658,5391806.5264539365,40.759312247528726,0.8110768210220608
66,SN-168,66.18049033893723,-0.012947253699220784,12032816.477439148,66.32581590590975,0.00048358486254906907
66,MA-24,32.65789482204596,0.9051310713873217,3682441.661177495,31.773987506971558,0.9132053132265188
66,MA-168,52.47810909436092,0.5928290430930697,7628906.173601615,53.169220524052676,0.5984844681327058
67,Mean,118.5176816063602,-0.31615346481785833,19633474.634809274,107.4409647782217,-0.32173388623560273
67,SN-24,38.11744190177908,0.812775493519384,7405003.14341865,35.60872034066047,0.8210778290449229
67,SN-168,62.26616243199915,-0.060960614028393145,17627613.957061596,62.093739129943934,-0.06289291260991114
67,MA-24,30.618352008658196,0.9181013740581006,4897587.543729111,29.43101687645787,0.9214033910028328
67,MA-168,50.190550787052025,0.6104755298174748,10680984.202813964,50.96078185074002,0.6100050354773019
68,Mean,74.19079990712419,-0.014725904057174555,11103843.79434085,69.76965567793688,-0.016297721699957357
68,SN-24,72.33356272419816,-0.9988766384549461,15584467.446987914,72.85067592225425,-1.0021011860407776
68,SN-168,77.70148196731107,-0.9799050765907953,15510334.16352078,75.28299260079191,-0.9260029973792707
68,MA-24,60.95095869027855,-0.012829320314615034,11093462.065122182,61.70323775147889,-0.01424971938388464
68,MA-168,62.80330498969874,-0.015063442884965417,11105690.434292043,61.6377710147579,-0.01656088223814267
69,Mean,75.5013604925145,-0.00157338973870913,197501.2341107343,73.04106160484756,-0.0017921730363361643
69,SN-24,87.97677553492358,-8.899672421685475,620924.5582734356,87.39963690275397,-8.903323287704778
69,SN-168,96.03496633773902,-3.9850028072650012,440616.87762276613,91.90068647136904,-3.986731629433873
69,MA-24,73.77494782749245,-0.02925637423240679,200212.04776590836,74.64435303012283,-0.029490980980086068
69,MA-168,75.28646460883682,-0.0016300175670560524,197506.81728018497,73.1795761054098,-0.0018344120318751767
70,Mean,118.30659736137162,-0.05966410032087488,2362051095.8769274,117.13228372712659,-0.06640660530213238
70,SN-24,98.65743463347928,-0.8518065368170222,3122503858.730316,100.64924984013966,-0.8588309359881461
70,SN-168,109.9037573497098,-1.0031617847945182,3247604918.887953,109.30879057309298,-0.7944552118339492
70,MA-24,97.52727157887168,-0.025129282566322075,2323242249.2464714,100.6302922747866,-0.031407760539367446
70,MA-168,110.56837514620128,-0.04517144226600123,2345843010.5520687,111.48603331307594,-0.05172668068944675
71,Mean,123.97527589752242,-0.007108151744015023,1384894865.953971,125.12593366982637,-0.008050871329192022
71,SN-24,73.64828893356827,-0.9858928189044649,1944718082.1656811,70.7298451063955,-0.9876683401127049
71,SN-168,87.97961692361754,-1.0117993940222134,1957361699.9018948,83.52229003917188,-1.0160750380617478
71,MA-24,64.01857029811035,-0.006355587224163184,1384377335.879462,62.06857817160905,-0.007288120253016617
71,MA-168,77.16416502590799,-0.006929230396173436,1384771841.3006785,75.63940701470511,-0.007863454258407732
72,Mean,61.860717989633905,-0.0034867697449922908,6806956.318834206,55.914119141645116,-0.006789515170584792
72,SN-24,30.107873206950046,-0.6794879110049514,8806139.871424172,30.385187102426947,-0.6892812462879394
72,SN-168,46.636143231807104,-0.1461794956719502,7274840.161065817,42.63629261763647,-0.1521683276585939
72,MA-24,23.58774814346072,0.1360936981682741,6315830.39823652,24.22761833251328,0.13104503577549753
72,MA-168,32.1042185697033,0.11090703748251152,6407236.054744384,30.69524196080109,0.10595590495929186
73,Mean,56.48036299651824,-0.03291631040891496,899.942245463286,53.86900229328716,-0.02810451293533478
73,SN-24,60.82243899847673,-0.749921579462967,1171.3626307136985,59.671901312973816,-0.8142316336710687
73,SN-168,64.91057850660097,-0.9484935915234298,1236.0372592555527,63.08070589469802,-1.0845466711199472
73,MA-24,46.21430328380998,0.03809793633386893,868.4553596128361,45.88290162695636,0.030805012190084802
73,MA-168,48.37428922132985,-0.039397533997577394,902.7612569430769,47.099639843808106,-0.03849602064369617
74,Mean,57.479754005668795,-0.0024807473058447993,9643.716211747016,57.268844732944004,-0.012000429746956254
74,SN-24,66.33403626571128,-0.6978061119685273,12550.194248668517,67.98879080087207,-0.746709523452256
74,SN-168,69.04349107087602,-0.7479666699409055,12734.238369670746,69.91489336205619,-0.7811262132363797
74,MA-24,51.71449846806332,0.06429008103793965,9317.01979173195,53.439194818662614,0.03619267685716088
74,MA-168,52.74547926051692,0.029117290415823893,9490.515107329851,54.013836341904245,0.0032503825158880506
75,Mean,81.4201503334765,-0.004663326141550295,850397524.191759,82.75279251478928,-0.005296062921485545
75,SN-24,70.60515746594166,-0.9893660089475693,1196655273.6841822,71.57142904182714,-0.99061022620619
75,SN-168,92.65130764511689,-1.5238435290105765,1347854229.356446,91.37405208832794,-1.4436811536956689
75,MA-24,64.65386768100872,-0.003699324867171061,849989436.7154152,67.19872935126985,-0.004331967920249147
75,MA-168,76.36867467092759,-0.00409033400511305,850154984.9360797,75.94090147970398,-0.004722286741862147
76,Mean,104.40527567872742,-0.02820412135054906,33304.083677318195,104.39902741533014,-0.027571980383499506
76,SN-24,114.48143272688125,-0.24364102176038993,36627.33649635564,114.48265524770322,-0.23916030061279359
76,SN-168,112.72480525290175,-0.3810134185733982,38597.28601157385,112.53500971767217,-0.37468629556907884
76,MA-24,102.63075349771063,-0.03212292185668009,33367.489346645045,102.62094693690094,-0.030599563300251376
76,MA-168,102.79430843451618,-0.0349290225471941,33412.81775571497,102.72351616574656,-0.03401695260308135
77,Mean,63.40354853928214,-0.017594669195767132,33155602.057926208,61.20500240265463,-0.015383675530294738
77,SN-24,79.81543888446659,-0.878283832982564,45045365.70011088,79.54475289526715,-0.8788913418337465
77,SN-168,82.814959353534,-0.9564615895210447,45973246.118387796,81.01927604136611,-0.35513949462113015
77,MA-24,75.51751241788182,-0.015506247625566072,33121561.766588453,74.94356919713083,-0.013134361174466758
77,MA-168,76.48839971866839,-0.01680458185601874,33142728.116573405,75.26008499629793,-0.014579836709824656
78,Mean,97.43751710053832,-0.0027114999157058506,44602506.93197365,92.33411640280983,-0.003083041741742898
78,SN-24,109.82115669421178,-1.0051419644383763,63073050.297969334,109.92286877937272,-1.0058847889894942
78,SN-168,112.70527185178535,-1.003521707155215,63047562.022354834,111.83062382101379,-0.9976287413938403
78,MA-24,90.49549754391121,-0.00045506604834311126,44552293.4404371,90.56778712614347,-0.0008238910444067216
78,MA-168,92.05508699920789,-0.0026655416215994876,44601484.764271155,91.71510355350561,-0.003036121920430679
79,Mean,153.7079151626176,-0.06979276523133038,174782169.4598022,154.3922558459996,-0.06716909584954811
79,SN-24,114.1209108747643,-0.841269531839661,229301016.9308004,113.31645459271995,-0.8411070802062168
79,SN-168,103.03822509931544,-0.9052882000174658,233253213.82195073,103.64171467560699,-0.7994007360894424
79,MA-24,99.62787341608019,-0.011067063899875551,169917175.007666,98.94935264647266,-0.009279913671846884
79,MA-168,141.6176127871062,-0.06460618454693234,174357964.28783962,140.71669385216384,-0.06227597609285107
80,Mean,112.89217397397766,-0.012793525847480725,16166249.0297242,110.43076693504293,-0.012411855378804626
80,SN-24,63.76960245144916,-0.9220157374036471,22270361.972974118,61.74959360825585,-0.9262863840664604
80,SN-168,65.23302302113225,-0.9010513876725199,22148572.184762627,62.75535935365966,-0.7575493537628515
80,MA-24,78.12507263539376,-0.012559945892438806,16164384.716134666,77.1737079124456,-0.012187524220385715
80,MA-168,83.0288651910844,-0.013061059508702622,16168384.080008745,82.26058179045549,-0.012668655904453985
81,Mean,34.26144678777963,-0.1872830867749269,39509.65419615205,30.19233389232226,-0.08590860229067099
81,SN-24,30.524615419998657,-0.10745485340795335,38158.30749274389,30.845707991731203,-0.2708520307147648
81,SN-168,37.22721761374652,-0.4266253970637435,43309.28994779461,36.628051675884294,-0.5602192923241855
81,MA-24,24.74809745828864,0.26101959606947156,31170.412455391146,25.450746059413838,0.14183211312370048
81,MA-168,28.134163666812523,0.13328372122348964,33757.05604841167,28.546023457951296,0.012249406241678695
82,Mean,35.24183789306747,-0.6116445775876005,11177.888112668777,31.375994792380236,-0.4674218871155924
82,SN-24,25.68885968476713,0.015878101580518278,8734.731716096087,24.76538647453008,-0.07495468763755664
82,SN-168,29.38954642375337,-0.331424888412835,10159.760212140813,26.89709150448673,-0.37180520672777484
82,MA-24,20.31691320483088,0.40170683848147115,6810.549313880681,19.96470571482329,0.33143600488690816
82,MA-168,22.857824365361946,0.2213477307526437,7769.568487611164,21.84940033005443,0.1700607239353984
83,Mean,53.99158368280901,-0.3392312833016293,3178.383120175499,47.57078592423166,-0.24219375928768172
83,SN-24,48.957025444039964,-0.5181419398012417,3384.0334084394012,45.84817528069413,-0.5955446659954815
83,SN-168,52.35717572519886,-0.7139694128116094,3595.671323621905,48.553801357693374,-0.7097490385287033
83,MA-24,36.91618483328708,0.15882737325323293,2518.958535214502,35.28442833289587,0.0953838341609432
83,MA-168,39.810517200410494,0.06006900859643127,2662.725746122905,36.77101307200657,0.007298223446977059
84,Mean,92.70741654234133,-0.0529909571547833,4539584.630985242,86.32165771480145,-0.029892059219385203
84,SN-24,81.31091100727134,0.40782697637966614,3404302.2031376557,80.49581742437239,0.36794195321766654
84,SN-168,99.22345882517665,-1.0768512904347016,6375386.178483366,92.79669362758716,-1.0583898088023362
84,MA-24,63.39699453061628,0.7798391461308362,2075744.26492967,62.51978874648175,0.7582716406787904
84,MA-168,83.17050970834299,-0.046497206226792986,4525565.269648023,76.12205790347377,-0.026778206511666625
85,Mean,58.96060154919691,-0.12671169684887706,660711.0851666955,59.28306276368092,-0.19283162602296966
85,SN-24,27.232657682719434,-0.21672141724344574,686595.2083417787,25.409639329977722,-0.299840458326762
85,SN-168,39.01965867194711,-0.30251228878811,710388.8013371703,36.71061035561981,-0.38528016917218877
85,MA-24,20.85621430834422,0.3521312474336037,501012.6700292547,20.030170206309045,0.30733730034178397
85,MA-168,28.65899149450627,0.31885006622006384,513720.0914656982,27.75158090040396,0.27369322419240816
86,Mean,108.13708043328066,-0.5324172986590656,71884.66995611455,106.40144108496143,-0.7218781980013844
86,SN-24,40.926511210700504,0.529666848925913,39824.52050767779,39.225505157058244,0.4850336371128118
86,SN-168,52.993670656770206,0.23906141691279426,50655.02836339235,45.799104476962555,0.28264971789267734
86,MA-24,31.556508577869597,0.7200670255609949,30723.790110402977,30.244919859652097,0.6862231179764815
86,MA-168,40.499891069865754,0.5705952077780186,38052.32555102086,36.48121506288564,0.5324723676325747
87,Mean,48.74741274741426,-0.005721011695525968,295411354.15834355,47.18595398526368,-0.008267873740399834
87,SN-24,51.63646063138021,-0.8220365625296004,397618850.52192163,50.871946193314656,-0.8792446736081116
87,SN-168,61.91773201207354,-1.0762190739834328,424448506.6399402,59.81834142798703,-1.2149261563003284
87,MA-24,43.65858794234042,0.0029229719279088018,294139111.97387254,43.24277986965104,0.015881222507829085
87,MA-168,49.78033844244188,-0.0018886388666352616,294847973.75458235,49.07984400594597,0.0024306841039672955
88,Mean,79.6695075820748,-1.2708652947251822,67893.43434473754,82.23982564466438,-1.1288967816385846
88,SN-24,36.94650113877503,0.5601966371284979,29878.6770452704,38.16676895627034,0.5835818832445974
88,SN-168,50.96898462590688,0.12702832405896547,42095.16030116606,51.793085105729084,0.22978134921687554
88,MA-24,29.978720416014443,0.7142966331350196,24081.8457525049,31.267064297321124,0.7253223029195723
88,MA-168,39.426907441417505,0.4974511220349771,31938.994898135606,41.098371563347705,0.5227034869360512
89,Mean,61.50582218491557,-0.1860470055351351,1090.0225131672985,59.25400374932691,-0.1731410129224924
89,SN-24,60.47820121388909,-0.9369932035459234,1392.9918183971315,59.99880704394636,-0.9919494357798861
89,SN-168,62.11192699973326,-0.9731446580998095,1405.9309133793358,61.291658074737384,-1.0319860399323422
89,MA-24,45.590632040823394,-0.020063266725833362,1010.8764323420664,44.932170006091724,-0.019843100447084927
89,MA-168,46.303771192504364,-0.055243581327410585,1028.1604093722096,45.532305622680575,-0.054586126144680724
90,Mean,135.13205458345553,-0.0719393672833637,40069324.59149524,134.17712753849554,-0.09705853672113385
90,SN-24,144.37486669011307,-0.7998236969769428,51920862.03731053,144.9813481873008,-0.7129045969131553
90,SN-168,146.69614703340164,-0.6032688622386566,49003837.45444305,146.5769096807698,-0.8579948312066952
90,MA-24,143.49039984577453,-0.060748619198795595,39859619.552291304,143.88200229240832,-0.08241854099104984
90,MA-168,147.4482503222251,-0.07855140754678103,40192714.35293581,148.17339501920716,-0.10582784700382608
91,Mean,84.32904583658528,-0.17685092757676157,377892503.5727609,84.21701590058409,-0.20231838877185448
91,SN-24,62.813477690333166,0.145235133609665,322055619.2693114,61.64786300435633,0.17937931604691515
91,SN-168,61.60216155499211,0.2724160794411906,297131774.1207193,59.56713021962341,0.2988152618596315
91,MA-24,88.78686799552757,-0.21185931477436704,383471994.56793785,88.20662373096458,-0.22385617798982138
91,MA-168,89.58601763419955,-0.26520693083986724,391821561.34059036,88.59944392301757,-0.27589836510860843
92,Mean,99.4384499522314,-0.01642460656930589,444440447.7198514,95.5970849293625,-0.03780068369689915
92,SN-24,96.78599796955157,-1.0038492620891724,624034378.2372284,98.71213411564655,-0.9739520206870942
92,SN-168,109.06825951441441,-1.0039073564390653,624043423.9797025,106.27064055370019,-2.851795370093406
92,MA-24,89.45418536643331,-0.01124925106051644,443307519.2667071,91.50211614422729,-0.022116347283752225
92,MA-168,94.52982081639179,-0.01272394419397882,443630636.6343115,94.5293912962882,-0.025750432675761603
93,Mean,93.17819453056033,-0.03647086655453036,42070.824965659136,86.7561989845384,-0.07497813024502897
93,SN-24,71.90240729414401,-0.454805159936589,49843.082713258176,72.87847170100015,-0.5408448416424729
93,SN-168,83.59218045507359,-0.6229302622568966,52644.42757114015,82.74315648311541,-0.7111482440638972
93,MA-24,54.7427330368824,0.22484790704447755,36382.785040507355,56.1789116281719,0.1778751351793575
93,MA-168,62.749959812108024,0.11793039743940437,38810.91721095125,63.25267871575597,0.06319424963330456
94,Mean,148.50358897372305,-0.11299144926273041,600660988.8623743,148.04695797414928,-0.12465623854847596
94,SN-24,122.03075592190322,-0.8026309871358437,764428603.1397557,120.93061132580998,-0.8080078695029405
94,SN-168,135.88415606430144,-0.935389002952097,792077446.3410531,137.23008695512777,-0.9357670974357946
94,MA-24,113.33698125208396,-0.05120314636464918,583749926.4872131,112.0847949496067,-0.054948838136868794
94,MA-168,124.41146344885485,-0.11149321711168225,600256568.5652732,124.62500903223983,-0.11841619791245983
95,Mean,82.00948787987903,-0.0019414321393420586,124678568.26219644,75.3888830515464,-0.0022812677918502278
95,SN-24,46.20748684685198,-0.9944989606272845,175908791.77454424,45.52819107211919,-0.9951788861693209
95,SN-168,68.65802470153119,-1.002949276553244,176281044.08742046,61.97501748979931,-1.003631754196062
95,MA-24,34.86112244285434,-0.0011297500231730595,124628056.39352587,34.902827971560775,-0.001471052823979191
95,MA-168,46.60052342603149,-0.0010511045075103365,124623161.10884337,43.85409561044792,-0.0013922200084897085
96,Mean,88.75963277761456,-0.24651274815728197,5977.057456478704,81.4502774957822,-0.1590089914418209
96,SN-24,69.40074617426694,-0.5138028119932885,6586.788555773551,68.53010258272566,-0.5859898341806435
96,SN-168,71.75098898736564,-0.5230130086512972,6606.79566056097,69.84812908573096,-0.5968853770077804
96,MA-24,52.37264372037057,0.1717329813712053,4872.190409340563,51.999050500903465,0.13140994338862666
96,MA-168,53.86237652385647,0.16940906613887552,4879.020710614911,52.753825387281005,0.13030820062652615
97,Mean,86.9815380664773,-0.09487380620948938,7712.5748019504545,79.15718680255779,-0.05445714583481709
97,SN-24,66.60816076961011,-0.7181240807464104,9661.501344684622,65.43648143448969,-0.7651406673634638
97,SN-168,69.25604103536985,-0.7301508882950876,9695.257457952586,67.30461082793605,-0.7819599428159083
97,MA-24,50.761249888498995,0.1025095576064109,6982.842916574208,50.1496402237866,0.07798938645943843
97,MA-168,52.61262919924226,0.09274461490519814,7020.727771086365,51.022328360048206,0.0691820966077662
98,Mean,101.52248565801074,-0.12295379412250473,5631.7601182237,96.03528984034766,-0.07992410908771808
98,SN-24,77.33042035261107,-0.5751601768609182,6669.995889884388,77.42563054595722,-0.6203559986566671
98,SN-168,80.72538117085338,-0.6609716451870029,6849.2704307767,80.41231623504615,-0.7113001117283622
98,MA-24,60.5832847985748,0.13905977043980433,4931.166940589891,60.80497769418366,0.1140313045458653
98,MA-168,62.0512852248966,0.12014344882768413,4985.0456605132895,61.996986612866124,0.09459886373991289
99,Mean,101.29373943633395,-0.11022484658142151,6147.0727513333895,94.59697555776711,-0.06953849641113408
99,SN-24,75.2309605518893,-0.6589430092399493,7514.128455802654,75.87121110286559,-0.709101557928548
99,SN-168,78.60358280563337,-0.7273120129301305,7667.402789569773,79.35332807338862,-0.7816712941746664
99,MA-24,58.18724728021697,0.11355995278501374,5492.721330197402,58.721353169307754,0.08673270136669309
99,MA-168,58.62027522751953,0.11359187122267433,5492.622439887706,59.15587275744757,0.08695446158953746
100,Mean,57.762509224500235,-0.0005331136514477031,18209385.78220923,55.43523601835858,-0.0028724125793404554
100,SN-24,54.351003082796126,-0.7875509460046144,24339338.894076344,53.871986107337186,-0.8080490643096419
100,SN-168,50.909394487257174,-0.7282040488471082,23931894.119418833,48.6012121910573,-0.7312380937232879
100,MA-24,46.702766088446744,0.015823903175886667,18059926.149358127,46.915271803786865,0.006625313032971647
100,MA-168,52.31153559515329,-0.014010636102152363,18331618.848889973,51.858369222594746,-0.021448287519272524
101,Mean,90.95840282155841,-0.06781154665408429,188965.5244454317,80.10556161417938,-0.01729210043240803
101,SN-24,56.10815162420686,0.09538983123485201,173926.59848124778,53.10308043950535,-0.008225098902391537
101,SN-168,66.63656735895998,-0.11040423948819433,192697.38734673802,56.35546677810957,-0.1481656549394026
101,MA-24,43.32297474268672,0.4840893996155389,131347.70729204416,41.27171861245588,0.41919428218138155
101,MA-168,49.75171214776794,0.4393848412225989,136920.25179383424,42.52625979038876,0.37563079703506097
102,Mean,40.612064175878295,-0.1718873383930064,310148892.06169236,31.22285669151023,-0.07197624867893682
102,SN-24,30.540105905283905,0.3416349714157295,232466662.18870097,27.17654372580089,0.16238237125360022
102,SN-168,37.40288909406802,-0.038201112902833456,291922821.64206445,29.740765395216727,-0.004981784249171506
102,MA-24,30.5516964641051,0.36314203790981303,228638095.8166422,28.744558182536746,0.1293878564479095
102,MA-168,34.00868381128372,0.23726804767512566,250214960.7002755,29.96429329632313,0.0482255875925347
103,Mean,103.59280931985168,-6.751037890370041,6672709.6174901435,94.46991906710734,-6.318809457446933
103,SN-24,20.95557458027293,0.5315102475289681,1640485.3017587122,19.233692434542085,0.45080841409541805
103,SN-168,39.79067343397767,0.05080501964823858,2335070.580143022,32.61843568369502,-0.004771375278699086
103,MA-24,23.121583143071145,0.6308301926725541,1456248.1382892919,23.14428821885588,0.5578605890726462
103,MA-168,30.374480411234966,0.5486007386511798,1610284.8899015505,26.40609767186027,0.48975308436822806
104,Mean,50.85787192790945,-0.003055741459664585,17827905.521920767,46.79418142345988,-0.003600090330797334
104,SN-24,53.86879269659522,-0.9470953256253383,24838844.972416785,52.825889123562206,-0.9481669358554827
104,SN-168,60.2656489173332,-0.7846766743871385,23780312.835444055,55.703600805770336,-0.7858114052324461
104,MA-24,40.91750522305023,-0.0014448603517791536,17813584.19628436,40.43920181274655,-0.0020002919945862896
104,MA-168,45.03265200750915,-0.0023171496212248677,17821340.597452026,42.434975017220815,-0.002859893235544364
105,Mean,104.02309830557708,-0.3303372096864525,19410.008034026945,99.4033967678441,-0.23665399183818714
105,SN-24,48.172457432431855,-0.12517210135067147,17850.661867541647,47.249094995502475,-0.15075955842686994
105,SN-168,55.13015419001957,-0.5501633982779264,20952.390760308783,54.53854757928792,-0.5863435590583421
105,MA-24,36.28481567042539,0.35889854052033,13474.36255266377,35.73428671664318,0.3440890146648554
105,MA-168,40.2827071731045,0.3226847789580003,13849.696728528823,39.82632355097835,0.3074576061998391
106,Mean,37.862696148799394,-0.0063636001530578135,28227194514.196815,36.619935023208825,-0.00011679386804530623
106,SN-24,40.617160348714584,-0.2703325994152119,31713850714.417316,41.047363101443125,-0.33349910111773884
106,SN-168,44.67161457109226,-0.48943294522133374,34340035034.37396,44.867818434574374,-0.527942173777824
106,MA-24,30.55253946268434,0.29106674198417937,23691520341.89197,30.96597374036544,0.2542396379569817
106,MA-168,34.885769542115185,0.0819456695802051,26960283065.277134,35.70691336390533,0.02695588102989177
107,Mean,78.41463525876839,-0.17217580090904705,1559361790.5599594,79.07115010913255,-0.200425314904922
107,SN-24,65.47566894291653,-0.3483217190024608,1672427414.3370686,66.3377334071029,-0.34325032542228606
107,SN-168,83.88920008415442,-0.8825996142551282,1976193631.5758488,85.04493159952105,-0.9406190284347482
107,MA-24,64.61633883578762,0.2591538632592869,1239694067.7393253,64.6818833972115,0.2700020182403505
107,MA-168,74.73189793348386,0.037026427875506585,1413375949.654901,75.54219240847144,0.02841046981238815
108,Mean,143.00101840037192,-0.018194112347581948,15269801.903036961,142.38076447377955,-0.01493092471687052
108,SN-24,94.61180187756743,-0.657079601471857,19480037.915011063,87.07945107117276,-1.141175007524026
108,SN-168,104.91326168867911,-0.8618044047708329,20648339.817931347,98.36013331964537,-2.5175807439790363
108,MA-24,81.1596535652263,-0.00032826341536185133,15135242.441448119,73.78301478705903,0.005702975459514925
108,MA-168,89.03112859734289,-0.009580260401574892,15205073.978500135,81.51459411411116,0.0032028895761407883
109,Mean,135.9602768275226,-0.09271347535182106,84466871.62499796,133.92521312487762,-0.1007807242504668
109,SN-24,128.15990714585232,-0.6378909493485225,103413146.35314374,126.57906916561912,-0.6347892107460458
109,SN-168,132.00123212392214,-0.7787856678226561,107769302.24214344,129.2689396884417,-0.7766618599600263
109,MA-24,133.02957075911348,-0.08453532983923706,84150192.2118166,133.21315620184424,-0.09186059506794853
109,MA-168,132.6384391341487,-0.09268570099291917,84465798.13768013,132.8745673108195,-0.10008736641941929
110,Mean,87.39423066001069,-0.005198445095345949,12418195.753328227,84.8023056879215,-0.005671895967446439
110,SN-24,96.27277618846173,-1.0052900373401306,17539661.012956586,97.58767054227118,-1.0066000464074336
110,SN-168,100.61902354498801,-0.9877502281816921,17462784.85578329,99.84661690826255,-0.9868141452113821
110,MA-24,83.83336013376405,-0.004744443707523249,12415391.07586906,85.51129727915641,-0.005218434870411626
110,MA-168,85.83875010096584,-0.005012458038682555,12417046.860523509,86.3770388151919,-0.005480814053959282
111,Mean,115.87507018015835,-0.06427360795593762,27681883.07845868,115.51083034187089,-0.06638804565454581
111,SN-24,132.09496195763464,-0.7863536073868898,35863502.33425781,131.5487421339845,-0.7660312113976477
111,SN-168,133.21678616138766,-0.939543502389119,37369625.54702307,132.42929015460248,-0.9184997903937615
111,MA-24,119.29563774431051,-0.05845982565389263,27606170.95470766,119.23270360092792,-0.05984194377207608
111,MA-168,116.67423399274068,-0.06402485653174605,27678647.862347707,116.48129302692138,-0.06601594488588902
112,Mean,199.9999999981976,-1.789204244017553,2229.5927576184167,199.99999999828535,-1.9664048230071765
112,SN-24,61.46660980436577,-0.8105051632529912,1796.3264725421889,60.20794075142485,-0.7721700095913262
112,SN-168,72.51978775784794,-0.9964964076388709,1886.3386047353465,72.68117460693647,-1.064812187224316
112,MA-24,46.22358285977018,0.05553276292477438,1297.4147615649742,44.96266483274599,0.07500985036059604
112,MA-168,54.1564904369488,-0.10572339104554529,1403.810979522469,54.127445752550095,-0.11713170277788865
113,Mean,74.47820189552799,-0.0015799795702464703,661633229.8829422,63.75134924710106,-0.0029203456553226204
113,SN-24,34.02985068403072,-1.0009195564913251,935167286.3864499,32.41905850835798,-1.005370359910478
113,SN-168,44.0414135049519,-0.9226022470560766,916683078.2158527,36.29069487142594,-0.9267447626839969
113,MA-24,28.965745590764175,-0.0066518300263602725,663306320.0969789,27.8887340833703,-0.008892885612673984
113,MA-168,32.96969116797319,-0.006616416627444055,663294652.6379774,28.11981355903768,-0.008828320324903549
114,Mean,39.85681231291466,-0.014197371579865115,137584.23968013303,38.72612975431261,-0.027122743320215248
114,SN-24,39.11579635809956,-0.6014113254410725,172885.6295098263,40.03240984932807,-0.620109114883062
114,SN-168,44.95562971068908,-0.43534759808289447,163676.37246642655,43.912010680963945,-0.4000773724422877
114,MA-24,32.85939564030711,0.08149831873133606,130932.48954948154,34.07954401896339,0.06547368756468053
114,MA-168,34.601326267593734,-0.006502614418232744,137061.31729129242,35.53497276052039,-0.0225362192029539
115,Mean,181.23724933765018,-0.0006953858239577837,23867250.322834432,179.53499236497552,-0.0005354918746436343
115,SN-24,87.55973205710194,-0.9867728758595016,33629898.03495845,89.53069759385409,-0.9858981931589292
115,SN-168,94.20560310569387,-0.9729720931306758,33512892.283046655,92.69978303892289,-0.9702780092639034
115,MA-24,75.90234560367185,-0.0020367561935032974,23883241.253516365,78.16458057825201,-0.002023996189683963
115,MA-168,78.55262307997162,-0.002053928119935655,23883445.89646094,78.93230492080919,-0.0020611050762340266
116,Mean,85.5665417393453,-0.15877184584134385,296285192.4784123,84.73113088944181,-0.19307171714399707
116,SN-24,85.75334852898109,-0.5641097303314513,344226727.9350132,85.93360019858198,-0.6056872316656674
116,SN-168,85.69145861987487,-0.5696354681638969,344834239.550569,84.37947850689426,-0.5904344242739019
116,MA-24,72.67755282763765,0.02394686282659597,271924106.7681861,72.90527492412157,-0.0018361234785424507
116,MA-168,81.07047487560617,-0.06760332523010537,284391059.15137154,80.64458188107764,-0.09293244695627845
117,Mean,83.510580117843,-0.01564389524135823,152959673.45532396,79.79612901309999,-0.017771861337811723
117,SN-24,74.42230210916311,-1.004148324121549,214867705.66868162,75.57917168741169,-1.0101899324257038
117,SN-168,77.68220066577165,-0.9857254996054545,213877856.527509,75.90162184663349,-0.9748597497572604
117,MA-24,72.72834773996505,0.016981784283262247,150482847.09095466,74.30847103605758,0.015617409299365503
117,MA-168,75.21221631557793,-0.014566260207733661,152878504.0362333,76.48571019887692,-0.016588076589298062
118,Mean,124.78226740286192,-0.06834453735440338,91013010.39205123,122.34221450251115,-0.08370021602737898
118,SN-24,112.86989472684603,-0.8203065177468953,118800994.10118487,113.00557398441258,-0.8019064787788768
118,SN-168,110.48985115732512,-0.8857365406609579,120917266.55902633,108.5838981902953,-0.8265501271286457
118,MA-24,112.12295580823799,-0.056860342794769814,90522515.4432071,110.99580378336564,-0.07058002747097003
118,MA-168,119.30493231096118,-0.0926931026382467,92044303.0288361,118.23057156138579,-0.10794002132963465
119,Mean,74.67871516745842,-0.007525901075674968,780998.1363391897,70.77028661488394,-0.009591768862151184
119,SN-24,72.53816076869607,-0.9592623040943258,1089101.0559771154,73.68800674391741,-0.9635258962574687
119,SN-168,76.74137547643208,-1.0071609774840766,1102333.4603150806,77.53835853869899,-1.0115592566061826
119,MA-24,55.432712199299964,0.003973688803524222,776528.3095096496,56.40086834061759,0.0017912344910691047
119,MA-168,59.10120128157376,-0.007964231461381477,781168.0069044553,60.126015266050224,-0.010184184381415662
120,Mean,33.38271470998001,-0.12382421787340703,19556.312384229426,30.182681585637866,-0.06868613872614615
120,SN-24,30.15315547057918,0.00990933500669322,18355.881926135142,29.408465714737115,-0.02707383013779241
120,SN-168,34.29537739356915,-0.521511878698568,22754.92697938616,31.720689353116388,-0.5541199370260117
120,MA-24,24.328850702790486,0.15707901575243055,16936.794001451733,24.175304630172384,0.09706729546844484
120,MA-168,27.35057730391131,0.05975099218074764,17887.894072776286,26.174581471882586,0.02170475939991512
121,Mean,66.08257902510856,-0.00026934281472557053,72658.73425603873,59.99180732381192,-0.008551650835832314
121,SN-24,77.2858117587423,-0.7518305795423594,96155.78115131328,76.26577084145246,-0.8615657772324379
121,SN-168,81.2315856465867,-0.8423419197620101,98608.52572539626,76.20805504972581,-0.8779582056805217
121,MA-24,60.49085032455037,0.011585357674029018,72226.89315171375,59.91952254595686,-0.054692281987864355
121,MA-168,62.94375499354855,-0.016166494955496935,73233.83622182182,59.81224135884449,-0.0580169922009286
122,Mean,35.51080711083281,-0.03550922957226432,6850.546046097419,31.831371508191346,-0.012149585114179517
122,SN-24,41.181311206759574,-0.7054689022092453,8791.644227594388,39.190433770088596,-0.7922797925286458
122,SN-168,44.62124927456356,-0.952534511235877,9406.922414899303,41.96605487654359,-1.0185753625662612
122,MA-24,29.942557143775524,0.0991977306128301,6389.442093218805,28.726569591003077,0.04827196079932661
122,MA-168,31.99779029130599,0.015040799222359458,6681.243859807034,30.330018180313793,-0.028032609687254295
123,Mean,115.17428772951,-0.12661257046045282,125404225.53593838,113.67312561830185,-0.12747943128772543
123,SN-24,115.30237086427174,-0.8211551486090032,159440389.66167796,114.09077562012597,-0.8190138673607477
123,SN-168,116.40614832310594,-0.8167008026040325,159245283.42247486,114.42295279586925,-0.7885438857323186
123,MA-24,112.45276826137103,-0.10161532411769447,124005188.93802427,112.14786864745929,-0.10184411402617055
123,MA-168,115.02499144486389,-0.12117572639085661,125101269.66818492,113.93698680767359,-0.12037866032955669
124,Mean,74.92156125752936,-0.002575676864976062,2470601211.497614,74.05910726569788,-0.011871923318749866
124,SN-24,51.09511168442034,0.3884333651805054,1929594087.7498949,49.99119586232369,0.38099802234168023
124,SN-168,48.9181494574277,0.5941235942510821,1571958118.0773058,47.32718426727904,0.6051870876003216
124,MA-24,64.17595332721623,0.17953846469561408,2234977630.2384176,64.23029666998022,0.16122446573315619
124,MA-168,68.03432788242894,0.0431498470705004,2413604090.998479,68.20479224560614,0.01877157964259979
125,Mean,95.72828036915716,-0.023729671959431986,4748248.860741942,90.27508462564973,-0.02676535832646887
125,SN-24,93.30749112788352,-1.0192333892157879,6668591.071489035,92.42602281932113,-1.0263260362643356
125,SN-168,97.54391556567276,-0.960792609206464,6571381.151843823,94.17418542250395,-0.9355431155360483
125,MA-24,83.24792228565039,-0.027396500093332943,4756744.975494223,83.32172233476585,-0.03021422812353247
125,MA-168,83.75875164978618,-0.027237129559193995,4756376.026218845,82.45431655738426,-0.030090980387557975
126,Mean,55.40298053908794,-0.056810366534747914,11480678812.209848,53.492377051961945,-0.022678344581123833
126,SN-24,35.450524038126225,0.40748877437897746,8596414067.23938,35.34934044327489,0.38938100948122545
126,SN-168,37.74699509612757,0.40660922501408403,8602792146.108547,35.52111366565658,0.46197908186965875
126,MA-24,42.878776853932735,0.2989194989180519,9350890662.936926,43.29746080311271,0.26558577855640597
126,MA-168,47.41647165252205,0.12427400171866776,10450887104.539114,47.66931750778761,0.08474165181989946
127,Mean,199.99999999915616,-0.004157171128507997,4527525.182346943,199.9999999991993,-0.00435903778128699
127,SN-24,108.89384753582996,-1.008121794786816,6402580.570552865,108.5245825962046,-1.0070108758948733
127,SN-168,112.53434859656267,-0.7597857839539219,5993630.007546686,111.31079651453848,-0.7566067760937101
127,MA-24,91.97932799655018,-0.004011878495534527,4527197.6241368,91.31066624147394,-0.0041598798077824295
127,MA-168,94.08624254685952,-0.00402326080325377,4527223.286089373,92.68117622802929,-0.004227941938845126
128,Mean,96.13423929873886,-0.03491966496876242,19058165.216131017,88.84875113521869,-0.0442516798253787
128,SN-24,88.57217322036064,-0.999975057579289,26493544.03492081,87.25957499211538,-1.0180976035485925
128,SN-168,93.5073194547508,-0.9698415613642681,26293198.255146716,87.96509813386339,-0.9454402632377434
128,MA-24,80.95016324998628,-0.04103811687097836,19114418.196041293,81.27238502416189,-0.051052582349046416
128,MA-168,86.85176508302598,-0.04792956721598629,19177580.524447408,84.75950547296507,-0.05723189701220366
129,Mean,140.49385337210728,-0.1480816911256544,160327708.26710784,137.93306722107715,-0.14393276954331413
129,SN-24,79.09503352029232,0.11278875854305681,140940467.32291713,79.01790084024654,0.11923228610755188
129,SN-168,78.0170823073729,0.2701436338066273,127832384.3340541,76.44688690032315,0.27162704616903666
129,MA-24,115.65313038740967,-0.12260051624424362,158538523.06314462,113.87620370667699,-0.11540391576834219
129,MA-168,129.5525181901004,-0.15230105752063428,160622051.84364387,127.76933961797678,-0.14720724803936447
130,Mean,118.56665098500147,-0.09511000767591749,1225831121.742854,115.70709779573033,-0.10282391226550147
130,SN-24,87.47476871052604,-0.5161477895358786,1442356240.1552205,85.8084849065645,-0.44839128747779666
130,SN-168,80.98739071972865,-0.01866667991581039,1182273130.975678,79.84705052186239,-0.04754764694139113
130,MA-24,110.66875894520469,-0.07196376247209524,1212807353.2832778,107.81817171041747,-0.07269862526837856
130,MA-168,117.91922950573436,-0.0924000509182803,1224313462.7964408,115.75496898055316,-0.09910789221084326
131,Mean,109.33910940108058,-0.06736601001174214,195797263.79262167,108.65374792014002,-0.08039332758257856
131,SN-24,93.44337765014818,-0.36756554186430357,221627684.329316,91.49574429218947,-0.3119222522008098
131,SN-168,95.13002518252519,-0.38380163241885934,222939413.01404616,93.49035917169762,-0.3232641607210587
131,MA-24,92.54803389136396,-0.026607154188841298,192022481.27010414,90.1604452794835,-0.02288806425553558
131,MA-168,103.96263101351961,-0.12671478923293011,201167088.9982281,101.89629906720587,-0.13340678335313605
132,Mean,143.33648271243578,-0.16721960036762473,351575287.5828245,141.47600463737336,-0.16446016789114437
132,SN-24,98.14467326459176,0.0673501875473449,314268865.97322375,97.54131386701448,0.07419734368825648
132,SN-168,92.25235072661498,0.155590804596493,299032596.480502,90.06436108365618,0.2553514765080622
132,MA-24,125.22334779890643,-0.1328684119583965,346363235.99488056,123.05585708352551,-0.12720405530874745
132,MA-168,135.89911441616667,-0.16949076607029845,351917167.4187213,134.36668529501864,-0.16542370076679735
133,Mean,151.27525919348133,-0.1534050013472923,97938316.28787273,148.05610470487258,-0.15852478106088985
133,SN-24,118.79624078888016,-0.19357764525501064,99629294.85622618,118.22361710553757,-0.20493970184784027
133,SN-168,117.98754908159283,-0.007316094568320164,91526025.77761146,117.14816197732942,-0.015578957842989238
133,MA-24,145.6962595285497,-0.1418533757104674,97446644.36209382,144.03889175677168,-0.14524887416464738
133,MA-168,151.26468547124395,-0.15445728641111067,97982982.0956598,149.57509976484835,-0.15879820786391008
134,Mean,127.32552889305542,-0.3395181651309145,398945794.1877542,127.7922212063457,-0.3439413514670602
134,SN-24,108.0139413731541,-0.26796180150325144,388143816.9772483,107.04499743025629,-0.2747810632654184
134,SN-168,101.88091866850016,-0.14366023090900515,368627810.69720376,103.21677095485866,-0.1801957224326589
134,MA-24,100.784252820125,0.11786741935507905,323747570.8874696,98.80690763958005,0.13536181567177752
134,MA-168,119.5349834535295,-0.2216017134499375,380981953.0759165,117.5395754699447,-0.20304181326931525
135,Mean,108.21065830807268,-0.013435540855621264,19187878.373525035,104.99613442366038,-0.01533831775540917
135,SN-24,79.05697577184901,-0.9774702620159885,26803028.743762605,82.8608044795109,-1.0065955514727758
135,SN-168,88.77570679356057,-0.9963952807112644,26930980.089478225,91.85573531640696,-1.0108190882124686
135,MA-24,73.59190470092915,-0.011291338096923065,19167568.99748585,78.32603306637577,-0.013131500447562283
135,MA-168,79.7433947195719,-0.012648321239717264,19180424.515773036,83.73633224791008,-0.014473236403546474
136,Mean,68.68957819858832,-5.9446525291662056e-05,2880424766.564526,65.7926070845192,-0.005313473775346189
136,SN-24,50.71213635042876,0.18683931890742478,2597358000.3005333,49.65390545730951,0.1599004449945003
136,SN-168,53.409179470285764,0.13656850506735396,2676440365.7538934,49.983638201143904,0.1785142788791948
136,MA-24,60.612346878226944,0.11126551556029307,2715373930.179711,60.354819767649595,0.06758454050433949
136,MA-168,62.76740421116526,0.03315048702173029,2832194464.1138945,61.85917667935706,-0.009942382767162528
137,Mean,85.6195458425655,-1.270487656755833,72513.48591508843,87.93280095606156,-1.4184333778028457
137,SN-24,42.49135194637391,0.1846932713802144,43452.995836300084,39.95286575785202,0.20296276174525163
137,SN-168,53.90080674745064,-0.23613031461972156,53504.6268104225,51.74573267251308,-0.165253458518825
137,MA-24,32.917051068137546,0.5068291702767977,33795.42412505094,31.471047575348308,0.5011099326553794
137,MA-168,45.42716977944373,0.21450989633956608,42651.034513121645,43.13631800270802,0.251204671758263
138,Mean,121.31325869219427,-0.006933301104799172,158482084.0324654,112.81922559004624,-0.008446439458225541
138,SN-24,103.13800352358102,-1.0077337965480218,223785985.90563804,108.0546463177919,-0.906094306305792
138,SN-168,111.48332728803487,-1.0477527153125616,226005275.5160465,113.07269755077274,-0.6944896333700823
138,MA-24,98.43528631102939,-0.0093933069780896,158675557.14025784,104.7006147733738,-0.01098712726588058
138,MA-168,103.55230662396725,-0.010011875478501242,158724168.8499949,107.22599940099158,-0.011631189941461395
139,Mean,60.13161797015339,-0.04061469662765904,62025567.46364792,51.162336735066475,-0.07704914947674357
139,SN-24,59.8306546730745,-0.7248520645360634,79854922.97484694,57.99026128005439,-0.8265530191221806
139,SN-168,68.9608180372316,-0.8038378399191726,81662846.74216498,62.184367886181434,-0.8611617807435552
139,MA-24,49.68635023310652,0.039889123049302144,59578074.555583276,48.72765159308941,-0.01687340561485029
139,MA-168,53.79675867790377,-0.00010736379195641632,60806370.473092355,49.77079133101543,-0.04906899723681413
140,Mean,63.64161181965953,-0.010203823316805583,22987.767556701674,61.67784837305109,-0.011841939244881194
140,SN-24,69.80042792360663,-1.0162284585443535,32475.972377522998,69.38683271399287,-1.0196682051891184
140,SN-168,73.98699249844636,-1.010029006894031,32426.005762443776,73.69570950626112,-1.0134140631115724
140,MA-24,54.985372559687264,0.01921926487920711,22650.52415608622,54.96674447727401,0.017634809786325034
140,MA-168,59.2715069779142,-0.010200089854899064,22987.72507812864,58.786040739594746,-0.011812325482892794
141,Mean,99.86588990465766,-0.029016955410538836,3916117484.3489923,96.63411893793463,-0.034391745678765684
141,SN-24,75.4741840292368,-0.9094576935821934,5334570599.274022,73.16970034985249,-0.9213591100805758
141,SN-168,71.46653111991009,0.14474448765269732,3570198702.7280974,65.4225383870534,0.2604887341333222
141,MA-24,92.45350179551104,-0.029178859375312838,3916425550.220182,90.07730110254738,-0.03448286160631375
141,MA-168,95.9818116438332,-0.03534440375188419,3928139179.381081,93.65471792130782,-0.04053254110399451
142,Mean,103.69595926024273,-0.053586047742148146,24234632.145126633,102.77755824151807,-0.05924406420805095
142,SN-24,84.46634917160299,-0.8425964705229885,32049152.09021596,84.18451034167053,-0.8545405812944589
142,SN-168,82.48169673895057,-0.7615973997165242,31336808.014021583,81.34889479208773,-0.7601732188332846
142,MA-24,91.78230733664216,-0.04283722954974767,24110692.83155368,92.72995177396001,-0.048176449730505055
142,MA-168,100.36990219420143,-0.05377766230589143,24236835.808205955,102.11363653810925,-0.059111982017911124
143,Mean,148.39584877546235,-0.07465804017850819,165049124.27433926,146.8278867832044,-0.08218154950351275
143,SN-24,115.95205972273605,-0.7500334335581014,210620796.65616557,118.5106304716845,-0.7638483355646759
143,SN-168,109.4864846934879,-0.429002990256218,190324477.86569086,108.88964377190116,-0.39081873610593676
143,MA-24,136.1058735558214,-0.07452289270039159,165038745.77559218,138.4491868093984,-0.08201965236733932
143,MA-168,143.92382210442636,-0.07600821976014904,165152773.9928225,145.37800158076442,-0.08341318509860729
144,Mean,91.07403643016082,-0.00018707597063327697,89438009.91142033,86.3514322619389,-0.0003479989198365008
144,SN-24,110.28788140519194,-0.6853705550208595,116099195.13583286,110.0193233865435,-0.7668957028138987
144,SN-168,114.12302452401563,-0.914089846667175,123726482.90519758,110.08746824835447,-0.9199652718881561
144,MA-24,112.68070841644008,-0.010855499607709707,89913736.75548115,110.27544699998796,-0.07222694785880335
144,MA-168,124.06318639854521,-0.3346460139388532,103315279.46333516,118.2030865582392,-0.31857092195372916
145,Mean,95.10896551800643,-0.1376166038729687,717023900.7104225,92.43905226398087,-0.1464961908616762
145,SN-24,82.13238234110624,-0.10514566701141037,706716830.0790666,80.25923793370117,-0.13137348423546769
145,SN-168,79.03397891705298,0.03794821598754716,659378672.6262896,76.34016847378962,0.030221988023583446
145,MA-24,90.81941421595114,-0.047321912266310884,687979925.6862113,89.17162654387417,-0.04806905776235082
145,MA-168,94.57719180236982,-0.1211425022303505,711813269.4068112,92.57279106893017,-0.12413063513533995
146,Mean,103.30919269656826,-0.18051271009734826,1991608202.7880354,103.7376451067967,-0.18981681670787243
146,SN-24,77.07245937008574,0.1419873280970354,1697912961.4635541,76.46441422029584,0.16502419503904264
146,SN-168,63.827534371772884,0.427019523243082,1387517549.6587355,62.82196903729268,0.4671832899611913
146,MA-24,78.79694355327995,0.08973610809845989,1748848667.5579348,78.05223555973446,0.10191316095397529
146,MA-168,100.52336553426255,-0.15276367338411934,1968061718.4873793,100.58419551113195,-0.15865497756860814
147,Mean,138.76997854530975,-0.23510821166895246,1620677783.9356287,137.8794483200384,-0.2644462424767451
147,SN-24,126.93468634389329,-0.7125269453419667,1908371319.800547,126.41753263468927,-0.7153677464569188
147,SN-168,126.70808056074081,-0.7667909418418637,1938370342.2905838,125.0496438299358,-0.7595909860163517
147,MA-24,132.7627989446762,-0.15033090048933562,1564067771.9749074,132.84686263761486,-0.1812232397503437
147,MA-168,138.06163557350777,-0.2136045317282531,1606507543.1568983,136.58335497863865,-0.23722570821474864
148,Mean,99.19780726153154,-0.007096725240136159,791204862.8807168,95.6946464646492,-0.010718774953193844
148,SN-24,68.73005512745108,-0.17412546820743247,854300401.0053612,67.41051194126598,-0.18865910903667404
148,SN-168,65.41333864671634,-0.018023973694569317,795485666.4511617,62.96060174925299,-0.025093016738740204
148,MA-24,80.46050678830086,-0.03866886211439158,803511158.1631699,78.36724906863058,-0.0387222320018219
148,MA-168,84.55134026505638,-0.08770603092462115,822259924.8747633,82.14555749282775,-0.09043116761754733
149,Mean,115.82347601563757,-0.054423825066252984,855655711.0927081,115.12222890298752,-0.058894954013235745
149,SN-24,96.92106298563424,-0.6195021500552509,1060430505.5887508,96.98160860483807,-0.6280882221132158
149,SN-168,88.02800148241707,-0.49190732213802946,1017799822.7937514,86.83051408530437,-0.4793214124098304
149,MA-24,105.93101010832642,-0.03816909625873821,849034810.3344877,105.27032227423815,-0.04239535145110884
149,MA-168,113.95441635539949,-0.04883250842617737,853384043.310647,113.8397636166078,-0.053203813733017524
150,Mean,121.69873197872316,-0.12292146046221575,505888948.5258181,119.61732287866278,-0.1258350757413449
150,SN-24,99.64093178817477,-0.6794937247830213,618685152.7213166,99.68721828483477,-0.7012249256325451
150,SN-168,93.5733219491151,-0.6213882025230246,607888609.1680743,92.42358927881438,-0.5541388369069948
150,MA-24,111.68808275516706,-0.0803917702175787,496216424.1834263,109.60589394933807,-0.07784364059023763
150,MA-168,120.53624036842925,-0.12714935010826256,506840410.08176154,118.55385459698033,-0.1275203899434898
151,Mean,115.36922864652135,-0.08050022902434817,385511727.6809719,111.29460145317758,-0.08464090313515005
151,SN-24,100.04623076809176,-0.5868770469282361,467193510.7572081,100.29309631547588,-0.6002200953717631
151,SN-168,92.50990514534107,-0.6338661206049288,474060091.91462,89.90860471096383,-0.5994496892495214
151,MA-24,109.31994843968644,-0.03345411561686196,377025532.68666875,106.92280971511359,-0.035331269837602486
151,MA-168,114.41832900840146,-0.0789957018651204,385243234.0253164,111.69437059327709,-0.08221269127924469
152,Mean,108.12887239209819,-0.16870629894274258,277647065.5802589,106.50394798462075,-0.1856354775934561
152,SN-24,91.52460567638691,-0.19477083927282823,280726042.0325354,90.37728029889638,-0.17567064466562243
152,SN-168,82.7350832979536,0.0928665215606711,244611005.61326504,79.74877357127947,0.1316884812948812
152,MA-24,100.97803495116999,-0.11562920790663322,271269104.28642696,100.5265863037269,-0.12920054288303184
152,MA-168,106.86787883273057,-0.19777820123854384,281079128.24727875,105.2070165399122,-0.2129643453219665
153,Mean,83.09644247123516,-0.01637429615727415,587243256.7350037,80.17302306475528,-0.030276227640394726
153,SN-24,79.8928077472293,-0.15297945351534104,625463521.7873956,78.6265907766966,-0.18411144989320682
153,SN-168,79.9423049018868,-0.2796608392157349,658929030.4405273,76.626666490427,-0.23373521372063144
153,MA-24,79.09656773248109,0.08730009673309269,556487231.6599725,78.1133863512773,0.06930846944444113
153,MA-168,81.51613206595763,-0.050240077986981824,596946617.2396858,79.18188680194753,-0.07027370402801392
154,Mean,126.79543573745906,-0.20489164387470038,148464410.61231378,123.4205447298702,-0.221311399831291
154,SN-24,101.2476447130933,-0.3512219694362324,157221418.81748617,101.55605705405115,-0.3683097981786523
154,SN-168,98.70893596070104,-0.2699616280963313,152420598.19816798,96.51973892865617,-0.21938964542948725
154,MA-24,122.84263665289082,-0.12181563874312218,143254775.13550428,121.13970826440521,-0.13801340097308779
154,MA-168,124.63849039930639,-0.15535706110558856,145380605.638602,122.19375040821147,-0.17101262954338203
155,Mean,110.8000377896034,-0.03925332884918631,711644672.0767667,110.46138567003425,-0.042551427466495984
155,SN-24,92.68500028981673,-1.0434322514437024,997889865.2614018,92.86279780944695,-1.155534964766423
155,SN-168,82.48531237665733,-1.0720347845454392,1004849477.5724955,81.71281180454787,-1.1694407327718848
155,MA-24,101.44609510766294,-0.0318947238766889,709120737.4919324,101.66397745294051,-0.03739974083149833
155,MA-168,108.76811640650071,-0.04053908138696305,712084755.3971925,108.56907707014717,-0.04381834966895637
156,Mean,120.81118084024736,-0.14418472770957091,222853264.52181885,120.55137066248602,-0.15924596028823168
156,SN-24,95.66659078678262,-0.7739751869052163,277488313.5605772,94.58362899141542,-0.7922653674741054
156,SN-168,97.01486977916706,-0.768072995466248,277026313.386199,96.69236899742255,-0.8069261821249798
156,MA-24,95.81782174269094,-0.012821566889873681,209670532.09041154,92.21956849015021,-0.017811936165662345
156,MA-168,101.08862666020089,-0.06383326567484482,214885796.3807642,97.86303304912968,-0.07142706848375391
157,Mean,92.24743523340864,-0.019695487318079463,2795684032.444207,94.38440181531001,-0.022195266388879586
157,SN-24,71.66234372292455,-0.7896889081791361,3703749540.2323933,71.27909343800476,-0.7926097974510782
157,SN-168,74.3883515071906,-0.8615603173036002,3777386236.8372846,72.14004576934462,-0.8607315099970887
157,MA-24,79.83177937264662,-0.0181224551078476,2793526820.5980773,80.68647048759988,-0.02061415620314344
157,MA-168,81.16446616510851,-0.019671386440538674,2795650993.73928,81.01566972055014,-0.022171057001235228
158,Mean,63.16311506905865,-0.007080496544062953,2697279586.344282,60.930315018041625,-0.024559792464229124
158,SN-24,51.88800193005053,-0.16303442775134314,2898612483.471011,51.234396751000446,-0.19603246069944902
158,SN-168,52.04476973254456,-0.15771461688593047,2891975644.7788844,49.76392700772118,-0.12289235065700188
158,MA-24,54.3116146356346,0.12715930854824864,2511084719.1067553,54.15743589079662,0.09398353747423871
158,MA-168,60.24765680313317,-0.036399235059171975,2736260333.9153886,60.13609682315489,-0.08162007748176414
159,Mean,94.5104957779948,-0.009854297147232183,403016447.0269003,87.17117124033163,-0.041275619972933386
159,SN-24,101.15988672038247,-0.9954297910665109,566515291.5469618,101.08064975381366,-0.9327301125213141
159,SN-168,105.64164970217371,-0.9882622925754392,565496926.8913218,102.5080025088829,-1.0169406838493136
159,MA-24,86.3512305537225,-0.009477874817316101,402941328.007271,86.44974695805683,-0.029289466503319428
159,MA-168,89.57967892611511,-0.010736559172107585,403192456.81424856,87.75025187684902,-0.040335203682542176
160,Mean,103.76758265762926,-0.20391963215763398,338116966.0647044,104.83378630501039,-0.20581559347496814
160,SN-24,91.9208956301244,-0.6846310658402692,399963737.1967656,90.36526206887349,-0.651167790544118
160,SN-168,95.24499142273464,-0.7161921743238784,403692958.11041206,95.03254022595833,-0.6266803852389711
160,MA-24,98.73414983440108,-0.11240052878731643,325011560.1709897,100.23517931675177,-0.11390618678393283
160,MA-168,99.84614839911804,-0.1360786119051689,328452375.36257607,101.14771236359019,-0.1394305628762056
161,Mean,72.16574755160427,-0.044555654099612596,484569484.15153265,71.00235642074193,-0.054143349215246106
161,SN-24,64.22067959159217,-0.37453333796410515,555863180.0155921,63.41038715862267,-0.3581044294444209
161,SN-168,60.713205555527075,-0.27424093902897995,535199927.3562289,58.279820618647584,-0.23057766241659916
161,MA-24,65.68087940110274,-0.007521875800171829,475901979.29123265,64.95212623643748,-0.018566260805761736
161,MA-168,70.4713733005771,-0.08321536563896026,493455137.34207064,69.56631757964605,-0.09369813414106765
162,Mean,85.88446735651512,-0.024131644287112897,1137671290.4533632,85.62693676193514,-0.03561015530721878
162,SN-24,75.75587461506993,-0.17348380886387704,1217804169.9595258,74.71169568091493,-0.16794732889002484
162,SN-168,78.70892694137068,-0.2979877369152455,1280779007.2012742,77.92018942787016,-0.24762054907239994
162,MA-24,85.3519577120927,-0.08792563742234027,1172569278.7845218,85.2107920760034,-0.09665118516706928
162,MA-168,84.95786124051371,-0.1081696236529186,1183428507.170309,84.91696503744036,-0.1181735511692823
163,Mean,160.4757995548326,-11.258581036908033,4031024148.5463176,158.13329182213985,-9.682690376901396
163,SN-24,45.22053584249285,0.15690077122074697,1057145206.103533,45.46577072172009,0.1471313352285898
163,SN-168,50.9524454094217,-0.030774905895271987,1168899619.534014,51.26093399335636,-0.04153596018797434
163,MA-24,39.92749174367253,0.43234973096355966,867432565.7652094,40.19407139174731,0.4254196486085583
163,MA-168,42.734993286522446,0.4066871429504808,886823470.3647053,43.30916335587006,0.39930366136663664
164,Mean,72.1585527633522,-0.49832085981901786,8184025261.444358,73.81727862899527,-0.5377315623899972
164,SN-24,38.787632517835554,0.5497441578837357,4486361102.617679,38.30638382125983,0.567115509501998
164,SN-168,40.3285538047588,0.507911153027887,4690145429.622722,38.55247825777956,0.583241731253531
164,MA-24,50.9506955770328,0.3652838280213636,5326652070.965166,50.899107257989606,0.36045854964644863
164,MA-168,55.74384115802976,0.1775000615548663,6063627101.257462,55.69932354016487,0.1674721254411612
165,Mean,170.3752287396127,-0.05240233851831233,51159536.04626505,169.74982034393992,-0.0534258904643139
165,SN-24,102.63483570226053,-0.8434900473852491,67710511.36937182,102.28771201120257,-0.8467000518373142
165,SN-168,92.65428022196305,-0.7240722400514739,65480716.76939779,92.04448416365142,-0.7512295546197281
165,MA-24,142.16884585259092,-0.04905178097022622,51078032.22693324,140.36184026167257,-0.049942276332242574
165,MA-168,171.6838243238797,-0.05201788498763782,51150190.637127034,171.72590767597336,-0.05300151605047221
166,Mean,37.39218273817036,-0.1721463119051616,6209.167920986203,35.72818137413599,-0.1467902143547939
166,SN-24,41.092354727679876,-0.4065187139634563,6801.6651856938415,39.96110298452055,-0.4602844751048383
166,SN-168,45.24609800371016,-0.7400980665049564,7565.355744631055,43.55148201832091,-0.8377373442763789
166,MA-24,31.1415816844904,0.21554809805113384,5079.554829594952,30.335313225222315,0.1794176793569653
166,MA-168,33.466406466496146,0.08433612910351529,5487.95487520378,31.924427259895776,0.10209903197333281
167,Mean,49.28090637385047,-0.49688152259379703,115628.1715474776,50.53766795557525,-0.47291192006922267
167,SN-24,32.30883104858192,0.3601448453984891,75598.08263752858,32.0708026630018,0.4057495511770651
167,SN-168,49.18720386744797,-0.5193508492338732,116492.7723185996,49.34497940968021,-0.2995980788757806
167,MA-24,23.956502810500215,0.6678629935498392,54466.388297922014,24.103636955532604,0.6840308019398628
167,MA-168,33.88968497419241,0.3548441525916223,75910.57188872679,34.35128168917849,0.40542084166779657
168,Mean,56.82883524967372,-0.0018243728519067304,398794585.1562341,52.91289459985046,-0.00021211282322264324
168,SN-24,65.19640013579951,-0.645248092292579,511056779.85887766,62.86248581359061,-0.6100466883334155
168,SN-168,66.53144772108315,-0.7490164027151889,526926933.05043787,62.84992201506332,-0.621679666422249
168,MA-24,52.311132401741375,0.02777899883650603,392858320.1488109,50.40525896654029,0.00543527127885024
168,MA-168,53.87256116627541,-0.0382509794401118,405979992.2611773,51.6978650023083,-0.06089334304593863
169,Mean,120.30314894244376,-0.007126359837691831,1949212.0861346158,123.37097527988973,-0.008006646416978347
169,SN-24,100.71734213277675,-0.6665967440994351,2507450.559313903,99.57813817725854,-0.6680641093727056
169,SN-168,106.0646354419641,-0.8425263227868856,2636476.8637349596,104.09534209838849,-0.844136619031624
169,MA-24,81.13835150042821,-0.00469314928294029,1946856.020527593,80.35590477097571,-0.005583051448095455
169,MA-168,86.09929825841668,-0.004819546273557851,1946978.4803071313,84.32006259666642,-0.0057029964570518565
170,Mean,63.06442374775839,-0.1429492782483135,385351519.7455061,62.448254719715216,-0.16246925995648231
170,SN-24,62.37704047978314,-0.41088568499823186,428143653.54430664,60.84947884063684,-0.4358169446382276
170,SN-168,65.98216420108446,-0.565630215752724,451012100.9209094,63.93631210805548,-0.5399413298568678
170,MA-24,61.53181913497655,-0.04326911102872888,368164383.0983039,60.3875076307109,-0.05363048631943235
170,MA-168,61.638362343889185,-0.08236753158099397,374999747.43637294,60.1371724244177,-0.08353223031640256
171,Mean,65.10524979678061,-0.1437856085378988,850076416.6723683,56.46831940074046,-0.07566227091525879
171,SN-24,57.84948715545065,0.5797308352449054,515287274.66231495,60.14064139066423,-0.45069664511775676
171,SN-168,64.19258720041837,-0.13373045304130038,846331606.7298312,58.9200291903682,-0.5640056235589388
171,MA-24,52.91996114254931,0.7465241603021049,400178672.4790312,55.45280631361261,-0.029733150699852384
171,MA-168,57.32300587164622,0.5086063217218963,557186308.940925,56.416717832018406,-0.08029147653920066
172,Mean,49.6157434049663,-0.031836160720871254,942596808.5701184,46.41862544027117,-0.06557599873580378
172,SN-24,49.29181036460592,-0.2727882634852403,1046884269.5478348,47.696272589263685,-0.3427368688412471
172,SN-168,47.54887108254452,-0.16034717882732097,999573119.3516881,43.31721677148846,-0.13032992276486732
172,MA-24,45.37777664621477,0.06274815371979969,898356564.142773,44.29377369049165,0.0159926745265061
172,MA-168,47.6286186871187,-0.012238915058000233,933602719.1548307,46.189461708888416,-0.06277531002610481
173,Mean,57.16510792260835,-0.021559954641702683,389269873.03810525,54.712945143763,-0.035706390997854554
173,SN-24,63.62408792172336,-0.6418958192156845,493505119.02255064,61.822694972180855,-0.6800197423745187
173,SN-168,62.67539535565329,-0.6314413967967623,491931465.60484874,59.54663093775371,-0.6023234094753123
173,MA-24,55.97699244782691,-0.0034706940781019657,385807983.45679,54.19297535242789,-0.019392721445022243
173,MA-168,57.01895290148214,-0.040259107962600016,392816414.1458655,55.05923501150567,-0.05559526294828765
174,Mean,68.30442525704446,-0.06532582590959701,769584449.0407168,66.31993372754633,-0.08165877279553513
174,SN-24,65.32643809719725,0.01031625555960236,741759768.0646136,63.77601438123194,0.0013473556266649922
174,SN-168,69.88478281318241,-0.9549501494086152,1042516408.9482278,65.31414484130771,-0.2586808025391718
174,MA-24,63.72347181077327,0.47231271666107444,541630821.3484492,62.46976091487107,0.47036578567255327
174,MA-168,68.48117588697662,0.028527665177494832,734903430.0072156,66.86280033392349,0.025604543466772767
175,Mean,173.30514411154147,-1.4272203724349013,574451883.3076898,176.5758987499104,-1.9461680114427273
175,SN-24,58.2674399135375,-0.7236224825685944,484083331.0953697,56.18282835693434,-0.6916273787909741
175,SN-168,58.764726639329126,-0.7199741580207963,483570739.54374623,54.894882974811054,-0.8968628835864487
175,MA-24,48.84168524724855,0.011839396507623223,366532780.0480659,47.09377765585162,-0.01908289570165067
175,MA-168,50.56935620639449,-0.028173548867216125,373880028.1418682,48.159339402749694,-0.06367380455656124
176,Mean,60.077763621300825,-0.0028904478002955702,1256041725.531759,60.124624158566945,-0.006465871760162223
176,SN-24,49.153080454051874,0.032396245793227196,1233746949.2860093,48.66948648047663,0.04161721123381412
176,SN-168,59.197710068560504,-0.07112975830864476,1298070744.3620527,58.25125249124044,0.013439129660791194
176,MA-24,53.64169357891657,0.0824862674073149,1201388874.9673216,53.562110815956046,0.07990781901281174
176,MA-168,63.83872646589644,-0.05450025609291864,1287954925.2060988,64.66900818763294,-0.061876759252060376
177,Mean,84.19303669043254,-0.07521718697496094,238063566.89952034,78.75706546784389,-0.09031636318897518
177,SN-24,82.64664946501121,-0.6960459746210845,298994808.5044358,79.83569538803839,-0.7151681779649746
177,SN-168,84.94108546281271,-0.7649731588770445,305009867.7784066,79.8675992895374,-0.7277597136148302
177,MA-24,74.69980203384713,0.02274326366165713,226959922.1414863,73.22752144993426,0.011617465465992849
177,MA-168,78.9438648409747,-0.023289719226785355,232243807.4921138,76.66628122592726,-0.03508604436387941
178,Mean,40.83861799464766,-0.0016903057751349593,1051172971.829319,38.76285474343988,-0.0003868174041727901
178,SN-24,37.7913803399194,-0.15529778190015575,1128897262.736457,37.06354054028842,-0.1856134920198329
178,SN-168,39.37089924811089,-0.1524875492797828,1127523419.75543,36.248391904258376,-0.060114195249101554
178,MA-24,37.35236930269015,0.08046376033449221,1007144708.1056458,36.84958873108745,0.04742232401394242
178,MA-168,38.98217252830884,0.0023700667446311385,1049040332.6918131,37.704635270047326,-0.02670160966440771
179,Mean,57.33618940536627,-0.02416697451135974,1528277221.3328412,54.59209828845931,-0.04159717614193892
179,SN-24,51.056785147873505,-0.2871570743569516,1713296510.614967,49.06863225632297,-0.3028896306592419
179,SN-168,48.35963197889548,-0.09097769031779857,1577337727.9964821,43.92298605555657,-0.023992197916867353
179,MA-24,51.696937736278215,0.0769068783850223,1450906792.3052437,50.44234661184682,0.04956975835182764
179,MA-168,54.97279506760672,-0.035565076643018,1536757899.8727276,53.3590278886933,-0.06987467408026515
180,Mean,78.18814699665054,-0.030407292786721163,332525800.5346274,67.2060321327186,-0.06613778143718263
180,SN-24,84.92570286347325,-0.7762636541980832,436590820.7228385,83.0018075500236,-0.8959496032042213
180,SN-168,91.55078077696473,-0.8748569402764754,448543898.2742688,84.88397218332071,-0.9191002358239362
180,MA-24,68.97044726729987,9.39742120587006e-06,327581106.20892894,67.32106023527902,-0.07086995174234989
180,MA-168,74.04650286673777,-0.0412296565089878,334267497.8044868,68.51873734340585,-0.1061377373194694
181,Mean,97.297305911396,-0.09591458490560933,1711556486.002518,94.00630939133798,-0.11045234007757698
181,SN-24,63.96915789344786,0.1397732341323742,1516384578.219147,62.71942746367143,0.13216855147512885
181,SN-168,55.59929173871269,0.4313204537169686,1232925080.914812,51.51871553265573,0.4515003831543085
181,MA-24,84.61449382104098,-0.04914518366857745,1674636986.2185962,82.1209472635017,-0.05177160459666785
181,MA-168,91.5866271422138,-0.14214147506111563,1747281322.2520554,89.62935597363769,-0.15004583896991042
182,Mean,114.71516870947893,-0.30046772652537457,187433947.74567667,114.03917175537413,-0.29409599016031307
182,SN-24,85.80524878270282,-0.2682924429589082,185100744.42104998,85.15318661100491,-0.27644169533094676
182,SN-168,82.71143362008952,-0.13762927755998655,175306832.63046452,81.44275139946542,-0.1387933453308352
182,MA-24,106.75961174501253,-0.1319148852747265,174865989.0296191,105.7109240838665,-0.11971683986437709
182,MA-168,108.70766166458256,-0.1908278160176191,179358906.8273154,107.82463599660362,-0.18371757207262918
183,Mean,191.06093230706557,-0.19330753614247542,142959834.59187996,191.16050569452852,-0.1989615710574677
183,SN-24,132.0430062167326,-0.7538305202011932,173313206.39607254,131.66394748384823,-0.7812768258533835
183,SN-168,133.8835292560588,-0.8357409199609256,177314209.28929874,134.04979471930596,-0.8716961087699409
183,MA-24,159.17225978378792,-0.19171227936069735,142864245.68932715,160.30486051686265,-0.1971437500118387
183,MA-168,160.78315948706629,-0.19537276177054141,143083489.50597155,162.50439418701407,-0.2009466088386651
184,Mean,76.03236407087692,-0.10056043593427466,765428929.0700572,73.05615140295544,-0.12626812139184462
184,SN-24,66.35512942002464,-0.3699826831586692,853995265.2087839,64.42294561173819,-0.37679229928164637
184,SN-168,57.35462264600939,-0.07585744531820926,756789832.8522793,53.65977421004167,-0.08011552158784996
184,MA-24,69.39341988501914,0.013200519332627003,724790312.8403106,67.89916260327004,0.002940587163903774
184,MA-168,75.13175472933595,-0.09776708477136964,764456937.8289497,73.17166636235362,-0.1178436388965527
185,Mean,59.18300749307141,-0.295261310530456,1731.23171430026,54.89683025973409,-0.2880845206076055
185,SN-24,56.880637588234485,-0.8529974682882078,2070.684418899958,55.07851545861948,-0.8265885769141801
185,SN-168,58.942511539245025,-0.9397272735075177,2118.5896132693574,56.18927730120432,-1.110528783955771
185,MA-24,42.49555355262918,0.023740156158984393,1503.0008134473378,41.50979293787719,0.012670920257885188
185,MA-168,44.59382817217492,-0.050020529817723425,1558.7461644615526,42.887570597216815,-0.06092722675625262
186,Mean,57.51205241213494,-0.7365258727309645,2435.1351141261407,52.560512423951636,-0.6197617872498147
186,SN-24,50.1393477954837,-0.5984495003104129,2336.3176725157246,48.70991559039787,-0.7011329302150213
186,SN-168,53.26791773176206,-0.8105364111537972,2486.4862708513915,49.81210042606076,-0.8602749210809812
186,MA-24,36.86042752229321,0.10872651413192225,1744.5681022075312,35.768175263820254,0.051346175579625175
186,MA-168,39.32736899556096,0.03740682185699995,1813.0251298477688,36.960247374440165,0.002530989086473423
187,Mean,56.75239075361493,-0.2106986576864922,1479.6740596004272,52.11922039826435,-0.18139187149075053
187,SN-24,54.80865931415019,-0.71237750616387,1759.7370864372072,53.224416786534455,-0.7112966787348962
187,SN-168,57.75643275868943,-0.877787436691982,1842.7704705116244,55.295248287199826,-0.955764526365374
187,MA-24,40.925753915779374,0.07720197661043637,1291.81807701636,40.18115237140948,0.056043640128552674
187,MA-168,43.54127294023864,-0.006551051079203951,1349.1676929919122,41.50215618363749,-0.023751913963488525
188,Mean,138.79855088604089,-0.12322360245702169,141069726.9292533,133.60031511810757,-0.12493069176417393
188,SN-24,86.31514313407762,0.1344635222303041,123834998.48996784,83.12384593427889,0.15033877202119794
188,SN-168,90.71187177198982,0.15212314914628833,122565179.14722785,84.1654753855619,0.17754806278931035
188,MA-24,120.06530658153345,-0.11115658965779773,140309910.74851272,115.23082163314047,-0.11123844518282855
188,MA-168,124.23574323294007,-0.12283870486302795,141045554.51571423,119.76597445735062,-0.12354207694258523
189,Mean,126.01269548882699,-0.057429401169829086,466573587.1847044,120.91867753716492,-0.06841303670726684
189,SN-24,92.1009961399561,-0.35653798073101495,528457952.52129906,90.49240447359843,-0.3773988160889521
189,SN-168,96.74836118245793,-0.24574323261147568,506417525.93475634,90.14767078738808,-0.24376459347517843
189,MA-24,98.4186312012725,-0.014503793257413022,457005362.9173105,97.72741529699825,-0.025041465844689803
189,MA-168,103.36232982445233,-0.054369880406382576,465898116.25810385,100.08551190708526,-0.06683240657643741
190,Mean,145.5614510725503,-0.18171603560616778,2054358201.3498666,146.4073567419143,-0.1777697139612049
190,SN-24,100.55152488831267,-0.4218244699165903,2253422352.319986,99.45471644417,-0.42044140266061425
190,SN-168,89.90853169244333,-0.3571475248002609,2201573227.1889644,88.9060230179071,-0.35280219183410555
190,MA-24,95.84234648292697,0.05705955020243836,1835108466.541488,93.81085490858113,0.0661297863158774
190,MA-168,137.60361572764768,-0.19196190740208685,2063244965.1984298,136.36221669905768,-0.18349641048098486
191,Mean,93.9006826069459,-0.1460214772267585,345060271.8983685,93.00614870835511,-0.1576774021470273
191,SN-24,86.53706199846101,-0.12018175351566684,341147999.54414785,86.60042444609974,-0.12362433964392139
191,SN-168,88.23102827693148,-0.034177086798103495,327790254.5416156,89.11143634179822,-0.05051086351393064
191,MA-24,85.87053372671478,0.08712487116103529,307967061.6001384,85.30387909388088,0.09105439130592607
191,MA-168,94.1866454868215,-0.12734225976145108,342236617.9995382,93.24996360372491,-0.13313712115717102
192,Mean,149.93402785631628,-0.27077800651218986,497946112.07789856,151.34531460553424,-0.267199375092005
192,SN-24,106.18851746597693,-0.13556237354921197,470709537.23978454,104.97057995365033,-0.13069081672233707
192,SN-168,91.86009741715026,-0.07884481367151608,458803782.75953424,91.85968308442972,-0.08654960199871531
192,MA-24,96.58388826869891,0.1603297590374948,404764002.34668267,95.45042619130979,0.1668304915135682
192,MA-168,144.52783982871438,-0.25898237489545783,495629703.3599095,143.32560578164674,-0.24918832770762167
193,Mean,111.76884804059935,-0.11947530784619609,370042540.7355017,108.0415122406282,-0.13055718307047193
193,SN-24,92.49564005887059,-0.16434781800261367,377385979.6807467,91.2928854677247,-0.15866373163875047
193,SN-168,84.2251455422231,0.08728575400956173,334127183.1302626,80.02989455882265,0.1356604716055192
193,MA-24,104.86972823771485,-0.08908692269447549,364985546.2860121,102.40042024486425,-0.09448762435249836
193,MA-168,107.06039474105444,-0.13471007430737147,372551957.8938705,104.73163222493235,-0.1434495821006616
194,Mean,115.18416179024209,-0.12251675930318084,231577102.44732302,111.98234689102546,-0.12270035855431827
194,SN-24,86.42536090676623,0.09376633400931389,208074708.40106246,86.32169289931247,0.09471402455116851
194,SN-168,83.77266951712322,0.24666526671729627,189711297.56131303,82.3257066790233,0.25978719663936145
194,MA-24,104.74751596041874,-0.09646619683403723,228874191.0790955,103.0950034328375,-0.09353618164067523
194,MA-168,108.55143026702785,-0.13516241043970756,232877858.89568117,106.2791295163193,-0.13429273158985588
195,Mean,105.51505948970575,-0.08704907495581105,362366270.8827734,100.8537408967426,-0.09319402062492821
195,SN-24,87.50782469482658,-0.42322728865880155,414629618.77772003,87.20766858657176,-0.3976968644245389
195,SN-168,87.94067305182902,-0.2510746754634645,388744992.4858406,85.35999848125849,-0.2625187302640637
195,MA-24,100.1464254853265,-0.0581130945955326,357510857.5342961,99.00455544713725,-0.059630051274474516
195,MA-168,101.68845691661213,-0.07900199434386135,361022537.98856103,100.11755577539098,-0.08238451214086107
196,Mean,132.45032374193588,-0.18984102488496624,427643640.04779303,130.33729338925065,-0.18792989269033322
196,SN-24,103.76322832931977,-0.04782446607546276,401311694.3659055,102.66610607463417,-0.06514938885315114
196,SN-168,98.85093327938915,0.06675797109947745,378734347.0297616,97.11055066954165,0.0774823383708042
196,MA-24,119.76976592025565,-0.1013013147855566,411424951.76345617,117.84294149709649,-0.09488264305228844
196,MA-168,131.1876555121389,-0.17979379340672863,425834262.3915289,129.4212218322032,-0.17653783908028586
197,Mean,133.64257431905372,-0.18146699031212687,307176852.4094543,132.01557222742454,-0.17768704530395607
197,SN-24,108.26855840287412,-0.07315603046890207,292758238.28166384,107.66589391253692,-0.08118228016995843
197,SN-168,107.01808782346835,-0.07139401501168363,292517799.5934429,106.40375027863908,-0.04840167680989649
197,MA-24,126.72558699510688,-0.14936406197614138,302974792.4737967,125.09204720048,-0.14117138151727238
197,MA-168,132.47479524317097,-0.2053061019800868,310260413.8719255,130.83276895259672,-0.19891146546866256
198,Mean,50.801570608568184,-0.10257800020746788,23456.333553557837,45.21716310486873,-0.0549057117137306
198,SN-24,29.48676969889003,-0.5501601846559092,27812.738748363325,29.400428129227375,-0.6144256077811432
198,SN-168,36.490029751903165,-0.7158080173756853,29261.043771196928,34.381402768122896,-0.7764853965642085
198,MA-24,22.182173286461804,0.2854144804287966,18883.503499142378,22.496711709018292,0.2560582398528918
198,MA-168,25.82732136701193,0.1401215366764117,20714.47845644705,24.916955794832415,0.1087075429663864
199,Mean,59.42228263237407,-0.01730541791198359,958.4237704032363,57.08211280970406,-0.012005380956902512
199,SN-24,65.41425254586109,-0.7761785656140374,1266.4125627242888,64.61040084816382,-0.7898819443816913
199,SN-168,69.67797242172881,-1.0130201125961142,1348.2050658699593,67.6946005164741,-1.050881810783193
199,MA-24,49.69614799517253,0.020844415490280377,940.2811942349074,49.17585433398164,0.012308606828934754
199,MA-168,52.41862566385963,-0.06548358680734934,980.85606007575,51.27116401399705,-0.0674754848646626
200,Mean,45.498065365156954,-0.04987227806232464,22538197985.912735,41.844868773999366,-0.013237860862823414
200,SN-24,30.46292034824939,0.37754576630032444,17354202791.16881,29.892029388763508,0.32855641096886434
200,SN-168,36.81512911773754,0.14447004608607472,20345509276.31404,33.24437410122359,0.1957996525570177
200,MA-24,38.01535352129674,0.24215588702720148,19148770588.17865,37.8481177519793,0.16389662729658716
200,MA-168,40.648674545731154,0.12240782163558273,20606172324.504635,39.841180375291216,0.051509949941548006
201,Mean,54.242414011374095,-0.009973445243027568,39122275.182769924,54.899058550458676,-0.011403339168870374
201,SN-24,56.72263147656328,-0.9703413119299034,54643669.70257403,57.61748799207693,-0.9730874775868814
201,SN-168,61.599635967074406,-0.8672401856550547,53194804.68645145,59.508056290681985,-0.8688473861041255
201,MA-24,44.51680694315838,0.013980249185901461,38655556.78185681,46.00226673095155,0.012608203363449033
201,MA-168,46.61315435310995,-0.002054097435719271,38968591.618090875,46.38809377947833,-0.003444424628169296
202,Mean,52.78474549664146,-0.027581962381922676,43009732170.007126,47.69344713004454,-0.006315225377155231
202,SN-24,47.23672403889238,-0.38173961307060167,49873702028.660034,46.48395506481818,-0.4371982159890011
202,SN-168,54.13254482029865,-0.7589260871425338,56270697315.01883,52.46198535146021,-0.7909962174264396
202,MA-24,37.403599461979915,0.28427147108982465,35894893261.90581,36.963187943803824,0.25075866829754456
202,MA-168,44.002216290321435,0.05613903579651136,41220429679.52264,42.839813301665615,0.014651952805786572
203,Mean,117.44993090816959,-0.06917699691134183,578733691.8462559,116.56223698226687,-0.07115341354316973
203,SN-24,90.85014182712094,-0.8060267510059855,752170077.2864755,90.33109782725396,-0.815795176267448
203,SN-168,84.54470175383247,-0.7677197657303159,744150318.518557,83.47344043917373,-0.778871090983903
203,MA-24,107.63999077224535,-0.04502496286304791,572159739.8768127,107.1703898540959,-0.0455865829386668
203,MA-168,116.50936456036938,-0.07362325508891465,579935798.5842434,115.9966078891918,-0.07477914179168033
204,Mean,70.94173620831779,-0.13427805833117556,202629179.2851483,69.6910119320776,-0.1384444705624157
204,SN-24,84.13305844109003,-0.7668841354437672,252898501.19393328,83.1403831947256,-0.7618092597199742
204,SN-168,86.46642328469139,-0.8686371471639742,260078654.00866055,85.07219314098089,-0.8845852095225806
204,MA-24,65.83224250173859,0.051629390633297856,185281160.85432276,64.7942796021328,0.06622828360590816
204,MA-168,68.2964612600378,0.0009956965666240158,190162947.10428903,66.63522392062704,0.01702051584196218
205,Mean,62.99549746428934,-0.1771632948539852,157949890.36761713,61.884923681399094,-0.15794215942738332
205,SN-24,55.365153050576374,-0.7784983010521964,194145666.060895,57.70214480397235,-0.7956952636524994
205,SN-168,57.930114240213534,-0.729949996077502,191477499.71816596,58.6962346111853,-0.733693244681404
205,MA-24,49.55271288973968,0.022712447495994992,143917019.57977363,52.026221046203645,0.01650564441727831
205,MA-168,54.328545343860945,-0.02281969057038724,147231424.13207135,56.455737013952835,-0.02370421898911168
206,Mean,71.39857971953933,-0.01762012792791756,1615268082.8860033,70.14424227431971,-0.018630733634560137
206,SN-24,68.84341045706942,-0.9305035152244305,2224779969.6703625,67.83152878608082,-0.9378624346225224
206,SN-168,63.440360143066286,-0.9253726825702644,2221821526.882339,61.75238290593564,-0.9292544379953727
206,MA-24,64.2677461601625,-0.0037953732708486676,1604258548.6646123,63.47871206769462,-0.004702933077470162
206,MA-168,70.88394631882751,-0.014219714365530933,1612567086.9842255,69.87744610576344,-0.014855684630961319
207,Mean,103.50845663675025,-0.044815184811436426,108157540.22192965,103.69273258582594,-0.04588299217655534
207,SN-24,94.71559982604887,-0.913935150773542,146386380.65781334,95.09871106172007,-0.9107929814715634
207,SN-168,90.23997740657816,-0.8377171438047459,143442021.57889068,89.8202909707201,-0.5838445483319503
207,MA-24,98.44124151766546,-0.030920911464086487,107435977.20081599,99.56202905752743,-0.03262367015257617
207,MA-168,102.99533240611574,-0.041960504272939625,108009683.25343828,103.71904985831016,-0.042893854059744774
208,Mean,102.47977022516086,-0.019059669898845222,525321770.9905368,100.45478974482353,-0.017084818531709622
208,SN-24,88.91084409146912,-0.9401003365648724,724832550.1458144,85.99351241212942,-0.9388397361407341
208,SN-168,87.15373782665694,-0.957900479775917,728150075.573736,84.1978169408797,-0.9593134366135252
208,MA-24,91.405694417368,-0.008409482575503224,522569493.5424244,89.28601219678542,-0.00921851792335171
208,MA-168,97.1278429234508,-0.028846407322587364,527838258.35174507,94.62844344377643,-0.025985497136806535
209,Mean,108.92155322307605,-0.05993544743373436,95912539.9136661,107.65857559506826,-0.06550201667452016
209,SN-24,114.22758042962877,-0.8532585530645194,126824655.19420539,114.65458937147687,-0.8689594798035001
209,SN-168,124.58328130629465,-0.994720027654455,131575993.43955289,124.6967589532208,-1.0098268494251634
209,MA-24,115.4124207778948,-0.051495664413676145,95529922.8130971,118.39975256462625,-0.056829800711210465
209,MA-168,118.46239383299333,-0.05613371060157046,95740377.64268081,121.57156655390912,-0.061559728075373465
210,Mean,159.13699451412091,-0.10577249012362455,114803482.95870967,160.2320183956537,-0.1135599053022116
210,SN-24,141.81010036492881,-0.8303216237070732,147701830.88296926,141.96999926575367,-0.8307590979049895
210,SN-168,148.20201871094022,-0.9837094903086689,153766315.83767736,149.49671397127798,-0.9458746790407679
210,MA-24,153.4289812225659,-0.08978273514261903,113970416.43839934,153.89694366032018,-0.09427557613666071
210,MA-168,158.41064541185494,-0.10568970562745972,114799185.45336099,159.75696360132505,-0.11224970270245826
211,Mean,56.814090269216486,-0.002492884856801325,9067960736.431196,56.53670850961867,-0.0002446370019244526
211,SN-24,38.142856149580275,0.33066279884732186,7409543690.813527,37.51991611921245,0.32285720777228066
211,SN-168,36.65969994922001,0.47414328343439305,6567539510.908269,34.294166091059296,0.5038242417833163
211,MA-24,47.2976509464042,0.2450468498110453,7869170992.06542,47.739331662381524,0.2233027585788554
211,MA-168,53.02564785870823,0.02970631083069808,8921144725.912186,53.07110118589499,0.002496975267045176
212,Mean,58.83341724088572,-0.6311500689110037,2866.4399874227734,53.84101241020811,-0.5861056094402277
212,SN-24,52.40551248296702,-0.5383145542368775,2783.674613519586,48.926230765882735,-0.5506222229282398
212,SN-168,56.249953674633154,-0.8400396189739321,3044.4544548527274,51.98829728899926,-0.9219779536660944
212,MA-24,39.164914079532196,0.18266579237725,2029.0639370784365,36.811134901223475,0.16643482232979434
212,MA-168,42.2147451733638,0.02205969081824921,2219.484252586784,39.0285452116146,0.01453936727656635
213,Mean,76.0620308494409,-0.007335429304552221,153359.81982032035,75.36807695201101,-0.00438509064861714
213,SN-24,70.6367880614567,-0.9592520906988329,213879.76320288848,68.64360391854186,-0.962734938812603
213,SN-168,81.86136561025681,-0.9888904749281844,215491.41310938244,81.1979352931172,-0.9935467420474426
213,MA-24,57.07246861033888,0.0004944656920078394,152762.63353821237,55.201978944686545,-0.0005759725314204989
213,MA-168,60.887401182628885,-0.008235578912388908,153428.32528134013,59.69685900081729,-0.009051240917280268
214,Mean,58.957816867756804,-0.004352205606727777,21385.594995313673,56.213015352826766,-0.010686351198468946
214,SN-24,44.372265483316326,0.2508797131133099,18469.45575566485,42.98962678525052,0.24667817860578867
214,SN-168,47.03566271441592,0.08154267194830389,20450.682712080197,44.899508459463114,0.09874828367450206
214,MA-24,48.123669462496565,-0.02740506855418756,21629.63401230441,47.87798034563783,-0.03984385297023252
214,MA-168,49.308361459730136,-0.037902127429517485,21739.848840367642,48.25669700243398,-0.0484868459913359
215,Mean,,,,,
215,SN-24,,,,,
215,SN-168,,,,,
215,MA-24,,,,,
215,MA-168,,,,,
216,Mean,58.016806949057354,-0.022812575945558633,1146.262175755197,57.60530978785493,-0.02928801406364623
216,SN-24,70.01926491854358,-1.2417442996342523,1696.9887736390344,70.79333318046972,-1.3163227406450009
216,SN-168,73.74584668813357,-1.2822378379571684,1712.2468776189237,73.01268268024353,-1.3317654772762757
216,MA-24,55.353219547095534,-0.17866574644087496,1230.498995466757,55.75141261787262,-0.19860754804426484
216,MA-168,57.10377607985362,-0.10881387640947215,1193.4803099081364,56.42202674941886,-0.10600687931581443
217,Mean,82.33285711054789,-1.1763555612419285,4310.968439761909,82.34327689267192,-1.2516637864429314
217,SN-24,51.83824060995173,-0.5683130740790947,3659.5383284700915,50.8487229215436,-0.5122466163507515
217,SN-168,58.55172201774782,-0.9200244385380851,4049.1446998039255,57.234908088569505,-0.92003811908949
217,MA-24,38.75481409130226,0.1857663878889283,2636.8439689348006,38.099052825474615,0.20373721411174972
217,MA-168,42.77967460916713,-0.00767567874158992,2933.3933760037876,41.546686145847985,0.023254924904525853
218,Mean,55.13735983702922,-0.9514648125142933,2677.912419904749,52.73112776508654,-0.8228541442295094
218,SN-24,44.370164387015734,-0.5202757936116504,2363.617503092166,43.51871636445181,-0.5288526688034443
218,SN-168,46.878059626920646,-0.7409385667816473,2529.343017008057,45.90855503346884,-0.7657982734493243
218,MA-24,33.6743991338699,0.1615337359579081,1755.3301148051628,33.27059330127452,0.14274315768388823
218,MA-168,35.54985312722136,0.043407903600881426,1874.905578410019,34.928365583142565,0.028419491075520664
219,Mean,49.22095920954198,-0.019390299881137052,1465.6304280399888,49.129542337628784,-0.02645473458762515
219,SN-24,60.23315427795646,-0.7086542227353221,1897.4979553542876,59.3316255976679,-0.6454275020231106
219,SN-168,61.17140987557686,-0.8094058695862172,1952.6401810065274,60.40196566127619,-0.862472970419494
219,MA-24,44.107017956216616,0.11862225923285385,1362.8098490976392,43.497832856943795,0.14394978003636083
219,MA-168,45.8408062785054,0.03508141923770802,1425.9344423049865,45.39736142130707,0.054265629090696876
220,Mean,65.59276128439673,-0.6431509268178122,1758.4595935847547,68.35538782365421,-0.9032861132014474
220,SN-24,50.20140098079868,-0.5341689670438634,1699.1442970572969,47.917483839701255,-0.4798452061571059
220,SN-168,58.240808295278946,-0.6852477030675812,1780.8426053944436,54.25887159591617,-0.7075971521250963
220,MA-24,36.715009352719036,0.2233240565358089,1208.964621786029,35.317110389352926,0.22302778439611415
220,MA-168,43.53067744874637,0.023376875984977286,1355.6799308286431,40.164758627327934,0.028766750824364307
221,Mean,57.57170655771574,-0.12737317115718105,1891.365471395809,57.06574055628831,-0.13510771160854063
221,SN-24,73.3244786366204,-0.9367192076485356,2478.9909339819255,72.66638897609725,-0.9178589053437367
221,SN-168,74.66939415835267,-0.9971764688762914,2517.386094152029,73.37328820396606,-1.1813016345382157
221,MA-24,57.39824730220728,-0.07843597603924435,1849.859704488598,57.007336655032724,-0.08313413409812243
221,MA-168,57.31142021387158,-0.10237696080179481,1870.2801849626305,56.73249211173649,-0.08988532717362907
222,Mean,141.6529304091381,-0.016489096901928235,10423101.62549481,136.9651878393299,-0.020776483226106812
222,SN-24,47.957017676361616,-0.830747948124589,13988137.345479812,51.89801674193798,-0.838911870932155
222,SN-168,54.463963079831025,-0.935278101311545,14381934.318625843,57.49823953782045,-0.9439079513594886
222,MA-24,48.70759633299608,-0.0038130098740094542,10357907.29901574,53.604253755428196,-0.008289353860058357
222,MA-168,58.58814915900628,-0.0130697194231999,10405555.671260737,64.10368948279135,-0.017587266618624975
223,Mean,50.249586510880064,-0.0962569853052786,1542.0101024682258,50.603429261944086,-0.11575960732951263
223,SN-24,60.299886208499075,-0.7033279919931343,1922.1185672790014,59.349716150582054,-0.6669475396371785
223,SN-168,63.09977123623327,-0.8233158324125278,1988.666618129645,62.657162952357126,-0.8407132300241282
223,MA-24,44.31587571641347,0.12023122100547623,1381.386810527393,43.777406614631225,0.13002123926475317
223,MA-168,47.13589847510166,0.003416333266275551,1470.238918512383,46.63957812509844,0.01161550054893623
224,Mean,54.386196285922125,-0.3173542189732177,2382.8483805232877,49.40512624337124,-0.28560635528991596
224,SN-24,53.784320262924666,-0.742590306303291,2740.5818225462876,51.99926909614806,-0.8435509161405874
224,SN-168,57.051483348228594,-0.9119163484140007,2870.645534129761,53.40649017651658,-1.0627966823531656
224,MA-24,40.13061330280746,0.07810405049562863,1993.3615613953627,38.81204186858079,0.027103328223485823
224,MA-168,42.73731063243427,-0.02846059173711457,2105.4210153039335,39.77095047052413,-0.03846465233621732
225,Mean,69.10908800396267,-0.8478768251561282,2828.791530530102,70.39295348334184,-0.942191248296874
225,SN-24,54.82383087529451,-0.720604452911755,2729.637367810883,53.23686442670345,-0.7100796307147976
225,SN-168,58.714476899321724,-0.8953230139619364,2864.8774673307357,56.844853682604025,-0.9417041620306339
225,MA-24,40.50870001963357,0.08104198554015385,1994.8592940909323,39.57255575803986,0.07586074422352818
225,MA-168,43.65405444832158,-0.06546259892610395,2147.996345918859,42.1302639335196,-0.06494014654233471
226,Mean,51.56139528986042,-0.19945086706314763,2548.2798013764,47.14644340548374,-0.17858673225413235
226,SN-24,52.37900547023009,-0.8045337983698051,3125.6359318754417,49.88288447032744,-0.8345963922127828
226,SN-168,55.508790809390575,-0.9724610653425885,3267.8348512342723,51.64206272757832,-0.8968219579436816
226,MA-24,39.4021618581818,0.059920286272237666,2255.995458283661,37.91701029730551,0.018707212928194328
226,MA-168,42.1243003929395,-0.048091097809045635,2382.074810319105,39.09157711623529,-0.040178157038965434
227,Mean,56.498478062967564,-0.10171258178849873,1589.4243080360832,53.96351788700798,-0.07333239823683613
227,SN-24,58.75720055016416,-0.6417160030533282,1940.2366855509501,56.88777019225832,-0.622523406319685
227,SN-168,61.34768183667219,-0.7990152782583799,2031.0617242863432,59.893509747047545,-0.800741006586924
227,MA-24,43.922692027582464,0.13021379107115338,1412.2512074900164,42.377893496506644,0.13793286031519603
227,MA-168,46.156838588246316,0.044306734603375864,1480.3518776368544,44.79071315487777,0.04287959813884268
228,Mean,64.89953100536977,-0.03425985317588398,4426.356214868211,62.04643452771362,-0.049622490202294145
228,SN-24,80.52996759878987,-0.8885435440856333,5981.292336170754,78.54163611815987,-0.9072888800901955
228,SN-168,80.29347581224512,-0.9349920107430123,6054.400075886147,78.14968214550515,-0.9760262036230651
228,MA-24,62.98288120616801,-0.05401612340296125,4468.43201664734,61.064300686413475,-0.06547796260990091
228,MA-168,63.23184632392093,-0.0804087260873545,4524.030970043049,60.81630319081961,-0.07834055996328404
229,Mean,52.035920503192976,-0.06428066427356338,1564.553132065179,51.36328373763392,-0.0871535291721528
229,SN-24,62.29782667188973,-0.6667176057255961,1957.9123318998743,60.96517612298601,-0.6308090265214352
229,SN-168,63.76078326833296,-0.7357903370645897,1998.0707561948507,62.28064398015765,-0.7264296586392647
229,MA-24,45.895983102706786,0.13658797391124455,1409.1955953308086,44.77832733054063,0.13942080376963495
229,MA-168,48.257853439935595,0.039808035819317134,1486.0768329736256,46.90651570085371,0.05084409843696491
230,Mean,54.40201027028812,-0.3244765613980305,3556.0095989387523,51.66371656281268,-0.2565844275231195
230,SN-24,46.65702725598029,-0.9232567027708318,4285.084726038846,45.846928770353614,-0.9496126401510772
230,SN-168,48.084115696211185,-0.9990355133583706,4368.688111769135,47.02465798638609,-1.025520376212008
230,MA-24,34.59485900414486,0.024621300228778065,3051.598689029125,34.10701386974325,0.010177169850528411
230,MA-168,36.551518451273964,-0.00974610763646222,3104.8947276029276,35.79397710519577,-0.017356991499812402
231,Mean,50.957412303241746,-0.27134961819285475,2350.826118066502,48.217200995612345,-0.290449952850635
231,SN-24,51.76823719535103,-0.6972640451340499,2716.2060629483635,49.78233308126258,-0.6628620096694786
231,SN-168,54.125954958584884,-0.8788401901289338,2857.8072223572462,51.731753119544834,-0.9872542509200608
231,MA-24,39.48333552977855,0.04483187330375982,2037.6421683611595,38.12856535665066,0.03184306030916895
231,MA-168,41.39550814021346,-0.059022617642353836,2145.5598144793507,39.24311381003773,-0.039044647226878615
232,Mean,51.032509562683494,-0.001470409814418705,1480.7591597658995,50.318400537046806,-0.00010107276777815422
232,SN-24,60.30717572320869,-0.6557252973055157,1903.9674042546749,58.93678746638474,-0.6063783592003551
232,SN-168,61.84056185221779,-0.76591146047413,1966.3002273141283,60.07427637965389,-0.6563550287837161
232,MA-24,43.969729642189904,0.13251262434437294,1378.151456913492,43.14071794491212,0.14851063483198068
232,MA-168,46.1389208614854,0.04117254132033199,1448.8906114135505,44.81323914653456,0.07003017751972707
233,Mean,44.75291491936696,-0.26357442639629336,2450.069477877334,43.42020938017039,-0.21277471596127118
233,SN-24,43.825281383234184,-0.47090060980140525,2643.4411740852343,43.25904591332599,-0.4482614221798915
233,SN-168,45.21091585795414,-0.7780776179117981,2906.3863411094967,44.37585277013594,-0.7992058151761317
233,MA-24,32.022170366619676,0.2170199117864594,1928.6496604139327,31.814106832210243,0.21907638076389624
233,MA-168,35.09350341067351,0.043010180235332984,2132.218195824688,34.77145629636123,0.040900806733909834
234,Mean,71.3140490919574,-0.195964858026618,1532386703.6332107,71.52613955366326,-0.20805423489041708
234,SN-24,61.584982146432644,-0.22513384509890955,1550961204.3387928,61.275857087253726,-0.2293437350798888
234,SN-168,56.72536850901248,0.043716532495243876,1370258451.8261259,55.56216480301639,0.06428524658555212
234,MA-24,60.53199775526619,0.1156858941789487,1317687548.1359859,60.10043904250897,0.11609388939861531
234,MA-168,68.52816738281003,-0.07120239085040247,1450256873.0324836,68.26738997355832,-0.08148614797080089
236,Mean,57.439637183815584,-0.00187041893527784,10755672551.864809,55.08848312093772,-0.0025207353588641013
236,SN-24,31.75774218127849,0.6068063465171991,6738062649.924439,31.330680450798315,0.5890354652231216
236,SN-168,39.34832816853146,0.382686460256182,8442764908.037606,35.683597200373406,0.440054650470446
236,MA-24,49.610191463270795,0.23855197171777187,9376741172.203432,49.78584985916675,0.1856698340722316
236,MA-168,52.359192046605784,0.123148385684406,10062244084.135391,51.886348043031695,0.07384769920573142
237,Mean,110.2712549021899,-0.117297075459875,323014117.76431364,107.10977139780454,-0.11725083137733017
237,SN-24,87.4422084021433,-0.0775130108168236,317211142.8570445,86.59295214200607,-0.09111650308029118
237,SN-168,86.2329891367953,0.09965109391397498,289963006.28475493,85.27066385382352,0.08144227204347321
237,MA-24,99.90782407912202,-0.10599297424270437,321375938.0108528,97.56739390233152,-0.09805377978294594
237,MA-168,102.40689096334113,-0.14409054911576935,326864211.58417106,100.18451525727636,-0.13738912562095495
238,Mean,56.090353075815926,-0.019019148162876975,3537479129.065515,55.69845002667483,-0.03532570323448514
238,SN-24,38.900217019966824,0.17406116808519734,3184759607.28452,38.98029877940574,0.14539702847262803
238,SN-168,39.27293403500057,0.15896024466913072,3213741761.6648617,36.25479402216018,0.3336020949630808
238,MA-24,51.15089774544236,0.16123553695471216,3209391697.368108,51.11743844145008,0.13763640100785313
238,MA-168,55.44059168713249,0.010966555846537718,3485043494.224282,54.78274671209059,-0.009902545787743966
239,Mean,51.78126877218605,-3.692169686866607,92130.00015991351,46.62475664253135,-3.6963066704979353
239,SN-24,23.817295892722754,0.03992348512640165,41674.187396532245,23.35781930094117,-0.1937361983472936
239,SN-168,30.19777795442688,-0.4038927498337537,50394.27281785382,26.883544794397707,-0.5135723326459651
239,MA-24,18.696272487561107,0.413126273133934,32582.661075535136,18.765632148561455,0.25364029959933376
239,MA-168,23.597865062701448,0.1654977359284341,38853.30584840734,22.367733685429318,0.028915370408551078
240,Mean,52.80856831850015,-0.016911793588998636,2624.7691989903587,47.92989134184252,-0.0063064142577029525
240,SN-24,59.568282971569474,-0.8324013341403491,3523.382384316479,56.8788976772133,-0.8806118659246931
240,SN-168,63.81278287556662,-1.0068269520815387,3687.265768614821,59.92804888161455,-0.9766898414324838
240,MA-24,44.43947742043779,0.10249753597730771,2465.8536866372065,42.453035376772775,0.09651155639549536
240,MA-168,47.185940350915224,-0.024770687875358854,2634.892045021983,44.381690217171666,-0.03381496895785885
241,Mean,64.24349852831162,-0.011852435033919306,6510438289.306931,60.91953967196822,-0.00045975893917060695
241,SN-24,45.059887285667024,0.24763799882623727,5613905044.909192,44.23837167104223,0.20892576494640058
241,SN-168,47.401359759533726,0.11934598674376906,6073713405.201801,43.567429950896546,0.15190868879001262
241,MA-24,51.66072314715766,0.22258688231441937,5706601790.641637,51.61343585720483,0.17422315671907507
241,MA-168,58.38165610381512,0.03535475901089302,6356754646.438498,57.6294842149237,-0.018740539589271243
242,Mean,54.89594522538061,-0.0037917599987780104,9257032629.424814,52.90231143027263,-0.02232972281293466
242,SN-24,36.927606841226094,0.362711451542879,7375951267.897593,36.29948628557976,0.33404451380030986
242,SN-168,39.08595898997761,0.2779715466456073,7851039051.820581,35.87245951766371,0.35748626693826346
242,MA-24,46.657884794119994,0.24157520679719435,8046485672.283074,46.61208011037331,0.19597536769764645
242,MA-168,51.21328977032042,0.07933725770863531,8865439400.879372,50.85698422066719,0.028626703356496752
243,Mean,106.50117893731614,-0.11012079592255963,190704910.2043754,104.11996255479055,-0.11117006634027038
243,SN-24,93.975533849148,-0.16379764364559524,195260992.66184446,92.09372961605949,-0.1709432507716253
243,SN-168,91.05255624208,-0.005647938761841997,181509658.613965,89.49367026395325,-0.050180673603755555
243,MA-24,102.72041696002161,-0.08926485359130698,188905021.03505117,100.37675647251238,-0.08127488027813867
243,MA-168,103.83394955275347,-0.12624489820219775,192084877.24534482,101.84781318549751,-0.12194481754878028
244,Mean,58.670054394145524,-0.011569755036493268,5553612053.802638,58.14586899753292,-0.031025919181013828
244,SN-24,44.30823038266621,0.19513014128265682,4953822632.547982,43.74822373220781,0.180525401171574
244,SN-168,43.84950776020578,0.2564762729516533,4761294416.359867,41.048269653855755,0.3205162133040306
244,MA-24,49.21951525231344,0.2306956951531397,4843136420.377186,49.63867936998872,0.20024187152940465
244,MA-168,53.76589514367699,0.06521669057541823,5338670235.38764,53.92732596945956,0.03181548082903374
245,Mean,52.126735598144535,-0.5224518524154278,2557.2892442294874,47.803000482814575,-0.40390689150897563
245,SN-24,45.77680830359821,-0.352381102139508,2410.2251576603344,43.45709618306747,-0.3786761040218154
245,SN-168,48.48986635786144,-0.5135871436761066,2549.83327114312,45.848565524305315,-0.5437658364872382
245,MA-24,34.08769356755775,0.26479577190940573,1777.1008170131715,32.74445183853316,0.23309357467877656
245,MA-168,37.046974397690406,0.15538939820006092,1904.7427658440852,34.87653401680568,0.13597585874865614
246,Mean,53.171335248008035,-0.03578621088810219,1207736796.1273499,50.55836810420136,-0.06105273755116225
246,SN-24,48.91679488950808,-0.17962461187723022,1288870098.2717628,46.47428673534294,-0.21050830116148544
246,SN-168,48.01366254538457,-0.05562206854255081,1219246355.3750966,43.717034887653554,0.011715417480387735
246,MA-24,50.35134555888094,0.04044175604783884,1162446317.6941297,49.14072829362865,0.004955857482325743
246,MA-168,52.23849310790766,-0.02937902841487605,1203995582.9982154,50.27700666419733,-0.06263054043096683
247,Mean,133.04919307256284,-0.18409493420526313,6957648216.891341,138.3937609330068,-0.20450143040051727
247,SN-24,95.48883834033707,-0.3919584043440216,7543663957.927399,96.9186090155292,-0.41080068204937015
247,SN-168,114.01896476242159,-0.5470886157921169,7952923416.680227,112.16445819326353,-0.6151596457824304
247,MA-24,92.30424931892959,0.21873942470486007,5651544606.448195,95.25568808229242,0.2655985334735024
247,MA-168,106.42562286813421,0.07087011214740657,6163216452.604097,107.00499852905187,0.12306746767489174
248,Mean,145.62998814871548,-0.13264223243307427,17070018.655955527,153.5175979474479,-0.14483996095967222
248,SN-24,96.61108903900723,-0.8516831253118615,21825839.371569432,98.14224873275572,-0.8719178646409194
248,SN-168,105.93240741506071,-0.9652033054785552,22484920.855858777,102.14971180592872,-0.8776065530341868
248,MA-24,82.58616871963844,0.0365593020402718,15743457.433192713,84.97315902649972,0.02518145811867467
248,MA-168,88.99570149842,0.003300872941580879,16012887.74819284,87.75389792777722,-0.006842315321891945
249,Mean,35.81792035394438,-0.021500725383664543,24965220893.428024,36.22029761121783,-0.024771788363934455
249,SN-24,44.10490158016475,-0.988936377039441,34835858583.067665,44.91934314702945,-0.9958462794912297
249,SN-168,48.307560321105996,-1.003041481595294,34959164523.87719,46.678444403668976,-0.6461709711570944
249,MA-24,33.77159089595022,0.06506482853467199,23883986790.79558,34.92599703553657,0.061868347367158294
249,MA-168,35.55208315526845,0.009922444335321745,24578234365.778873,35.52969835276005,0.007158380543359599
250,Mean,57.71360714977749,-0.07809648687557047,6448723451.503014,53.24816260717423,-0.033021813830783175
250,SN-24,37.52550712051146,0.3644776577422959,4951198625.139484,36.37127353652168,0.3319063800465114
250,SN-168,41.85394752341741,0.19298257562466647,5579385807.850607,37.19727256345507,0.2922637950337603
250,MA-24,46.77366004200967,0.24773062760072717,5386809629.273614,46.064746983497976,0.18934423934248124
250,MA-168,50.59008331820495,0.10010724085887923,5891695812.873906,49.102374898035755,0.04376276512603061
251,Mean,128.63250528502383,-0.1755355339167881,668949716.0445201,127.0028777448585,-0.17820597168968955
251,SN-24,84.4210138049742,0.24340662529872248,536669433.044478,84.53336340887024,0.2576616725102182
251,SN-168,84.28679236984024,0.2998990235408433,516245090.68283635,82.5067208464312,0.33910857591797405
251,MA-24,128.82911433397376,-0.1340764554049383,657047489.2251489,127.41043416030067,-0.13489477461160515
251,MA-168,129.7432606498211,-0.1686313422661847,666982375.0489894,128.2732537364438,-0.1704824893824508
252,Mean,79.88888901298381,-0.005582441877322708,1472357.905921908,76.75202239810055,-0.0062134224617071965
252,SN-24,47.052678563727916,-0.9800313678647563,2066048.8557650396,46.35997722280434,-0.9835706982749908
252,SN-168,45.17196746058432,-0.5593226089660381,1833464.6447826112,42.32577592134844,-0.5621523142103553
252,MA-24,65.28273126448235,-0.005264751547612523,1472125.308971662,63.74243858901756,-0.005833924361531295
252,MA-168,68.51941975680856,-0.0076550915364344,1473874.4952708317,66.83480020613818,-0.008123455777683475
253,Mean,140.358070504863,-0.162292731489313,349049965.58332235,137.3339589194763,-0.16562024958585364
253,SN-24,94.60469176307222,0.1612897910787333,296507582.0341543,94.96919055936372,0.1646592308780923
253,SN-168,93.65664028284199,0.28270311970183715,274207487.57148063,91.92906978106072,0.285863610143428
253,MA-24,120.78690887128094,-0.1424279995405704,346054306.2158751,119.04998434120901,-0.14286253893391887
253,MA-168,128.96002742169563,-0.1691913568820964,350084301.6075941,127.89658234813616,-0.1707656063516252
254,Mean,186.7740431379179,-0.1579924882944137,9567437.714288091,187.2682170103633,-0.17563642069469498
254,SN-24,95.36120983927142,-0.7899911217458908,11895103.108678097,94.79374700075557,-0.800883638508262
254,SN-168,99.71969967806945,-0.7090928138854953,11623196.942988759,96.60683511219932,-0.6986078763663754
254,MA-24,86.68535338844745,-0.009872892833988178,8934620.900541464,87.32702403998222,-0.02131756409447827
254,MA-168,94.96543895364731,-0.04549630137737881,9090840.181299297,94.73630518409418,-0.05867689705689694
255,Mean,52.242095882377726,-0.0011277481280809187,1163.2744977950838,50.130617513522616,-0.008674840051877464
255,SN-24,61.37071374310494,-0.6576924135952691,1496.8884342543786,60.141636555001334,-0.6715295745526328
255,SN-168,65.13966638861564,-0.8474462784902868,1580.2411511325704,63.55090205341316,-0.8396597517848083
255,MA-24,45.576630976130126,0.11834141139307808,1091.6607080472675,44.81865150563469,0.11184050775443233
255,MA-168,47.68515591068752,0.02018204493654774,1150.827297191151,46.754631125841364,0.004473215515190865
256,Mean,115.40042948136289,-0.17143615343191154,527409051.2864761,113.07890947905092,-0.1815993642910234
256,SN-24,90.86482720054411,-0.17977021024825457,529281823.8317245,89.91851749111378,-0.18654516049886594
256,SN-168,78.72920327037866,0.14765427070832293,449879456.56986696,75.40317339200024,0.15260320099172153
256,MA-24,102.96867077276275,-0.06953346513102354,503947686.87050366,100.88207583148163,-0.06538025382823975
256,MA-168,114.30485962232608,-0.2043992484531998,534777965.96057117,112.41180574629755,-0.2088282764389251
257,Mean,116.39831851059279,-0.13818215588456173,542660882.7888455,113.84386201711636,-0.13412842958415427
257,SN-24,94.17735928372386,-0.01923025316005078,513521680.2979308,92.86088616454823,-0.026230083716807462
257,SN-168,93.31091645235297,0.11676613652653278,478035870.9947404,91.47274248288362,0.0905320090876034
257,MA-24,107.51013640755214,-0.08473195133401457,529765713.22910786,104.6242807084479,-0.07621848729682879
257,MA-168,112.65421005032414,-0.13048212436844797,540822162.6008452,110.32910351403949,-0.1250564876005409
258,Mean,71.13899374146733,-0.07148070269978435,729136062.533388,69.30042177510252,-0.09147208169809562
258,SN-24,68.9210128463024,-0.389429095893302,830299155.7106446,67.1869963542798,-0.4007629051214445
258,SN-168,66.38571162874283,-0.25107846441501813,787877459.6116865,63.466488528903085,-0.2359210096094515
258,MA-24,67.42443107273735,0.0044672552242162045,702820104.7924984,65.96499967355365,-0.010304272620022203
258,MA-168,70.89173156918739,-0.08124684975947893,732451426.7534117,69.4312131399281,-0.09985727180364146
259,Mean,142.95655127878746,-0.07602039503425395,567822180.6059618,138.80792229137774,-0.08033451888551091
259,SN-24,127.79037301383602,-0.8600054996058324,746550543.2224145,127.61297124747402,-0.8690776227260857
259,SN-168,131.94079353611377,-0.8022864671918981,734875912.5850272,128.7560551590826,-0.6888407900249576
259,MA-24,134.95101362429372,-0.07081162984751432,566446165.5985998,136.89140103119394,-0.07483992020621755
259,MA-168,138.59311521955098,-0.07464238436567028,567458472.0258173,138.9722098551837,-0.07885394700261084
260,Mean,65.02730548470664,-0.19804419033584875,1467.592352139207,64.56622116704195,-0.2390232958169234
260,SN-24,82.48219033063606,-0.7893133108945203,1793.5447519721472,82.16184147529279,-1.0533575870317562
260,SN-168,79.58916106853555,-0.7765352088957711,1787.1291172980993,78.49982406384393,-1.1262627351301702
260,MA-24,67.49313932054066,-0.2386228412199778,1492.2396089840292,66.52247156946851,-0.24759931149730474
260,MA-168,63.475272747634435,-0.1346934974886449,1428.263389824576,62.90737204701542,-0.11592627875312367
261,Mean,66.84725866493656,-0.0022321318872449147,2955832148.562823,65.70201950916655,-0.00017159116995624224
261,SN-24,49.991776199642075,0.016499736203294257,2928079389.163012,48.551877713991956,0.009308067398703157
261,SN-168,52.01986127905628,-0.10073255465970621,3097679721.939792,49.8922029386288,-0.03249884734622377
261,MA-24,57.12736308640417,0.13576937256613986,2744798285.79416,56.81762453999828,0.11919568152884208
261,MA-168,60.51863570276821,0.022637533039406632,2918928357.5808787,60.371288825055956,0.0005851447103293328
262,Mean,69.67556233488669,-0.42296262452259414,67967.6077735541,71.81641962676719,-0.5259572277017663
262,SN-24,32.628475382901506,0.4284069599444693,43077.322736614195,30.914617594169787,0.4405363712048723
262,SN-168,39.41233250246843,0.21868032740028387,50363.93070092319,36.026403470640425,0.28839217596360023
262,MA-24,25.275127867105272,0.6542172547647642,33504.78974664829,24.570590329345624,0.6425609110484023
262,MA-168,29.28765049038107,0.5609053996073126,37755.85297700748,27.229614068813557,0.5694345859376384
263,Mean,53.065749610484225,-0.07574833133101011,6516080523.573082,47.21651729238914,-0.028207458550495224
263,SN-24,37.26946236009595,0.32743570119975407,5152262803.327061,35.21760725194461,0.2810618394159211
263,SN-168,42.84917376952275,0.1625841913951851,5749124049.660329,37.01776784577353,0.23886826071866074
263,MA-24,42.47491403322741,0.19893973730982273,5622943197.755842,40.78702412408347,0.11293207567378127
263,MA-168,45.44693751267238,0.10407800384391253,5946565427.844853,42.36333428762579,0.031820531264070806
264,Mean,89.11455759925676,-0.08255128909006748,1184898541.3541586,86.88944759750441,-0.1063754286726597
264,SN-24,60.00114887051237,0.06155164433896432,1103219965.655479,58.2525214549788,0.056873873598847435
264,SN-168,50.08988786786929,0.4879669170933545,814903034.677895,44.77385424949454,0.5324416923577805
264,MA-24,74.09596385536007,0.013226581097478207,1131268371.7698252,72.63363952742071,-0.003756683722601295
264,MA-168,84.81671201988928,-0.12881214580505929,1209950939.0255718,83.27999501581263,-0.15396335315395482
265,Mean,116.82588317995047,-0.1416563310409813,781753050.2108033,111.95754356738132,-0.14591041909750868
265,SN-24,90.18713311127196,0.2280683629856438,642822855.9986783,89.4897015402327,0.22619347209896612
265,SN-168,87.6748271258664,0.3962035733215492,568521847.9148177,85.11969350593382,0.4336571814431053
265,MA-24,108.37803073098678,-0.11120150465823309,771255546.2351493,105.80541639459665,-0.11043773793059741
265,MA-168,109.18648304548346,-0.14936399104166287,784387534.3268515,106.25933533443983,-0.15031756752611658
266,Mean,120.31060809701258,-0.17601930427324097,193575760.30023998,118.15429910226538,-0.17768800955649056
266,SN-24,101.77211033244468,-0.15780696880585765,192071013.47573572,100.52348272460647,-0.12620843426459705
266,SN-168,95.41710556756551,-0.07210657769248319,184825857.0036811,94.56016445025827,-0.050839283912768485
266,MA-24,107.98408608785239,-0.04604533615271378,182565622.40734008,105.9599137731396,-0.03294784669441997
266,MA-168,116.81004672674679,-0.16436274560780095,192614021.64576724,114.66185022728077,-0.16329930556159167
267,Mean,132.82652582806526,-0.1622241215987681,110553108.46397696,128.2871926782532,-0.16294964572336834
267,SN-24,110.50292115697209,-0.05592827107943621,105376367.7668004,110.71461483366829,-0.043769898820850806
267,SN-168,109.27881274608629,0.005597555004919319,102260310.62908787,108.43020571056088,0.06558434558431481
267,MA-24,134.72903137266175,-0.1310634509505828,109061006.23583402,133.208147732598,-0.12876463397692817
267,MA-168,140.20002107843547,-0.155981579239171,110255807.08407162,137.9169662345628,-0.15572796550410084
268,Mean,110.4317149529569,-0.1140331904570897,647741119.2283263,105.72093890166376,-0.11341789078194764
268,SN-24,82.34951403907216,-0.10848569044071099,646126343.0818106,81.72199072745885,-0.12803309274021757
268,SN-168,78.67008417731891,0.0617611218086761,594441491.0721498,75.94869312960472,0.04805087351933501
268,MA-24,103.05019998096252,-0.07944968645822459,637607775.5998226,100.55087576163871,-0.07641901503776638
268,MA-168,108.14181836223622,-0.10947285252828465,646413983.0094844,105.2684964359551,-0.10737647965478514
269,Mean,93.29468447330466,-0.0001928943040634401,2025007.4548219973,87.25728746463408,-8.087309833526568e-05
269,SN-24,78.65629968995931,-1.0107267164512441,2871185.606260213,77.80998544816845,-1.0113588842303338
269,SN-168,94.51445668718979,-1.0604656387331755,2906480.624388663,90.6306313779209,-1.117852821367988
269,MA-24,60.72316440348039,-0.0007777606320904518,2025599.433425423,60.25232027553243,-0.000804526619836432
269,MA-168,73.32419816089866,-0.002251869968669107,2027090.7017232354,69.75207816173437,-0.00227246870202813
270,Mean,47.34512382068029,-0.09135192951380389,2777.5258416383394,46.08986256383345,-0.13506644620259678
270,SN-24,49.58344993074263,-0.36588672635377417,3107.298963850662,47.110977049155004,-0.3599815050792654
270,SN-168,56.59761306373483,-0.5801824156639814,3342.17595389601,53.32039458059531,-0.5385365891343554
270,MA-24,38.90437156734337,0.2200064780926897,2348.1249102277766,37.455408842607206,0.2080158001736131
270,MA-168,42.4691038768404,0.12706521456558972,2484.0858324454716,40.49089611972975,0.12587743415432828
271,Mean,69.23188831500177,-0.036381432460002916,2555832187.916379,68.77358924391844,-0.05178709651481683
271,SN-24,54.51957949269699,0.016228798889296736,2490115983.31226,53.683784979933435,0.009501497618016108
271,SN-168,50.8771677808234,0.15278263361303457,2310840381.6370215,49.03872865707915,0.18156265630033586
271,MA-24,62.03540234228966,0.126718498738422,2346116931.5589576,61.462627800402046,0.12326467013827169
271,MA-168,67.13596475926641,-0.03495482911827352,2554072500.6786327,66.5578628274508,-0.04621544027076685
272,Mean,56.683964031991444,-0.009646823424592554,533036876.53981197,52.543534490703856,-0.022853904913684886
272,SN-24,47.03268335191982,-0.6641688617451864,684338872.0391929,47.538813547680405,-0.7189645856641449
272,SN-168,51.86553849356059,-0.685805365300848,688773182.8250172,48.270675289745554,-0.6851587126846157
272,MA-24,45.019539069570804,0.06407432130879331,513207737.2877813,45.881594139365944,0.03565190697870069
272,MA-168,51.99459736080435,0.015501653108667468,526356523.0157626,51.57055057850497,-0.01359320222312288
273,Mean,52.851453343253304,-0.01702251239295194,2717320181.5997868,47.45250353865536,-0.001892082401820927
273,SN-24,50.74192456223483,-0.5210190318691501,3323095751.773978,49.77718306696159,-0.6100431665454376
273,SN-168,55.61923892171018,-0.6958198059061869,3508854684.2712793,52.35584140570303,-0.7220446035221875
273,MA-24,41.73537311981849,0.11370352982604615,2536676239.2876463,40.645226038336865,0.06009080766295982
273,MA-168,43.66960381177367,0.06462114819446618,2605969355.7426624,41.283202809325545,0.020350749187177275
274,Mean,110.02021109391637,-0.11980678715144033,458797918.75320363,107.28237061187743,-0.1207408019241285
274,SN-24,83.36600858522623,-0.2854770458720961,491566246.6649381,82.83788636420843,-0.2671975239653055
274,SN-168,82.8070562787148,-0.1242389258351535,459704971.61268926,81.85237791690197,-0.10921475833770056
274,MA-24,102.45794245200184,-0.08814397896120485,452265097.1940058,101.01741019898698,-0.08688631694510285
274,MA-168,108.96969989732554,-0.11615972691327148,458050187.8553958,107.27994997250647,-0.11615435516793315
275,Mean,76.95125234317037,-0.05447420777836687,244475953.06888944,76.03233418529778,-0.06704273504457303
275,SN-24,80.72110764394586,-0.6886029354897427,309372664.04554623,78.95688366175551,-0.7079410052328443
275,SN-168,77.93955555067893,-0.596365894927376,300804540.5915031,75.19791266485812,-0.594753237800441
275,MA-24,75.48249135361647,-0.05355598379808035,244369486.4660107,74.52720915591031,-0.060817954391044315
275,MA-168,77.64798094246915,-0.09407788452722121,249024620.44167265,76.89756797196313,-0.10259473507958639
276,Mean,77.34975401633267,-0.04335282556608622,2278568611.4546466,75.43080299383543,-0.04998719356484216
276,SN-24,69.64829670417807,-0.6490237979699149,2864573525.1872015,68.28943300344883,-0.6723678195857379
276,SN-168,63.3499940335839,-0.5071938973410042,2738615587.169927,61.63173216434535,-0.514353481994863
276,MA-24,71.21871690018683,0.013676733661936002,2215420403.1493897,69.69203865533022,0.009444654555865406
276,MA-168,77.55193981946161,-0.09981351649040904,2339408365.4575677,75.45378466986358,-0.0961002596204692
277,Mean,71.82994130793419,-0.028785413322078846,382159914.535887,69.56831183838614,-0.042449568530551485
277,SN-24,65.52551769849727,-0.41516551503995447,448214962.9845922,64.12915562782004,-0.4428019905728129
277,SN-168,62.9506355772194,-0.29800849441477406,429261065.72991073,60.07455257296886,-0.30692636697426745
277,MA-24,67.91267210112943,-0.024865083669468158,381431082.8381242,66.78647225596026,-0.04086112188587632
277,MA-168,69.63539518410352,-0.06921972741115967,389597546.89891344,68.37832336800804,-0.0874485382973118
278,Mean,48.54895940448038,-0.0894138564065472,3319584736.4259768,47.742733245780435,-0.11994779502106212
278,SN-24,31.72595575213612,0.3666937953707311,2531011876.6295795,30.723061533205215,0.3723891794678942
278,SN-168,33.708892045240624,0.3362018568081844,2591226212.132608,30.89923019726961,0.41992870996358467
278,MA-24,46.02854945125854,0.06831117097073625,3069889587.2376847,45.20271192330363,0.042232117556651794
278,MA-168,47.506799617620445,-0.019497150932405338,3211295863.1024256,46.25129160501943,-0.03713735477934943
279,Mean,44.57109108395226,-0.3461966473795892,8520.916661036254,41.282811610719484,-0.3105603298555579
279,SN-24,34.22333243895865,-0.18649370908559515,7999.535781625184,33.19708851421513,-0.08025036300322608
279,SN-168,37.42315417812253,-0.36149232215015936,8569.187856303717,35.10527302223315,-0.3799619057826844
279,MA-24,28.445657786597195,0.16549129414759312,6708.841031851371,28.03295329357705,0.1429092765232053
279,MA-168,30.366907058287463,0.07602489507600729,7059.30913217794,29.42140463145452,0.08428077462066819
280,Mean,89.01827839163815,-0.31613786753233364,211621924.48302504,83.64300203725928,-0.28793949180822187
280,SN-24,56.1602423247775,0.41212980125383003,141432979.18668374,54.73570195614352,0.4275080101951667
280,SN-168,63.70692480370265,0.4466824499354042,137213609.79835775,61.12583629196472,0.468780687944233
280,MA-24,41.53136968817816,0.7141239508918551,98627688.05255595,40.568305379723974,0.7227173570480503
280,MA-168,48.32982764359697,0.649330102482683,109234345.38357022,45.54848751259146,0.6668196338651946
281,Mean,76.36127228084426,-0.01893420243914634,45771299.5460251,74.21835227681969,-0.02040726192695752
281,SN-24,55.23834082729224,-0.9124957859567651,62707634.22214784,55.30847203871792,-0.9230714354802896
281,SN-168,54.627143369385664,-0.8375626781199872,61466891.94772798,51.75857741703827,-0.8389954385945775
281,MA-24,64.89101326304379,-0.014258170316528762,45666153.31443983,66.15041648705461,-0.015443096715309634
281,MA-168,71.38940782755658,-0.02057686443768958,45808179.50145107,72.16464560167049,-0.021544230912449835
282,Mean,105.01536509630887,-0.0639070507292343,164716449.90792495,100.674525009679,-0.08541389738121352
282,SN-24,104.33762532935158,-0.7315996460243204,210140070.74209532,102.31874348931844,-0.7626204239831287
282,SN-168,109.45096674678045,-0.72862123411395,209959268.82920876,107.21670891570001,-0.759282893094219
282,MA-24,101.39031027464218,-0.06038699281211324,164443732.5538547,99.01474249564069,-0.08129402393390994
282,MA-168,104.97090832817393,-0.08989083324363767,166715749.75701192,102.64381407013119,-0.111376206645182
283,Mean,142.0666284430196,-0.11084249120488376,119854443.67963889,141.73044615660672,-0.11395366189538914
283,SN-24,103.82048813545535,-0.44285692900131335,136596487.9357646,103.24543779326993,-0.460813925365426
283,SN-168,96.66442102052123,-0.3671705780101955,132965585.52613309,94.82979149679774,-0.39721250676497055
283,MA-24,127.55598466385653,-0.11563889906733915,120112919.38200177,126.46809798976297,-0.11470667089583197
283,MA-168,135.01241468438815,-0.15527254019294534,122227836.30288626,133.4290679290683,-0.15373545337539185
284,Mean,117.18918022703005,-0.3719270623512634,671579679.4381613,115.08578014410993,-0.3938258890166382
284,SN-24,109.35428744432912,-0.8720453649194813,784495071.8187367,108.86005145673063,-0.9000548834197655
284,SN-168,114.38904531532219,-1.1056289838946722,831999298.9690458,112.28953740146864,-1.0851840269126534
284,MA-24,111.70667332029534,-0.25584801551070946,642540603.9727546,108.99654613446548,-0.25832206380276346
284,MA-168,114.5537477725158,-0.29595236658386925,652719451.0966213,111.11685180157036,-0.2994166552897415
285,Mean,59.380361893384915,-0.03435329282585964,258537896.91377893,56.367514497895066,-0.04767085352301792
285,SN-24,70.07084340120818,-0.7836194080226888,339500841.9980642,67.49957941368281,-0.8202171291945022
285,SN-168,73.22549477321043,-0.9359450743504447,353700991.1518473,69.9483618112126,-0.8058641478848554
285,MA-24,57.3271703657164,-0.0045892525327329015,254790965.68505025,55.35132781313593,-0.021962458628972836
285,MA-168,58.98760446616432,-0.04861787313897237,260314517.45305946,56.46762743476938,-0.05772757767906711
286,Mean,83.75536094440072,-0.07544015946330829,254820339.27835566,79.99336084924438,-0.08403666531080689
286,SN-24,69.92442503152633,-0.6722350064479834,317752971.022819,68.22851188365294,-0.6670219557801356
286,SN-168,65.16226548715943,-0.5916454572576688,310001740.10994256,60.8074486219741,-0.5493906819301366
286,MA-24,76.39089453544705,-0.009378086862416035,246869763.32517603,74.1612273196283,-0.00966646524554049
286,MA-168,83.32084794062953,-0.04791437890959105,251538151.10723522,80.81355163059865,-0.053239491401332106
287,Mean,91.52953632666467,-0.05934117820316409,871637802.684442,89.53123614324628,-0.07939147130795066
287,SN-24,67.4019651674011,-0.11055740908639389,892459746.8717747,66.94295746940189,-0.13882364568574812
287,SN-168,62.40717569373,0.2032504528676644,755925581.5564842,58.85221500923986,0.23759040867759007
287,MA-24,79.95999795441212,-0.0449067358140367,865679024.1368891,79.91837863963215,-0.06714502606685024
287,MA-168,85.54563107364821,-0.1329436758651743,901409830.0313759,84.95300045405783,-0.15871961913479393
288,Mean,140.97306534638486,-0.04889464074769778,116465893.41537887,147.79737136814705,-0.053261517825440974
288,SN-24,105.36284104425488,-0.8101892407904348,153001193.6265626,107.04412121683973,-0.806649392132329
288,SN-168,105.98539032410477,-0.8713145548892485,155562970.35342655,104.58130381736868,-0.8813649228390672
288,MA-24,107.04321364493539,-0.029205948452476038,115367630.56486288,110.54196974158832,-0.03331931553502954
288,MA-168,118.65189353499719,-0.038812834897593795,115904816.23723696,121.80310035824102,-0.04307202196160165
289,Mean,67.28532113198452,-0.06090545723355145,2036705200.7736495,66.46833916165521,-0.07201926642869605
289,SN-24,74.05211358099085,-0.19316545970712395,2159932439.3208976,72.67858428976061,-0.19293642620181295
289,SN-168,77.8061063538205,-0.9913557159174664,2790385799.9698277,77.0181234604366,-1.0145135301090207
289,MA-24,63.184935849140444,0.3911337808774553,1542946154.4089804,61.929237981619245,0.39300817303446445
289,MA-168,68.27193303008279,0.01093718267251953,1966535398.7457356,67.52211173047503,0.0022645376783616555
290,Mean,129.71379892739947,-0.36106866336431853,819612143.8580425,131.03464224046274,-0.36373529311830755
290,SN-24,91.65439562450592,-0.03394072169755069,714358451.4429461,90.45263295800439,-0.016887220041385653
290,SN-168,89.65535460529588,0.016443091341585392,696735779.796806,89.71547774494795,0.02461112440837887
290,MA-24,81.21263742457263,0.26206968176882917,603498290.1080383,80.6401386977536,0.27060159059480104
290,MA-168,116.64780884308617,-0.22819302279390974,778577196.9962689,116.14088968983256,-0.23138324956489376
291,Mean,69.7909991892311,-0.0800106287500868,2044831805.8907654,68.89604466155606,-0.09746518880071986
291,SN-24,51.7450243297653,-0.20648049603851382,2161243646.8745494,50.889743606182314,-0.21992574980190782
291,SN-168,64.40597008797228,-0.8194156479791317,2654052684.89147,60.41956515898828,-0.642013990035017
291,MA-24,66.01790333809625,-0.00924743251432858,1976707470.227725,68.0496427211759,-0.03081314850524275
291,MA-168,67.95466634280247,-0.0681848361977504,2033605843.500705,68.77138830098419,-0.08943188224591747
292,Mean,54.74338224329285,-0.004400790034176927,1071.2178661565372,52.37767854283759,-0.007404998415204256
292,SN-24,67.09427040336871,-0.887356288977712,1468.4231778370493,65.98150868779253,-0.932613534419181
292,SN-168,70.28728997710229,-0.9718163787496574,1500.9199127020668,68.43995527637246,-1.2441223164531263
292,MA-24,50.568098016337416,-0.02064001681781802,1079.8429084858096,49.82856170480327,-0.030129475325401556
292,MA-168,51.64447673899814,-0.05767057083734817,1099.2576453028075,50.411737185609425,-0.06030580703466626
293,Mean,57.42187096781157,-0.00010844115272945487,1367579105.8656173,51.88155737798469,-0.009351200245331315
293,SN-24,53.801882788589374,-0.22184694842247277,1511601501.982037,52.33955385344316,-0.32054013084056177
293,SN-168,61.83806225780645,-0.5143238791292477,1682822445.0162106,59.58587861114262,-0.6080709428873381
293,MA-24,45.4164121798703,0.259753656877844,1176568036.4347897,43.61246698338661,0.20396059188652893
293,MA-168,51.06329776988482,0.13054877596102665,1275121363.8458765,49.70727857073044,0.0585809044365021
294,Mean,78.01308442329547,-0.01345449494177453,7719790.851214153,71.43022739579092,-0.014399820761536786
294,SN-24,89.14781451240924,-1.0135118845135338,10881293.042913234,85.09037511402386,-1.0038802594083993
294,SN-168,95.79430963371593,-0.9914956389955074,10821640.13186702,89.36220465344785,-0.9696895610321024
294,MA-24,73.65771398517376,-0.013076987134690743,7718352.921455062,70.56187193115035,-0.013936121438381077
294,MA-168,75.62809399545776,-0.013316612365164238,7719265.686608575,70.07248711177132,-0.014144160579419918
295,Mean,107.54574307104741,-0.0810287820145914,587798365.4390111,105.06188319152191,-0.08110884689838671
295,SN-24,92.26232460776777,-0.5225431555330213,697580852.1418445,91.47219269610723,-0.5272269746803686
295,SN-168,89.56662781743563,-0.40469343650323997,670039679.3199779,86.01156133298514,-0.4114532023331954
295,MA-24,103.4921137272249,-0.04810300427630465,578777618.4548076,102.20957806775391,-0.047732171220434605
295,MA-168,108.54318984808708,-0.07150663479699793,585203854.2454318,107.44687397401074,-0.07107067636537123
296,Mean,105.34143927887234,-0.08014283483438134,16267992.207067888,104.87664442200919,-0.08151828059451205
296,SN-24,91.97018029982856,-0.6143727115221149,19888190.218898114,91.29086571087677,-0.6146748750688318
296,SN-168,98.40621147380915,-0.5930147154006964,19756192.762420096,98.7103863290798,-0.6283905975647046
296,MA-24,111.58027090201983,-0.061082059485397355,16123816.501295052,110.75338291992165,-0.060629660269982955
296,MA-168,121.34377804705477,-0.07270869048133966,16211912.858397653,121.01733084478639,-0.07347920098406191
297,Mean,134.570848493231,-0.02607709218309373,155876222.23053128,134.45275110129242,-0.025366779368004133
297,SN-24,107.95857628569323,-0.9194722325373328,213196854.51352587,107.58463884118122,-0.9262475609146588
297,SN-168,111.78903099702065,-0.8993198310767825,212074732.2205633,110.47582136539774,-0.8983859472930327
297,MA-24,118.454282327075,-0.019253290077212437,155357039.5802139,117.86338752094284,-0.018644903439720695
297,MA-168,132.23189640716961,-0.022481810544150216,155602894.47558048,133.0175169414181,-0.021673912459705624
298,Mean,129.6420663052321,-0.11136109346446177,279206410.31080985,127.06791989225582,-0.11535031415782071
298,SN-24,91.15260479578694,-0.4578257304577984,319779483.10859334,91.64884215974274,-0.468797968064125
298,SN-168,87.41504638675495,-0.29142162782781367,300975966.8717919,85.66374388523555,-0.2575675812396463
298,MA-24,111.31893742417098,-0.07908355370244724,275122004.6939357,110.29123097619802,-0.08106794458503619
298,MA-168,123.23834581900739,-0.11323408625485665,279441586.5499431,121.78638393282306,-0.11614987786395181
299,Mean,131.03287367202782,-0.13034193829578133,1576058720.6324797,130.60611274248635,-0.13782582081099592
299,SN-24,95.60296107239279,0.05581216917204879,1440444975.723552,94.9745814828224,0.05164451645575785
299,SN-168,97.6513162449207,0.07294342361604167,1427317508.7626684,95.43657661380797,0.11693609181847953
299,MA-24,112.56612565824278,-0.07521768878480928,1537147963.3539634,111.41077347305435,-0.0780689131303185
299,MA-168,119.58062521467647,-0.1417023932960071,1583958976.5235195,118.544938912919,-0.1472820915170674
300,Mean,54.411388647511025,-0.9702562953005367,3232.7453844855127,50.29189504512923,-0.8261839952643328
300,SN-24,43.88066164513242,-0.4602817772876413,2783.097820886833,42.87023124248958,-0.5408833173972294
300,SN-168,46.88063858601067,-0.6701487660436956,2976.375472080462,44.691960541950635,-0.7264766986325029
300,MA-24,32.838742990024116,0.21359424675722927,2042.3655647583535,32.24397528960626,0.16714807741706683
300,MA-168,35.72365183839314,0.0683602089982498,2222.9728219673075,34.591464851103794,0.029558055716313092
301,Mean,103.99228916503122,-0.11125334750791294,548989633.4012003,105.81794500054262,-0.1178475748119816
301,SN-24,96.75249264501815,-0.502118772284496,638277799.9396267,97.33412017839287,-0.4961615943083837
301,SN-168,99.70311588758237,-0.5818335577588887,654995015.3313812,99.35739135577083,-0.49878378197239615
301,MA-24,101.28336533772571,-0.07352199823058414,539588986.492381,101.9036223255527,-0.0750302645204377
301,MA-168,101.06605599301102,-0.08867876755349124,543384791.5920137,101.63364107026256,-0.09266725478144422
302,Mean,65.17027622798129,-0.15595673362690432,1600072485.0672858,65.49611396252023,-0.18596083197115254
302,SN-24,51.43897511403582,0.11367969509145404,1401084139.874793,51.404026476359256,0.09409072786582773
302,SN-168,50.84940012913163,0.19164305830014128,1338044180.8145874,49.334145935103244,0.22468748322187437
302,MA-24,55.40666515004268,0.19629968650359841,1334184639.8429084,55.26373246859681,0.18508604054039557
302,MA-168,61.8758515171824,-0.045902967404142014,1521999694.0435238,61.90232690000022,-0.07209152216921777
303,Mean,70.62042902444132,-0.17052506822149227,937508435.594305,70.03702420132707,-0.172283014020292
303,SN-24,55.822026161531745,-0.2776303776744935,979461656.8284026,54.343303274890864,-0.26244412918235027
303,SN-168,50.63151874079015,-0.0861769202416991,903098476.8591402,49.504631616582266,-0.04357661702925242
303,MA-24,62.89173821305549,0.024422916125584004,855885403.2593542,62.114830135746416,0.022310151604003292
303,MA-168,69.70678626553473,-0.05217578497750042,888851021.6228447,68.88564425520927,-0.05770845465907737
304,Mean,83.17654100320611,-0.15232961834189918,358267542.3743025,82.03724233858162,-0.1535262739331824
304,SN-24,77.92804187238069,-0.2790854090854069,377458208.7878083,78.15444727395413,-0.28266235318688504
304,SN-168,78.0857693412923,-0.13077255431831913,354900598.45904887,77.20075469807483,-0.09225341936905762
304,MA-24,85.08587994745328,-0.057415098932141806,343195714.3391346,84.54981704989427,-0.05326936185995379
304,MA-168,85.71642632556006,-0.095460051979535,349315112.1877805,84.95121702955217,-0.09411355309206071
305,Mean,63.68050851862797,-0.015610081503864004,1127.0317189880732,63.617335628448025,-0.019412284469581875
305,SN-24,65.87259359952536,-0.03219187274305946,1136.1949506332783,65.86879130116205,-0.008016595870120158
305,SN-168,71.99232149240704,-0.3355185560427645,1292.401938024264,69.64449161530413,-0.26922082401115244
305,MA-24,50.49146636966921,0.3413197263996408,907.6323483550932,50.555419305696034,0.34651778769954755
305,MA-168,55.06319722317804,0.14952919509060458,1031.3411402696356,53.84816689806704,0.16827872357560425
306,Mean,147.42242172534705,-0.2557183250605908,168350310.40639085,149.4481205892297,-0.2528777606751671
306,SN-24,111.8224035746623,-0.611329103673955,190704056.50743902,110.33024446184785,-0.5896726476181018
306,SN-168,125.38527259475414,-0.5718726679923325,188354710.86939803,124.97545887465142,-0.5218070579473317
306,MA-24,102.16850097579592,0.09242715592077455,143122710.28383276,101.74416559011871,0.104914589636246
306,MA-168,120.83217449569645,-0.04534241180269838,153602077.9570501,122.0887444147021,-0.036351892777220174
307,Mean,68.40175334689124,-0.029224702065989483,1795937357.0259197,67.21223177732429,-0.0402320002660248
307,SN-24,63.112346781178644,-0.5725121278365166,2219898335.3221517,62.207492878398995,-0.5145541499352155
307,SN-168,64.9544095248731,-0.621590852486358,2254274127.541493,62.77125900470932,-0.5564405505192553
307,MA-24,63.56750552727992,0.0057896383806779195,1765124025.4127867,63.126010703830595,-0.0022792814926848592
307,MA-168,65.76212369038204,-0.03615305687023995,1801972006.7758026,64.90763683436664,-0.04522040541815375
308,Mean,79.13921240964801,-0.014812697667352603,26888413.337826032,82.73447668514395,-0.015811626653304378
308,SN-24,59.070658662922526,-0.94260710436105,37201865.276633,59.21075772098362,-0.9430622339266386
308,SN-168,66.53150751063667,-0.8848821284725015,36644966.387188084,67.08609781210743,-0.8843881342669715
308,MA-24,52.070641282895515,-0.004347842945036984,26749416.004572403,53.05291591573676,-0.005215248633725134
308,MA-168,62.46223292833459,-0.013132872644987525,26866149.851782937,64.36878422569184,-0.014132273717399668
309,Mean,118.87286178557206,-0.02272648523238341,1042442121.6619879,118.1682472698873,-0.024085624865552324
309,SN-24,107.84721263144374,-0.6081599693769637,1307184301.8433924,107.01731287591126,-0.6082558199743233
309,SN-168,105.57049678434358,-0.9980994547248443,1457071121.2309873,104.32767733039907,-1.0038966169305685
309,MA-24,110.65360659577776,0.01570715127034239,1022667289.2050782,109.72127037261184,0.015020092663442619
309,MA-168,118.42212090053809,-0.0195407580111413,1040817285.2795805,117.29055211347071,-0.020748256072204985
310,Mean,110.21935421597509,-0.02027690601614096,1119187099.1528943,110.3354449731529,-0.020532902444349244
310,SN-24,97.39791981385663,-0.9423921847804637,1544230507.9609842,95.51158658676069,-0.9494029746411095
310,SN-168,97.17706237877624,-0.9561353773125789,1549683899.3765492,95.42803052349188,-0.1274163429593158
310,MA-24,106.66759148223403,-0.010603890376671421,1113869083.9526677,105.96490191018641,-0.010188678109714244
310,MA-168,110.06632011424253,-0.01587755222330678,1116771569.0618346,109.6858918789299,-0.015626643953479125
311,Mean,115.70542347191899,-0.07113533101626257,227714700.32868394,114.10959321497636,-0.07244485349433116
311,SN-24,101.31739813526892,-0.8447234595024544,298837112.1343961,100.7698161550662,-0.8581855535510907
311,SN-168,98.81893303251282,-0.7990711522164482,295116210.34919286,96.31563825843378,-0.7894708161188702
311,MA-24,107.20454667052384,-0.03804174564287943,224169387.4886613,106.27695765048817,-0.037879926964045296
311,MA-168,115.7550211535229,-0.061488209812563976,226686931.02136627,114.61517560741832,-0.061654912515413995
312,Mean,67.37460448155937,-0.0005353792152071879,12784.276858748086,63.522803303283894,-0.00011559085752166354
312,SN-24,72.90292320842751,-1.0025725208005407,18086.480666690863,71.18529405259021,-1.005133542692168
312,SN-168,74.3736242418479,-0.9977890499660798,18064.866498377985,72.30911700101949,-1.000704664938418
312,MA-24,56.08613313348442,-0.002840790493161549,12798.99700679481,54.808781999305836,-0.0038738663274411334
312,MA-168,56.515167520185074,-0.004068567385895339,12806.829509277783,54.80947186670896,-0.004642801895756499
313,Mean,77.85467345034752,-0.00222554927447538,914855009.945372,76.42413897192516,-0.010028409685967077
313,SN-24,71.5368792868271,-0.28281648977990104,1035027294.7358729,70.69915722746623,-0.28406557425716406
313,SN-168,66.51613318632891,-0.17982287104250116,992608388.7443458,64.51199403154602,-0.15455767150848665
313,MA-24,72.05966426024148,0.021826982204539713,903810485.108723,72.29445292081526,0.001990684267850318
313,MA-168,74.58989381400468,-0.06677738791393284,943857511.8344215,74.77024083956525,-0.09196800082329037
314,Mean,136.56236430564448,-0.15636621210840396,348784212.2059774,134.2643717124628,-0.15559457843283764
314,SN-24,99.52996372551112,0.124462844981306,303491416.0165672,98.22194093163506,0.13275404117532097
314,SN-168,95.20811867571844,0.2864954887017598,273972822.0586462,93.27620955655618,0.2669588762494324
314,MA-24,121.44991041629095,-0.13383990648522448,345370302.2461697,119.31381435481725,-0.12949027095200383
314,MA-168,131.1423836503539,-0.15663925056660766,348825386.82771635,129.35493399654908,-0.15459212182852977
315,Mean,95.88921265289892,-0.11452654869361334,351307911.72237056,91.77341492300783,-0.12889856628924523
315,SN-24,67.87761689503942,-0.10478869097966759,349769818.36825293,65.84235576137178,-0.12181074899707367
315,SN-168,58.964070074103525,0.10976398167182988,313975168.56692463,54.03639028194179,0.1143660970518321
315,MA-24,81.2451576818146,-0.018484996950387744,335830425.29522264,79.29928519799944,-0.025115282809076822
315,MA-168,92.82952614950702,-0.12735689568024422,353324240.6855197,90.66116311012328,-0.13706547102566935
316,Mean,88.57290551645735,-0.0653962147370275,2377177758.374523,85.5792274181362,-0.09357786747665542
316,SN-24,66.58888848577195,-0.06541013682648611,2377193290.236208,65.10675672675109,-0.09401577075241829
316,SN-168,59.85136796737556,0.23286694878976777,2017165030.5485375,55.501146251165025,0.262658808751569
316,MA-24,75.5466081617697,0.008821997875738674,2292883087.548101,73.95910335726063,-0.01772564556485756
316,MA-168,84.28418889251151,-0.11007752860855713,2426513652.301223,83.10244982096006,-0.14293017358359683
317,Mean,116.45740147712127,-1.9517826950776338,80488.87666886793,118.36953242300363,-2.0709465219879575
317,SN-24,51.53764625626055,-0.014125633684435979,47178.003174310186,50.42718472651582,0.00398890998499557
317,SN-168,64.68140240935729,-0.6492836231729182,60164.64359957473,63.45610206039856,-0.6108886673665899
317,MA-24,40.19872241052484,0.4348154695963622,35219.95593347787,39.43052000803827,0.43509771518477103
317,MA-168,57.401420811261005,-0.11383225237949501,49442.85833192587,56.3246417187153,-0.1115102487521138
318,Mean,123.50436264145175,-0.1340523023828173,211632632.5683294,119.92893065481658,-0.13619182951648767
318,SN-24,89.977374704285,-0.2239722761099998,219862864.7486978,90.13700222193455,-0.2364732030629937
318,SN-168,87.76317734701922,-0.0921372901609594,207684798.73732513,85.63573056777007,-0.08804488424532786
318,MA-24,111.18941413015237,-0.091889694235199,207661255.53207105,108.82061216257569,-0.0886853167712014
318,MA-168,119.54027588370435,-0.13017820320037887,211270838.31066978,117.58241001813165,-0.12937564904015497
319,Mean,76.47457526433679,-0.07520228544880903,104417783.3740521,79.44384478015442,-0.07884926925272295
319,SN-24,70.25590203934006,-0.6247015729278074,128356001.78722389,71.85191805926358,-0.6308544812804959
319,SN-168,73.3708025485981,-0.6147806453217486,127963511.0861753,71.94905513700616,-0.5732298005405565
319,MA-24,63.29986660007266,0.07125990394377257,97045740.43257704,66.21498579769933,0.06979021615553627
319,MA-168,69.91868791107959,-0.005396626089167356,100971333.4998886,71.60416921125334,-0.005327683250222037
320,Mean,65.08393950213367,-0.02566141157026025,964341744.093634,61.53611186964281,-0.040955294676051635
320,SN-24,49.08213388483979,-0.11234005028554495,1004263655.567657,47.58213720123689,-0.12119356988907581
320,SN-168,47.28345573547504,0.12716540317644243,889600328.6181189,42.29947743309099,0.1964658755614468
320,MA-24,55.06146450284055,0.06266092861483896,921886210.0832764,54.29835764806504,0.0440134417379604
320,MA-168,60.612894876331616,-0.0370825266144279,969696028.9354289,58.763381933373196,-0.06044813253550596
321,Mean,135.66037913415175,-0.06920228694928365,95910099.2113001,133.57475248123072,-0.0695533830408408
321,SN-24,94.544194817837,-0.845286040382661,125998753.55844115,92.9152688757837,-0.8504141797163145
321,SN-168,86.33953191084764,-0.7238370962722602,121781834.49553168,81.80465053629587,-0.7289534616129068
321,MA-24,119.06560293333548,-0.050694152725512254,95076362.62707229,117.5504561991384,-0.05001588967882209
321,MA-168,135.433340485204,-0.06803846970150285,95857886.35109237,135.13467450410553,-0.06774401381354189
322,Mean,69.11184566959354,-0.013356825722302679,1737672561.8159397,65.03455726080448,-0.04064022253083155
322,SN-24,60.23663218151366,-0.1967834621294715,1888402360.4557402,59.2096220901192,-0.25660198059283124
322,SN-168,64.17754340862331,-0.2540819982545264,1933079485.2169516,60.79095281662676,-0.2716146845497065
322,MA-24,61.26120825521,0.06464094224184191,1669459635.6312284,60.91712319068161,0.010028923195053108
322,MA-168,64.04473061608559,0.010630195727239222,1716983298.7198908,62.71276382065093,-0.04248452240093692
323,Mean,49.95192490034755,-0.05844859484462006,892671516.7462434,49.071095151333346,-0.08259326063332151
323,SN-24,42.69005729884271,-0.1045275309280338,911895483.9202812,41.89570481171479,-0.15670345941196162
323,SN-168,46.20243911967516,-0.20993042314261734,954414416.4281658,43.76722438375642,-0.13910926723319283
323,MA-24,48.8940693122031,0.001953424850604013,866826533.4896523,48.192718834827566,-0.02871260499218642
323,MA-168,50.074245730396804,-0.04676682580075098,887731779.9347024,48.78955245928058,-0.060522780031510015
324,Mean,56.47576507893167,-0.01593207937521468,918622248.2119287,54.356896045889634,-0.03180498923383257
324,SN-24,58.104253291710165,-0.4341232600684026,1091434964.1432245,56.57577081664053,-0.4543721902381044
324,SN-168,57.4281550507295,-0.4106588595464655,1082469386.4914205,54.35849398207948,-0.35743942000802176
324,MA-24,53.455771427894604,0.038814416979292776,893528165.0402516,52.45949016387572,0.01748692092108195
324,MA-168,55.179998565087395,-0.02397219340449719,922250085.3499222,53.521361617724985,-0.04931672853784175
325,Mean,49.217656576871526,-0.9914908748152924,6407.85821166519,45.10772930873364,-0.8319082397054993
325,SN-24,33.17008030005481,-0.5933401258198385,5731.627790057448,32.24814565934163,-0.6924300564370778
325,SN-168,36.79733746040759,-0.8107719470955768,6110.202617190467,34.105006502859595,-0.8767562933421993
325,MA-24,25.383330489433533,0.1402491120782814,4210.270988845088,25.079445671045953,0.07945080026996898
325,MA-168,28.112166407570832,0.051647108038267886,4421.897990017961,26.68775313605688,0.006384844723768213
326,Mean,146.44766822099314,-0.20544716973422394,557388962.1034539,144.0342670375378,-0.20007270933900112
326,SN-24,98.68586834236044,0.1909790632406415,456629698.4117343,98.51990616520533,0.19545950955668123
326,SN-168,91.74616309943504,0.30072280412914143,424530557.7137798,90.90378984028335,0.2772141491165079
326,MA-24,125.53102003294099,-0.1506906810179296,544582362.1205122,123.60681208225719,-0.1417512041250666
326,MA-168,143.19176309267678,-0.20353990252661514,556947835.127489,141.32060164574958,-0.19757211886775483
327,Mean,44.081100973186416,-0.13105780828254954,2141024596.091298,43.53855797742967,-0.17975588103167905
327,SN-24,30.253066182784256,0.37628183406866644,1589913335.2096064,29.615559881360426,0.3626506297127551
327,SN-168,34.45386537135796,0.15449413387476796,1851132765.130423,32.18261671341844,0.22638359012434484
327,MA-24,39.95643787225142,0.1087220677942522,1900578588.0831838,39.15158624412234,0.07700706617786002
327,MA-168,41.48134700343546,0.023763768406941832,1989100452.95085,40.22460956054298,0.010265674682870096
328,Mean,63.52432573021819,-0.04627515418176498,4468113.820346522,60.648266523197535,-0.0562499926263762
328,SN-24,62.20374575464992,-0.8657783592615869,5966660.087262062,62.24332121789341,-0.8463050572806348
328,SN-168,66.95713888615174,-0.6365691603557564,5588155.120970786,62.76687775000042,-0.6649854452007653
328,MA-24,49.592544314367174,0.011488345265387223,4343023.393429033,50.16531210650938,0.005477448762532866
328,MA-168,52.802579858085466,-0.0009019653209993983,4370157.031580529,51.20248277779116,-0.005129560844156167
329,Mean,106.64586153785926,-0.05618321562864881,411081045.64762366,104.40215649040674,-0.06712820080280468
329,SN-24,106.78374686789505,-0.7277616553730226,525774764.3882362,106.65794481674698,-0.7456069505279805
329,SN-168,108.75207448270837,-0.8097314308200343,538102347.0516598,107.45681940088019,-0.6221948021529231
329,MA-24,102.6750351522181,-0.0496968435986449,409816808.9952251,101.97091251398902,-0.059162830654010845
329,MA-168,105.53522900707355,-0.08564267552504146,416774630.44240534,104.24651247981613,-0.09736043549667595
330,Mean,47.28559113661731,-0.0007061742244536262,2457053576.145822,45.05440602284887,-0.00917605947367961
330,SN-24,37.98548794441899,0.020985162401882307,2430278101.7447357,36.54536729325782,-0.005856488569975005
330,SN-168,36.709088609372955,0.1813868297926149,2222289838.6246605,33.29879647253026,0.23493349522282458
330,MA-24,41.74934192832298,0.11695947497625891,2308084232.70014,40.97765570638234,0.07808184345870195
330,MA-168,44.5810091028906,-0.009327074142983838,2467614412.6741877,43.31537549937678,-0.046884693393687726
331,Mean,99.81132792913594,-0.8827721444218939,944539542.6826168,100.24654799514559,-0.9073025836414537
331,SN-24,51.73941828227247,0.27114556077284113,587681018.4743874,51.43023955599709,0.2691457217070963
331,SN-168,56.85741411363539,0.07553967971776288,661858879.2370659,55.53492068882021,0.12038672103560755
331,MA-24,66.23644140296648,-0.028407437863808394,698077863.554537,64.89699077856294,-0.024031972431520998
331,MA-168,67.3072146461958,-0.09667217453549726,720874518.3026185,66.00072395194559,-0.09337097773403058
332,Mean,136.5053172698165,-0.052185387307898345,1143147867.0694811,137.52907295835473,-0.051172237846684565
332,SN-24,106.57394525141927,-0.7955661705635857,1493334107.9997206,106.12428124148359,-0.8014307398949176
332,SN-168,99.30581247440257,-0.8296901920149611,1507457432.3858976,99.87939195188716,-0.8333634533433991
332,MA-24,100.99380395332014,0.00494456057833248,1111680317.289517,100.76384261381806,0.004262248707706973
332,MA-168,130.32986268010922,-0.050222900815929394,1142081296.8016133,129.8075573759715,-0.04895472141993373
333,Mean,87.49344915821075,-0.21816658420937562,517401667.2131638,87.32899007649213,-0.2118605318593385
333,SN-24,87.8083716334778,-0.5633391978339952,586139637.40545,86.99547101208339,-0.5799477000851101
333,SN-168,84.63337409114182,-0.49227280172544896,572662301.757649,84.17275481086342,-0.5345316159455438
333,MA-24,81.44667137898782,-0.054538647754592606,481399608.95264924,80.96888724445472,-0.04809775197616051
333,MA-168,83.02440536619191,-0.1067545822159921,493173971.0162673,82.65419517806556,-0.10157497950363137
334,Mean,110.2052389635518,-0.0851975412898398,196598823.25116897,107.10833932907914,-0.08459367694709785
334,SN-24,86.05892462194771,-0.24683158371726566,210731962.144078,84.89032770306457,-0.25481469615300845
334,SN-168,87.62571465499825,-0.19663035774874538,206446023.32233387,86.23100494468274,-0.22588990501186745
334,MA-24,94.33660910776503,-0.037084237271091114,192191214.05111194,91.11607126610465,-0.031117212248985338
334,MA-168,100.22670036162096,-0.08669870484117714,196734754.72173092,97.07435563737104,-0.08190846337881652
335,Mean,46.415639674709574,-0.026512218021395917,2418277044.4203534,44.188564900307526,-0.054002904066842605
335,SN-24,41.51043352165284,-0.039501248757489726,2433528851.7481923,39.99845027470938,-0.0587242246649573
335,SN-168,39.65745678313964,0.1518089984862674,2198218316.2908916,36.03482814751808,0.22694063098340744
335,MA-24,42.06384975183293,0.10660271395220366,2256037458.757575,41.53942391765781,0.0696351495040991
335,MA-168,44.720832104114464,-0.010608989150976855,2399471358.5773063,43.63978915986736,-0.04918668666730541
336,Mean,115.74347880772528,-0.10008641619170677,636215913.3999552,116.09329014760456,-0.12687427103338922
336,SN-24,94.522365584806,-0.3110622703057151,694548833.7859565,93.31249689648111,-0.1702811195525724
336,SN-168,89.71376400910809,-0.25067788656557566,678365671.1600863,88.39443489980255,-0.008908452409392753
336,MA-24,97.60536518915366,0.015492762911360813,601867071.105362,97.050339842597,0.016014258317946783
336,MA-168,112.93286376723348,-0.10746591847795495,638346250.3641014,112.26185661522325,-0.13225487913386735
337,Mean,130.5160423956308,-0.12928454905603304,1027773264.7209517,129.36812157260027,-0.14825279863027996
337,SN-24,97.89528409837519,-0.15266085362444648,1038356283.2083477,97.58350035828808,-0.16559503772428652
337,SN-168,98.67857790176112,-0.10552406133304748,1016903454.912345,97.32657380554862,-0.07148718893671391
337,MA-24,115.18992590740855,-0.07690053591493862,1003652613.299546,114.50237445278061,-0.08958960685513384
337,MA-168,122.09658503757011,-0.1509924730387009,1037604543.9698722,121.02155921469837,-0.16672253988726715
338,Mean,54.92149208002869,-0.03354724616157023,479924852.5271016,52.23793433345113,-0.054026114207184506
338,SN-24,60.48836970605206,-0.4929206423826875,576801570.9412235,58.33622933589421,-0.510315110665827
338,SN-168,62.952508842370406,-0.5283066916887824,583597375.7814041,59.71606050924002,-0.5260193941476041
338,MA-24,52.74286091281755,0.056755194741667014,458479882.4200211,51.133901916683314,0.041863494379165256
338,MA-168,53.85590947485317,0.016765372374701215,468097859.9346841,51.82926328477875,0.0011584258017353077
339,Mean,76.37864232251857,-0.00824337454106927,48387.93968946236,64.28503336193259,-0.0015997375335683461
339,SN-24,76.28070086299164,-0.24643049950073026,53800.76809395792,75.16880829953884,-0.40568178360006013
339,SN-168,87.35738690826118,-0.5556751084089016,60105.4556312896,83.35631482614173,-0.7024532231749772
339,MA-24,59.76190064095945,0.2531216875367588,41646.582255862406,59.49734294003832,0.1461459030297877
339,MA-168,65.79626879408326,0.14413163959858433,44581.83376337864,63.245345684935714,0.03052131401497249
340,Mean,116.96339728701348,-0.26469456755692966,257661573.5078479,117.59878476070529,-0.27406546699049517
340,SN-24,102.57799169049623,-0.2024524752187089,251241159.15654492,102.21553115324372,-0.21488161603160405
340,SN-168,100.09167172066302,-0.10519521914972274,240866458.3477397,99.82115689955936,-0.1079532916360264
340,MA-24,96.06554970879667,0.0646571578309616,221585961.14664128,95.0952231246923,0.07286452972757362
340,MA-168,110.94994024865446,-0.18932355956962854,249865812.83862042,110.2697493979327,-0.1905539649274952
341,Mean,50.77076496118269,-0.07666172754605993,12604884.496552398,38.92446802551106,-0.012897237062728939
341,SN-24,48.99067179185018,-0.3060846620680069,13883050.309107423,45.01851411935052,-0.6521687989763059
341,SN-168,56.307668140327394,-0.5287737913702315,15020031.626942864,48.976872061823954,-0.7232477164876612
341,MA-24,38.103790480971625,0.2412936496183844,10581228.48337302,35.084418970171896,0.03055064205453617
341,MA-168,42.150904850757385,0.15114526247604254,11192211.827903818,36.903775058184316,-0.05277445923124202
342,Mean,38.51021965253039,-0.005931145417454875,2591635839.896424,35.81931941534036,-0.000293024340740633
342,SN-24,35.317693236070866,-0.12046404170320413,2735198260.2104654,33.76130759532996,-0.11567513424241715
342,SN-168,37.76202949483756,-0.1860903655270587,2814159696.088198,35.17484565551492,-0.16243900185615145
342,MA-24,33.11209539861341,0.13992766356329223,2396389120.9653325,31.8353579468533,0.11893215784778066
342,MA-168,35.59510208944548,0.016895640591981342,2562062150.863858,33.91418670928144,0.0003395001157152633
343,Mean,50.07906933532591,-0.07128223208859774,469026448.45961815,49.515205262122734,-0.08079066392942624
343,SN-24,52.998160315558486,-0.37935786985368103,532211017.6217568,51.540411296456114,-0.3789940809547876
343,SN-168,54.34826807086848,-0.4782567049089952,550960305.9175258,52.24510572728931,-0.41963360907703384
343,MA-24,48.670523649150994,0.00341292918117464,452379594.17845714,48.09726684296011,-0.0011600067114503343
343,MA-168,49.50404327162613,-0.04506975394759416,463252766.6746764,48.74353221959215,-0.042408618601493586
344,Mean,96.4548690751528,-0.06291968889554655,245812457.14417675,94.24734214141338,-0.0771454851808433
344,SN-24,86.15476710346705,-0.6332084727782628,304701417.2947458,84.15083262151865,-0.65335445294959
344,SN-168,82.65070770817671,-0.5512973543762123,296962211.0278969,78.8659906212623,-0.5291673982634144
344,MA-24,91.40258433507978,-0.060885575358139876,245577138.38062376,89.7770386413591,-0.07500581990002275
344,MA-168,94.9150558488517,-0.0955901903154448,249561581.8075275,92.93595562449671,-0.1105789278169127
345,Mean,74.8569271629599,-0.05235388989040057,1546990145.709333,73.48896509563811,-0.06403156912849317
345,SN-24,58.79984206530741,-0.3163032911777861,1730153459.5709784,58.230414164244536,-0.3401895060530995
345,SN-168,56.10127271904661,-0.19568363751761186,1648977709.4186506,54.6911910686917,-0.18998589891652307
345,MA-24,70.76757324519444,-0.02715010396148143,1528352737.3126097,70.17935843738847,-0.034227786936009474
345,MA-168,72.05024709751385,-0.07925831246087167,1566640476.674903,71.48679500120294,-0.08942019777250931
346,Mean,96.83258755345425,-0.2505117628668041,653406544.288499,96.94251375200344,-0.24860567387991117
346,SN-24,86.50073084342102,-0.300093664738992,666234180.9526191,85.06934210489658,-0.2854453361972564
346,SN-168,84.68134368512138,-0.15393771883454654,627669136.1447434,84.86694556237022,-0.15427990657597568
346,MA-24,79.5124562549741,0.0883824242176362,557886605.1356871,79.02007746011877,0.09727013950805674
346,MA-168,92.3267827944111,-0.13663924418446705,622946733.0716733,92.2855596049815,-0.13400083595911383
347,Mean,43.20030235795385,-0.0022092645150266765,637033473.9415699,41.22535218294232,-0.011429088660610986
347,SN-24,48.9341705572107,-0.4060366442528498,754538434.7651987,47.516286804702766,-0.42504165085544154
347,SN-168,50.0045903570958,-0.5294776983588734,786963557.2696801,47.61661774142476,-0.47229655490867817
347,MA-24,40.08481798481965,0.08961630424724187,607148998.1331313,39.426549970589456,0.06170041673662496
347,MA-168,41.6277251585931,-0.0008908839435175508,636614335.4601516,40.95908054840383,-0.03593863048240298
348,Mean,41.3015100514911,-0.00044073381575304715,1402907.2164352399,40.69145614956662,-0.0005063263740607837
348,SN-24,50.15617866869625,-0.9983544314383066,1982757.1520537913,49.61204661690063,-0.9984874993412327
348,SN-168,58.491874553533485,-1.0836467992453014,2024628.3685442698,57.30411426298927,-1.0837824427098846
348,MA-24,37.33015375229726,0.0013626320679975823,1401642.22588582,37.030822335753214,0.001296170640105787
348,MA-168,41.89348404223712,0.002825254354653639,1400615.4145441437,41.62361589647743,0.0027600234924517464
349,Mean,55.45945240041039,-0.00031095404709668983,628426734.85774,52.1106758191234,-0.005782101772929149
349,SN-24,55.17320532947042,-0.3455027875402319,728835371.3246926,52.76102362861174,-0.33523962762699555
349,SN-168,53.58539602132244,-0.3041843243801221,717557368.2853657,49.75283468580656,-0.21802507706838226
349,MA-24,53.235225212870105,0.014912704749474592,623626410.7738483,51.25292729406329,-0.0033176485499075703
349,MA-168,53.52207142554055,-0.03386202171009889,638878732.8372935,51.57137326051132,-0.06578592168827568
350,Mean,129.51545777618324,-0.11744643974775437,328272160.22761506,127.04016255710411,-0.11967752127273767
350,SN-24,97.14330226952066,-0.3358669110540333,358923828.3210835,96.83741345192398,-0.3538818483410213
350,SN-168,95.12495275135252,-0.27079866674904673,350073365.90656555,93.01950199710059,-0.29105732272785634
350,MA-24,119.59437141662646,-0.02298735267998775,314091242.2835245,118.14511072824227,-0.019294063094667413
350,MA-168,124.92888923441656,-0.11458678665346955,327851851.110569,123.5247841782672,-0.11563854596027756
351,Mean,64.55631512963083,-0.019773516154280912,7772.068048557146,63.540861319375665,-0.017395399162664305
351,SN-24,73.42111471347819,-1.2262728195519048,11483.49067165728,73.23088300473388,-1.3488787501677817
351,SN-168,78.69060335950007,-1.1040087341065776,11163.70878649037,78.12120640249998,-1.1453973819762284
351,MA-24,62.204155761798596,-0.044599231182382626,7866.102130902159,61.38987678589755,-0.03904646440923365
351,MA-168,60.453857902017084,-0.02476120711971319,7791.0513763423705,59.27433501516618,-0.022578400807638843
352,Mean,63.896247612818755,-0.06690081652984547,1659.892481270777,62.90201623490513,-0.06192619063167304
352,SN-24,79.86926350543087,-0.8190941765953939,2167.432223377501,78.63303038224323,-0.7094222076234569
352,SN-168,78.84501098145005,-0.7446941759495316,2122.6460881193,78.45913640122446,-1.0057139764489844
352,MA-24,67.12878286615958,-0.20142833216862588,1761.4360019435217,65.19653667126391,-0.1320186945280475
352,MA-168,64.02923964613332,-0.09652553975859757,1682.7798759940592,63.11065036448172,-0.10333176877210093
353,Mean,93.55184003945432,-0.06143025431025162,1354075951.5690205,92.37529286914139,-0.06478555344336567
353,SN-24,84.27469207312542,-0.822051187175991,1774097895.3240628,82.64929107838293,-0.8261594283929676
353,SN-168,81.35032442776561,-0.6711811590033789,1699061344.3436012,80.05069864161746,-0.6675139019519953
353,MA-24,87.85522070289412,0.004350653674690452,1311446264.4527695,85.86793312645435,0.004874331888961914
353,MA-168,91.94491682798814,-0.042181039258143205,1341741577.3830223,90.59314311876865,-0.04186736177017525
354,Mean,93.64724933858146,-0.1639459773099765,560126624.1833421,90.39945050452229,-0.19765217590465034
354,SN-24,79.37088459241528,-0.07367421332433799,537967532.3502967,77.56264520046778,-0.09343370007276697
354,SN-168,71.5899226384133,0.27676271627317717,441529990.1450576,66.801509481723,0.32923398068013465
354,MA-24,88.91910346331198,-0.08279298290018078,540247195.0367686,86.60476114672853,-0.09354715411541425
354,MA-168,92.02200043089516,-0.15123050251370662,557058683.3864846,89.32159589612931,-0.17216169898356481
355,Mean,52.35959773011095,-0.01858209049180881,564581660.3231006,49.83556938937103,-0.04095378282902984
355,SN-24,54.0475662516913,-0.28312612194718434,633670401.5334759,51.72273251123867,-0.29128513046094295
355,SN-168,56.128379380034424,-0.36590404221442263,653790858.4233572,52.71256047210896,-0.27463208071309
355,MA-24,49.742551858029316,0.04487299009477863,546712888.0739807,48.52886847160605,0.01818863261869552
355,MA-168,51.7918630468542,-0.021185844073702054,565302806.556537,50.081167081985136,-0.0505162794253835
356,Mean,50.589497384524925,-0.006545300533089771,487548060.3657804,47.05555244766361,-0.012328311456741625
356,SN-24,45.74026802634912,-0.822240677093097,655999696.9445338,44.15605714676929,-0.8773998750258072
356,SN-168,45.95677781900132,-0.7156666102008815,636527571.2051648,43.06006101653655,-0.7714464845881932
356,MA-24,44.73384121627353,0.005324029122879548,484664916.46594125,43.34588435937533,-0.006958230616713745
356,MA-168,47.64078171087008,-0.01660904918196615,489979325.87174225,45.59308958025572,-0.025991922910746812
357,Mean,117.49449838760614,-0.11533955402994933,790056463.9649961,115.36149281209525,-0.11939773033290346
357,SN-24,87.53219328241944,0.012737552418822795,743311561.0908982,87.18225938571629,0.022840649427501747
357,SN-168,82.85254152535589,0.21480487447278596,662892913.0453961,82.5123216318455,0.24051459040666623
357,MA-24,99.90762291054912,-0.06970023100787048,773723207.2559243,98.08789323669654,-0.06851005343487859
357,MA-168,108.01788529043665,-0.12395830202597335,793103156.5483383,106.72077332107696,-0.12413971616763386
358,Mean,86.19983141256449,-0.09225433275796235,193981518.44885942,83.57631865716994,-0.10202410675867268
358,SN-24,86.77656040492703,-0.3882847589412517,218694441.30176017,84.36472309758027,-0.3969049959792168
358,SN-168,87.782462425607,-0.23403099468967414,206187104.777884,85.02732644265835,-0.2439831134656627
358,MA-24,84.87060116592468,-0.05118799090891346,190299944.6075167,82.05082742390421,-0.05328688346995247
358,MA-168,86.47109048200593,-0.10266827987503291,194904069.59411183,82.83352184622589,-0.10221318117981437
359,Mean,85.14911184573285,-0.07474215163603493,587454506.7302878,81.99231114487048,-0.08622953861044347
359,SN-24,90.03952828117038,-0.8228133073706148,765055944.4711092,86.94158697408433,-0.8449165471251441
359,SN-168,86.62915741201763,-0.5970365383558507,716109648.0035349,83.01889964880401,-0.5970791303443435
359,MA-24,80.95850368600249,-0.02703649758805704,574268556.2427673,77.8548777476002,-0.03410024444408832
359,MA-168,83.99803297366742,-0.06409095326078029,584536283.7587084,81.09523412958134,-0.07062080744056098
360,Mean,75.0339885750102,-0.033941967517977734,230307856.5383693,68.72926226575002,-0.04675767189003843
360,SN-24,69.05316331686784,-0.6431367176524252,290333748.85807246,66.0000965547011,-0.6741307712430615
360,SN-168,72.67812986104683,-0.7392982952646527,298708586.8264292,65.8079136872317,-0.5934910435767602
360,MA-24,64.94883351630429,0.04654715498605766,221161884.0961964,63.027062350096855,0.01804555845284772
360,MA-168,71.6899653777602,-0.020672018849958507,228825160.7255549,66.62093899537692,-0.037101606557849554
361,Mean,134.7564998252367,-0.1185854143284073,12391046.418993682,131.26705458796627,-0.14261371877746787
361,SN-24,90.2481274983451,0.1676324803147713,10688849.701098928,88.20430086382424,0.21168036136273483
361,SN-168,80.02649136900311,0.36507480220836863,9335437.792630631,73.08593031286591,0.4084901993574047
361,MA-24,111.59102330284153,-0.10393094105094614,12309611.906511407,111.31428500795558,-0.12446097561027503
361,MA-168,119.98683187833952,-0.17662011179998371,12708419.479984753,119.23331114789828,-0.20395802617869463
362,Mean,87.9843071298027,-0.037686400528138986,759150571.7217966,86.7504678354329,-0.05094432390802117
362,SN-24,73.47219585258743,-0.4743177466415036,904878787.6496038,72.16453180093261,-0.4958110699447933
362,SN-168,66.12893669036843,-0.1337660627101911,793517643.2367166,64.06757770454973,-0.1368314552359593
362,MA-24,80.93189128192495,-0.03367281731352212,757681020.8391733,80.111103087857,-0.046357127449347946
362,MA-168,86.51860651849893,-0.09896606985948675,781244553.8943729,85.80265239531577,-0.11306215682042575
363,Mean,71.04291313104817,-0.0012821592828378137,3013239086.2205567,66.04692203746437,-0.0001579479959377128
363,SN-24,56.6912864349039,-0.382230239185656,3540344697.3809037,55.434111662047655,-0.4062739681550187
363,SN-168,57.997905499507276,-0.5295996907401648,3724296482.0176525,54.15259281993941,-0.5119402546579188
363,MA-24,56.168676181189646,-0.006510875848498854,3021096440.8075304,55.79269056843451,-0.025675120164361243
363,MA-168,58.46189486052836,-0.01694436099678187,3036714404.1904087,57.13601054542671,-0.03491801798985694
364,Mean,47.541258252361075,-0.26566072821175535,2435.5279286416912,43.18356370625522,-0.20113649407657852
364,SN-24,45.962834520508,-0.7377360656633996,2853.818632151412,44.58401851163439,-0.8068516245870696
364,SN-168,48.131054575746006,-0.82402125953806,2923.8117672275284,45.24511685054808,-0.8479026167077888
364,MA-24,34.63862141818763,0.0358364125944699,2125.738433352183,33.566022334273775,-0.011820351269168583
364,MA-168,35.939136219499275,-0.005561463007111911,2170.8947696119576,34.097429454785136,-0.03226886629604464
365,Mean,124.6392801557048,-0.026220546243423293,523467093.1617834,118.38879746766493,-0.028453960917720567
365,SN-24,122.99176418042973,-0.4764101201137949,627874058.0899839,126.46182844253107,-0.7771961368590181
365,SN-168,130.2243979577837,-0.9578187832990273,723028270.0896893,128.96906328637047,-1.462494042502711
365,MA-24,116.28548897748723,-0.011895648468683184,519800744.37018585,118.77954732838852,-0.014416867561257263
365,MA-168,118.38890402445456,-0.02511321246141196,523184595.7737618,117.91293904281281,-0.02619137606728894
366,Mean,158.21413309339994,,6254.979667074839,158.21413309339994,
366,SN-24,48.42105978590927,,322.00003830489874,48.42105978590927,
366,SN-168,48.42105978590927,,322.00003830489874,48.42105978590927,
366,MA-24,48.42105978590927,,322.00003830489874,48.42105978590927,
366,MA-168,48.42105978590927,,322.00003830489874,48.42105978590927,
367,Mean,76.89297100118019,-0.08237413269681859,873102824.3047556,77.50759535371513,-0.10275544757440214
367,SN-24,73.99214696098096,-0.3054131653363852,958850027.2093441,74.31794769896084,-0.3193506192898201
367,SN-168,70.58584270524466,-0.18041419333412212,911788062.9588923,69.41894285699686,-0.1762909626425624
367,MA-24,73.27303298002352,0.030188290110779614,826457266.6620765,72.42331320345718,0.024497300617644546
367,MA-168,79.51764348609694,-0.14549738924572786,898201430.922667,79.4455461315016,-0.1625044460648002
368,Mean,122.90025247137089,-0.14289097225471914,535174360.1783152,120.84910434725936,-0.14405889392726334
368,SN-24,90.82946866527422,0.02143865688444091,495207171.181994,89.88129352283714,0.06229560645562082
368,SN-168,88.70985810471919,0.11916872046420934,469828396.1409843,86.23953568526909,0.14962579964348688
368,MA-24,111.40169726971239,-0.09543180176409938,523944842.6930448,109.52535962937013,-0.09064698535609983
368,MA-168,119.41669613071102,-0.13899080905055028,534260427.36899716,118.00791825922828,-0.14017894556408317
369,Mean,178.91195944548483,-0.00028915959496433885,107188892.82524244,178.91195944548483,-0.00028915959496433885
369,SN-24,81.95043119706199,0.3699299889784049,85070974.66067502,81.95043119706199,0.3699299889784049
369,SN-168,107.02727583726563,-0.6350622290590651,137042144.7963189,107.02727583726563,-0.6350622290590651
369,MA-24,72.58899003103025,0.06969733745293416,103371099.55198628,72.58899003103025,0.06969733745293416
369,MA-168,88.41676829616934,0.023586850711576846,105901915.04274434,88.41676829616934,0.023586850711576846
370,Mean,100.33972518741649,-0.018722100221584936,397897516.82138103,90.05403329529639,-0.048832483274300786
370,SN-24,72.50630692916297,-0.1966908242748644,431255200.65782905,73.13803345158615,-0.27041496604181225
370,SN-168,75.75746601811649,-0.2000239532773589,431855368.0801222,69.6311718174791,-0.14422207799270081
370,MA-24,68.63159969451074,0.1600811054874537,361295074.11066777,69.75476332533212,0.10762499797958269
370,MA-168,77.40341154620486,0.07302187016689232,379557964.4584193,75.8924741468562,0.014979437146447339
371,Mean,83.47514399408269,-0.07258656139657393,153552845.57696855,81.19268313694693,-0.07832796051244095
371,SN-24,76.62719384333214,-0.6767719415177296,191990037.03166425,76.43394602389407,-0.708972676048041
371,SN-168,72.16136784177667,-0.5182886424325299,182691720.17325708,70.29403116120614,-0.5449000557788106
371,MA-24,77.21903394218641,-0.014277230192190515,149320704.8707294,76.12640259612587,-0.01718488237774296
371,MA-168,81.86019730185156,-0.06954686965016887,153335108.14845988,80.82205961622121,-0.07361650219255589
372,Mean,98.46929742274465,-0.11187299872974044,497685314.82527214,93.32656660028758,-0.14117255834033937
372,SN-24,91.00729849512916,-0.12452145346314314,500508096.183999,92.23823846606535,-0.14284321376159625
372,SN-168,94.36832263382627,-0.22730470733273123,522881690.1712962,92.3982825427002,-0.19346288466360662
372,MA-24,93.73999315424463,-0.07614246392536539,489623347.4190095,92.87435436507373,-0.09772608543204386
372,MA-168,96.24971151412943,-0.13694135768007687,503264465.42779976,93.30164265940844,-0.16305445161856746
373,Mean,90.61618259135984,-0.2792657789145534,364702203.457526,92.91322446237857,-0.29655332931955014
373,SN-24,64.74293669187297,0.060645300273702185,312516392.4092022,65.47788554041196,0.060085035338684145
373,SN-168,69.9012801125952,0.3286713792613005,264195598.1749319,68.1130900121966,0.38288467665836234
373,MA-24,81.3176700178655,-0.019830748438851797,325628228.8716045,83.09094930975314,-0.03158914581168393
373,MA-168,91.17663907572665,-0.12854389326494142,342544677.32518876,92.72584808069212,-0.14787034372649455
374,Mean,99.1883535088178,-0.12211057763999644,42198277.71979796,91.50373151338516,-0.1628244682654152
374,SN-24,78.20935729015366,-0.037711700464618136,40580300.12320709,75.1301263467638,-0.059991447616512206
374,SN-168,83.65057066020661,0.029220058219092016,39249786.169280514,76.39954359716508,0.04635437209696136
374,MA-24,79.4454348995754,0.11154129016006986,37548753.338622436,79.48716637097442,0.08287527430095976
374,MA-168,90.08223625803737,-0.024555696327493548,40322243.13588483,86.91605927617815,-0.06030836469385448
375,Mean,122.16791030808656,-1.6691804119496485,8211074.732895632,115.00653138393353,-1.4000863821338454
375,SN-24,93.09957686974596,-0.6846851925299065,6523346.081650635,91.42982436138605,-0.7766121010573237
375,SN-168,100.7151376379725,-0.7435125868286518,6636262.919391344,94.17811264188241,-0.6694166655329445
375,MA-24,84.46690236189097,-0.013629587334025306,5060001.898409609,84.4859553948763,-0.06698223446625073
375,MA-168,89.88931022979314,-0.06966112275113545,5197974.517328957,86.6046636136546,-0.11848222785443396
376,Mean,54.1692412317291,-0.39510505965550036,74586.14252183707,55.007374918787654,-0.6031916219079583
376,SN-24,28.901823962918083,0.4838468084670484,45367.411253344675,27.66136866641861,0.42899659587008276
376,SN-168,35.590790998575415,0.21098363894683891,56091.58267969499,30.836686359424032,0.3006928690544245
376,MA-24,22.711780937885784,0.6573396740915826,36964.650271136634,22.234192100386597,0.6098632027187785
376,MA-168,27.015445714518695,0.5545784775507232,42144.44013110499,24.704587045512227,0.5346082314040309
377,Mean,109.62642083113228,-0.13318709835629594,318224561.1287616,107.87592776451258,-0.19326450837490472
377,SN-24,96.88234676038695,-0.6681898535382134,386105175.6056949,95.95547387571608,-0.9327451944036753
377,SN-168,93.77039951540709,-0.5427254268609556,371301927.99602246,91.87204308358207,-0.7431618750632585
377,MA-24,98.83505507836995,-0.045960519417562296,305731742.52377003,96.18305413821253,-0.06129745252642471
377,MA-168,106.21075162602037,-0.11050571596854497,315023741.0885428,103.58243262622922,-0.15273887010154086
378,Mean,124.71159058257231,-0.14034882283087513,934347005.168339,121.45819708146041,-0.1462535178787252
378,SN-24,96.83918611459276,-0.0017710402453181562,875736749.7042687,96.45666688355394,8.291738616272859e-05
378,SN-168,92.92095200709987,0.09067623299406413,834350652.2900697,91.08545130938928,0.09469787343250602
378,MA-24,111.47274373447473,-0.0860102869075321,911814109.242886,109.21437175968933,-0.08789769692422622
378,MA-168,122.21383614938155,-0.1372122622885037,933061146.9005392,120.50866478008354,-0.14069214375765693
379,Mean,121.78032892908124,-0.06285033403653517,416700989.9833236,120.20832569908622,-0.06937708097152084
379,SN-24,85.65640331187613,-0.6138867340821872,513481736.73952353,84.51303045558387,-0.5588070141838037
379,SN-168,83.02324020058043,-0.48681242077230924,492852048.2848553,82.44523193454862,-0.4416499424510145
379,MA-24,105.92394374010749,-0.05465071250720466,415090506.47468084,104.41015304528428,-0.06017709868564869
379,MA-168,116.18933325622265,-0.061367844132451665,416410276.1564403,114.45402082034502,-0.06768160077220076
380,Mean,132.61261848325404,-0.2277735436216468,310792394.395504,133.8215033165009,-0.231060933445717
380,SN-24,101.64279621723455,-0.24713948607453307,313233902.8866993,100.62338426203756,-0.23834129898975132
380,SN-168,86.47539822560589,-0.0028259915202779595,280882083.36204267,86.15951001414713,0.01980347436239649
380,MA-24,93.35083368993595,0.12128138820811873,262927589.2749438,92.59319279554748,0.13300284739675716
380,MA-168,130.64657256631332,-0.2591620553356573,314740087.21801,130.05866093985082,-0.257830229806822
381,Mean,119.18487389688872,-0.15859530031914004,206854917.50560725,118.96678774848996,-0.16863890274145632
381,SN-24,104.55616431647282,-0.48472878551156606,234165835.7258029,104.90548636944925,-0.48855653858013937
381,SN-168,96.94155809777803,-0.2938257367428987,218593810.84597802,96.87505439834979,-0.25911890953366346
381,MA-24,110.58505262737319,-0.08180700423910636,199882541.5508639,110.697124280702,-0.0897017433917573
381,MA-168,120.33012513156642,-0.13570024398024882,204800884.52496505,120.67285182973268,-0.1462376306745341
382,Mean,126.75529922955153,-0.16439247526262846,253270435.64688662,123.2812671984253,-0.16416253053504737
382,SN-24,97.96301093805691,0.0026007147276732034,234406326.3636559,97.56455479042849,0.015232891700243112
382,SN-168,94.50463841619445,0.1247596933695101,219582869.9904411,92.8910084612271,0.14085810947073096
382,MA-24,115.36591901476956,-0.11533904298755071,247878154.94702008,113.65828792492599,-0.10999139011580561
382,MA-168,125.69344540890998,-0.15855840215954875,252635145.67420903,123.61765691730623,-0.15647512026406307
383,Mean,118.20399071982092,-0.0001511293924991719,311979620.9398581,122.31293547362101,-0.003891630181260153
383,SN-24,92.93662792973993,0.046950859144500035,304544708.72376245,94.39944350361922,0.037778918083561486
383,SN-168,88.67447440536775,0.11107943603950099,294120223.80865985,87.23293329083263,0.1815017385966704
383,MA-24,92.58620097829429,0.16363112574678518,285293805.6151102,94.91067886184656,0.12222300509982675
383,MA-168,117.23687223025556,-0.18858393098309145,340101336.41367865,119.59223687365694,-0.21061817401068406
384,Mean,81.35632151989552,-0.0749160425501818,170806020.01805606,79.14092434552543,-0.09659973090088991
384,SN-24,78.93163213319002,-0.5685233002376417,206329529.6669171,78.1630521782002,-0.6128100432460915
384,SN-168,76.0543165008287,-0.48885781898924363,201021502.15487364,73.56708029641142,-0.33987028399962793
384,MA-24,74.35016766086828,-0.00460129953510946,165124976.48105475,73.31444871236367,-0.01909964261537045
384,MA-168,81.17315663252535,-0.09973190868318182,172766412.05810827,80.05683717440523,-0.12090072452572653
385,Mean,102.85496364950521,-0.0011578847149760207,81175803.62432547,100.67820980418023,-0.0012508184340351836
385,SN-24,81.29304841767464,-0.492746395082444,99121605.14466165,79.7561809407346,-0.518749792136354
385,SN-168,83.15893060354897,-0.3794630310632561,95286273.73818572,81.0518974311056,-0.2933242677288779
385,MA-24,76.40700922471792,-0.009692458201075116,81521069.16708106,74.36487556186718,-0.00028457395328551627
385,MA-168,80.71752788566407,-0.03760481370184632,82640188.60316373,78.51936713403484,-0.028346651625682506
386,Mean,83.7372524904924,-0.09283823154014614,253196639.7601891,80.99206857877147,-0.11831200929609298
386,SN-24,79.99976264322835,-0.45992403243035884,292647707.7305576,77.42075987481759,-0.4718079762454923
386,SN-168,79.05805024963658,-0.4346571650596356,290104231.58500654,74.54597194362348,-0.41365761576341176
386,MA-24,82.62895712434963,-0.09176101781750123,253071820.67352325,79.91433081089579,-0.10880805365696533
386,MA-168,84.61638506050065,-0.1403406852151683,258640962.35354054,81.5930054547539,-0.15826815807963235
387,Mean,48.19178521910682,-0.03148527966058978,972718253.3974279,45.77395437370081,-0.06203958479796068
387,SN-24,47.55695016383936,-0.3553452673542785,1115014513.0028164,45.98161512458347,-0.4058759321121803
387,SN-168,46.632089819337494,-0.22280773174750657,1059094313.9635886,43.15510472044482,-0.1262197119975621
387,MA-24,45.64495761827415,0.056156123782255984,930476972.3364941,44.63058877112935,0.016206541726800805
387,MA-168,47.30656023324017,-0.019320226624412795,966965255.3052634,45.97622092090718,-0.06658516447168727
388,Mean,113.88102142830753,-0.12229383490570944,207653014.7949272,110.12686803285614,-0.12979783173731807
388,SN-24,81.89902259539527,-0.11280754593587838,206773549.57587868,79.81962233300422,-0.04600097353158694
388,SN-168,81.55885779215345,0.0796607896760767,188043754.92609626,78.80447327177274,0.15666873821197513
388,MA-24,104.99227411262855,-0.09314067196368492,204938228.9416646,102.73863344309714,-0.09529628681790436
388,MA-168,112.72112021521603,-0.11231054556067188,206727369.978599,110.9074823250244,-0.11743235007322284
389,Mean,106.85321582244678,-0.10257868593330799,86141719.27326526,104.10222950408982,-0.14135492883493983
389,SN-24,90.84585924109273,-0.2931575829128146,93289864.96299699,89.01419714925429,0.005712426796987691
389,SN-168,85.60478731847371,-0.17728815943276466,89012321.34140502,83.01955850809082,0.1725760612257694
389,MA-24,101.49202381150498,-0.06656242284977676,84723107.83711074,99.40361178172631,-0.08317051298784861
389,MA-168,104.57369592616304,-0.09837517518261851,85977357.57026678,102.47059793297386,-0.133630679143953
390,Mean,71.65853650521112,-0.037420356116085074,20702864.52241449,67.29969943835653,-0.03686934931980734
390,SN-24,49.23908620548394,-0.2091599524162817,22350895.85110661,46.13405992256097,-0.1430736207036709
390,SN-168,55.40849825622365,-0.2344956572374708,22583842.724689856,50.09608814489583,-0.2534546526340784
390,MA-24,49.02760234499052,0.024366370284260475,20076889.94706658,46.69330206655666,0.028165955982571433
390,MA-168,53.54143999187474,-0.001263458533586892,20338889.68657983,51.02737677816022,0.0025232692155615633
391,Mean,145.26172465132396,-0.019468330427332203,138356242.2656287,141.72787914842607,-0.023641998407684328
391,SN-24,83.67562424665238,-0.764412153217132,182016981.8970866,83.16068141688454,-0.7717978508474215
391,SN-168,84.59287421035452,-0.3882316872680356,161451790.31838077,82.44661658734843,-0.3894854524641802
391,MA-24,92.70188157515902,-0.00962138137987334,137686435.954117,94.32885519553759,-0.01381879275371456
391,MA-168,100.79773184488394,-0.019990436050490334,138391666.2820375,102.24189504954155,-0.02423526366088602
392,Mean,68.50353387180508,-0.222338307341996,9246.919893712606,63.83790198937375,-0.13281766044122922
392,SN-24,58.505042625032075,-0.4450076512207395,10053.943896343813,58.95325139882076,-0.5371509919137956
392,SN-168,60.533098860827316,-0.5932171664287886,10556.95991828886,60.47303136553891,-0.6870232341947908
392,MA-24,46.35772443524779,0.15309140048636316,7696.967547319193,47.0817695942951,0.09766223955444142
392,MA-168,48.289082139016564,0.11794930425032157,7855.035597620983,48.54989955934381,0.06399809396954792
393,Mean,115.59257168420542,-0.03370066389643833,124954517.52648634,113.59671044754096,-0.03682814192357298
393,SN-24,93.36390324237145,-0.8889347308006808,168912986.3590932,94.04212280267873,-0.9018022302594955
393,SN-168,91.11254486604264,-0.8512827968489027,167221050.38008854,89.55059228269772,-0.8611439173716826
393,MA-24,101.7309022558528,-0.038157151812241,125223579.65710768,101.62615821054032,-0.04126903171095986
393,MA-168,107.21693686979785,-0.04255605171024057,125488599.12450102,106.48965801685183,-0.04498016724948739
394,Mean,54.33733244613863,-0.0028735992413426725,20613481.061866906,50.78042176302202,-0.00023009486977576543
394,SN-24,50.90897106272172,-0.8229045127707499,27791385.55732511,50.588589252031966,-0.848397737763994
394,SN-168,62.035830231357195,-0.9396097144206295,28667209.126167852,58.339972204719125,-0.9339588509293277
394,MA-24,41.328870898046894,0.04993628502009351,20063403.395640425,42.06687184329863,0.035918538397478494
394,MA-168,46.97654924087825,0.01674911117448985,20410818.138743497,45.47461048024304,0.009660097958999692
395,Mean,85.59241789593548,-0.1600990543234191,316666510.3659785,82.19693477843322,-0.15986175961684324
395,SN-24,70.424464456855,0.06079744646297913,284927411.1889823,68.99453125137754,0.05976634523615321
395,SN-168,78.78567531370814,0.25667008038617545,253480997.06487003,74.81694139126147,0.24661559850496695
395,MA-24,91.4577481880059,-0.08140189310989632,305737114.5905952,89.4213219268964,-0.07893830710537708
395,MA-168,95.71072048498912,-0.1286739406897961,312348085.84631085,94.31999551333601,-0.12686779268858372
396,Mean,137.07560809191477,-0.06434628294078504,36871189.66563722,136.4767869956418,-0.07069794562997056
396,SN-24,95.85575877315334,-0.8093806442551525,48074042.904819965,95.20036577199369,-0.8010044282312481
396,SN-168,90.40171179059902,-0.8363519920488822,48431022.909830295,89.47037889007858,-0.9227848458150663
396,MA-24,119.20896129827692,-0.04936175756060557,36610721.95126324,119.38704144541614,-0.05400274665029636
396,MA-168,133.75536535706172,-0.06353338723237245,36857106.7692246,134.9022058261753,-0.06923604106874914
397,Mean,145.0106995301361,-0.03868803550664279,201913473.9504741,143.38062234495524,-0.040097189236665276
397,SN-24,100.31714521216782,-0.8440008155048593,269031597.71082336,98.62888389696522,-0.8490968710069495
397,SN-168,92.36216763686501,-0.899660877668911,273061691.2753045,89.2437622783751,-0.9026486008502772
397,MA-24,132.81965314948314,-0.03556241340474431,201609445.84399217,130.63125790075148,-0.036450166039973864
397,MA-168,142.66067997831416,-0.04251172611846199,202284781.50283486,140.97953231885057,-0.04348717960254378
398,Mean,77.76291337440901,-0.03573992411578897,1069402280.1920182,69.51086617516066,-0.06828288209422362
398,SN-24,69.62429684955038,-0.43988078989143986,1260895271.4060524,67.268084192386,-0.4799832264906896
398,SN-168,70.95221388661548,-0.3841749068515645,1236264029.5101278,63.97752870476404,-0.3407329966965602
398,MA-24,68.72395169666406,0.021132173757308137,1039627537.075121,65.57369537641998,-0.02404985217490374
398,MA-168,73.7211115831659,-0.04098766546521748,1072108005.7947092,68.75510965577661,-0.08926860947973436
399,Mean,85.28461387310578,-0.0002497758886541579,798758860.7898055,83.05764095233663,-0.0015682992670724705
399,SN-24,70.66369377916718,-0.5559159058755687,996218305.9169766,69.81295507907694,-0.5715336187615654
399,SN-168,70.3007600806886,-0.457661991802103,964250499.3346117,68.82223402445562,-0.40882878870021844
399,MA-24,74.10658274812397,0.0004418549257422244,798482658.8919884,72.49735406677298,0.0007199349341091565
399,MA-168,77.6624618675182,-0.047575901593161385,817436841.4100236,76.52031752896504,-0.054459487454221245
400,Mean,90.88253914188394,-0.15605647840538772,218110673.23495778,89.18530631412885,-0.19395024575031394
400,SN-24,90.41318967849364,-0.7869151279247346,271168572.67712784,89.95789539520676,-0.8368420004710644
400,SN-168,93.69175414409646,-12.943147574866229,757474128.9557335,92.57363757713162,-14.977702601926696
400,MA-24,93.0327958799103,-0.14751767844533448,217303681.88236123,91.03057787619275,-0.1715284139902573
400,MA-168,94.36813915415779,-0.19075790122093106,221359990.937588,92.62887367423292,-0.21946583043882173
401,Mean,86.64045872732602,-0.14673880969175523,926904757.2037295,85.75376321629312,-0.1454802278579841
401,SN-24,72.7003005100099,-0.4250710937271396,1033287370.414048,72.45546018636733,-0.4265393947126932
401,SN-168,74.09293841005757,-0.4668254629943003,1048315665.9297829,73.60770463110715,-0.47192982645536485
401,MA-24,83.17228122009632,-0.06518773751492168,893338260.8132162,81.94456040288973,-0.06457139009318746
401,MA-168,84.77196085278727,-0.09901070097351639,907410533.276356,83.39170289552273,-0.09872040828795559
402,Mean,55.01950839197735,-0.03490468133490254,863247433.3170487,54.1812236301455,-0.050743302814586944
402,SN-24,54.78434040119483,-0.4028761580707614,1005066475.7585384,53.82974482826871,-0.4151549786994355
402,SN-168,56.47960496374797,-0.4606563721103787,1025555454.6086996,54.54248225520677,-0.4277863947575029
402,MA-24,52.87538702504596,0.012115086681034004,843409127.1921908,52.705561050012605,-0.002401439147932116
402,MA-168,53.9333784612586,-0.037795524821709225,864452265.505409,53.54857110044002,-0.0553401927187509
403,Mean,70.33569677015201,-0.023412936363881087,511353587.2117022,64.45288483069098,-0.05696575249919156
403,SN-24,74.26335270153268,-0.4535413385306437,609409962.2844396,72.22003241740794,-0.5397145319174896
403,SN-168,78.71743760662746,-0.569326965220275,633217012.3467791,74.23917091375503,-0.5649392285276065
403,MA-24,68.14541300584236,-0.012255349404464821,508558474.8960116,65.46307005472805,-0.08397616291627275
403,MA-168,69.17243051562866,-0.0511317471586612,518232245.69023895,65.44566288717381,-0.11517654354208973
404,Mean,55.54885508472081,-0.0005172825555104232,21824.260872957464,52.784936969859345,-0.0008344210941269026
404,SN-24,47.480822374323566,-0.558156635246043,27235.340142391506,45.96232357697679,-0.5251552405096362
404,SN-168,49.561760243271934,-0.7370993157124008,28756.73474394386,47.6681066618758,-0.6888649695141615
404,MA-24,44.3749792917264,-0.01063073999242925,21934.285841919827,43.92388109395511,-0.010842674267105501
404,MA-168,45.52765606696477,-0.01251302851656133,21954.70252171683,44.3225163778032,-0.013080841316884362
405,Mean,99.8221151983214,-0.14178937449630435,284636591.3122311,99.36722031030811,-0.1512001352372372
405,SN-24,79.41577102120819,-0.5250558907572498,328958120.2707184,78.71431446988962,-0.5057778134194839
405,SN-168,80.80809480724298,-0.6483812659384547,342000362.4409187,78.36790908569029,-0.6154037394626453
405,MA-24,96.89778687578189,-0.07428520601333788,276094356.0420841,96.14908240330698,-0.07249427611136361
405,MA-168,99.0162643646856,-0.10835927831138692,280438743.0331468,98.49982940629445,-0.11159822055153512
406,Mean,71.07963901903908,-0.0680030129440563,422292589.2044851,70.93017348760398,-0.11887729380379963
406,SN-24,64.7934439960006,-0.6022204262959543,517235534.01233155,63.46994139189519,-0.35289891266202233
406,SN-168,62.78456679314115,-0.5348042088980103,506236799.572239,60.96973650388312,-0.20859811825227004
406,MA-24,65.86248892473337,-0.012948366250402854,411264170.5434094,65.50632744731955,-0.010988659716373306
406,MA-168,70.07908660961863,-0.05273776338708669,419263757.4401465,69.52291168874117,-0.08380505252705994
407,Mean,98.28280119168717,-0.1823498490771458,798040428.7285703,97.20506124464636,-0.24077564722647948
407,SN-24,102.11597551058973,-0.8166774537250467,989215257.6351383,103.34511111744038,-0.9118225423569695
407,SN-168,105.8273112720951,-0.9517556067194841,1025332234.3982034,105.3919845307154,-0.9806330075234537
407,MA-24,93.57081342615768,-0.09327200204141528,767389771.58743,93.95398335240417,-0.14614172353412913
407,MA-168,98.41747508338702,-0.18554168975732543,799116887.2415308,98.19908057751533,-0.24307054271884243
408,Mean,128.45113044230135,-0.16413377532184037,1492161061.451752,127.84835072762242,-0.16681372158992303
408,SN-24,107.13040266412544,-0.4711830205992358,1677442374.9601285,105.30870391803973,-0.46779932913076827
408,SN-168,111.36642318827374,-0.5284443611861982,1709775441.9456778,110.51335727891617,-0.5647693875199402
408,MA-24,105.88623337005012,-0.011767035009513371,1391087731.706806,104.49775457457338,-0.006667061518064843
408,MA-168,126.06222859598009,-0.1426929364876932,1478356003.4261217,125.1722629620221,-0.14131102782388805
409,Mean,128.22943156312894,-0.26171047917568724,1033958586.5327996,127.7861703379945,-0.2610380854435541
409,SN-24,78.82029061557975,-0.048584174023573956,942594580.6210138,79.28155517380873,-0.02408713398089679
409,SN-168,80.26763835517697,-0.1786889900019264,999362163.0256028,79.92520162969282,-0.11531092367784135
409,MA-24,132.22198003734795,-0.24655625238059375,1027730463.3098089,131.28362268029744,-0.24005944837096882
409,MA-168,132.4238655105585,-0.2710930233275952,1037795914.3681893,131.53040154085744,-0.26938206578195767
410,Mean,55.961745328592784,-0.11250088909712486,632916544.4197484,57.089278974372526,-0.10703250821237176
410,SN-24,49.83361937690367,-0.43364967382177233,718485131.2449279,50.11696489721987,-0.43381967545534317
410,SN-168,53.755145988743045,-0.4679788441017565,727036414.0107666,53.36262874926611,-0.4530323516962602
410,MA-24,51.6884735447671,0.012623381948671408,596262757.434915,53.18037514531595,0.004691985912745444
410,MA-168,53.93636083459212,-0.02889609248256786,608670177.9521486,54.81161331460485,-0.031996931650403626
411,Mean,74.01588897254179,-0.10709859449673487,388172338.09706247,72.55680397034588,-0.12011210431709363
411,SN-24,69.94151616045798,-0.645755583864047,473275586.5880702,67.97662268125654,-0.6671543388679559
411,SN-168,71.21770990621235,-0.7710438916689502,490959983.8622963,68.6478042352554,-0.7855709939722382
411,MA-24,65.72723955104787,0.014338808547500026,366264867.3174069,63.96937284876909,0.005402901694756768
411,MA-168,71.00268787477488,-0.03937384728389892,376112118.01350653,69.24662925948158,-0.04852478872442534
412,Mean,135.2496362635214,-0.00014029954039962433,73373860.96111141,133.83133378680546,-4.5033164042251883e-07
412,SN-24,84.63465015321539,-0.3413615137139272,84973563.13902535,82.87241943633833,-0.3409484656133097
412,SN-168,81.12417348116006,-0.41997062018043163,87428008.99236703,78.02133421622844,-0.43063853089631765
412,MA-24,93.61926829082856,-0.05265078991791694,75275399.53091563,91.62075501909193,-0.05083663411097494
412,MA-168,96.27993336085184,-0.07652237723556654,76124147.09546888,94.41540766393086,-0.07577181436212244
413,Mean,52.4808275199101,-0.10677533786643423,514491499.9616461,51.95804660629625,-0.13189304473435715
413,SN-24,47.18812753369088,0.0009108344981171301,488821829.50279164,46.010080283350185,0.015616521417877172
413,SN-168,47.77384354686033,-0.03705232118330848,498022313.4716331,45.507372983862936,0.07439597664292663
413,MA-24,50.303730404176996,0.044906539812379354,477937825.28523666,49.609915996746565,0.039086859775701255
413,MA-168,51.22963357289998,-0.013425992231911321,492316608.2114997,50.28695738855519,-0.022031390440064635
414,Mean,90.38531880456495,-0.06555063568763031,187634134.44907686,85.1339139732041,-0.0715477661229047
414,SN-24,76.09306242129797,-0.5903528648640901,229230050.3076536,72.37887519608537,-0.6120149722447501
414,SN-168,73.1353098819914,-0.4009282513792425,215145738.71942654,65.94042878246258,-0.39944569935472507
414,MA-24,82.90182844470827,-0.04533858923533418,185846032.20743716,78.48200731610655,-0.04264699893845414
414,MA-168,88.08505587753888,-0.08743495029854853,189551159.5600005,82.96806740178367,-0.08719435858908264
415,Mean,110.59364738266943,-0.08710722037967655,168071792.6696956,109.39163004497901,-0.0898701128306354
415,SN-24,92.65899593746543,-0.7643651441297934,214117851.50087163,92.74938725214082,-0.7905855884934454
415,SN-168,86.68199598822991,-0.6908707088759327,209610890.31497797,84.31644884376985,-0.6959843939856376
415,MA-24,102.84084666485226,-0.04810789088615719,165029520.39134204,101.55622003544255,-0.048228835046746577
415,MA-168,109.72829881579224,-0.08124061890461953,167617677.35012597,108.12310317010407,-0.08269333412389934
416,Mean,75.6658216493409,-0.014476156010918784,918377295.8723493,74.31964784059915,-0.018545651992844414
416,SN-24,64.63017264441703,-0.44150118631710034,1094731761.9590461,63.156920230385495,-0.4660337091389761
416,SN-168,64.2093153490061,-0.3748575218368797,1069126424.280405,61.71938765551512,-0.349202580434119
416,MA-24,68.65677714389513,-0.019788041240341503,920778508.3641407,68.21412533548353,-0.02572501794102222
416,MA-168,70.68097024910924,-0.0569302116353958,937396597.1065166,70.13108526207543,-0.062374305693998267
417,Mean,94.47196050108822,-0.11335154992069829,252215921.46270066,94.22943769521198,-0.11747406032392971
417,SN-24,90.02315126741608,-0.5879053830801282,301209489.4628437,89.2632700112226,-0.591161171712701
417,SN-168,90.38439293145305,-0.6670699967649081,308626530.86268204,89.36180397343789,-0.671035863048804
417,MA-24,94.61289483060263,-0.10032228067049287,250735768.95354182,93.08946405999397,-0.09788210111762052
417,MA-168,95.85837402604926,-0.1330764634883268,254440329.1278129,94.8980958079856,-0.13025932941182483
418,Mean,116.7604346452143,-0.018500511850095158,124955583.09034066,111.97647852268508,-0.02029590634188594
418,SN-24,99.19994743326728,-0.9323315848720584,172113868.45670107,98.13380839014445,-0.937862356662625
418,SN-168,101.12783379530154,-11.182099916871689,432151593.01840454,99.38281389976049,-12.350792708003546
418,MA-24,102.38288630997832,-0.033552939397467174,125875556.28584035,98.84684291563751,-0.03263438157578791
418,MA-168,107.78564821444209,-0.04236621692928666,126411097.9309792,103.78711278271378,-0.04226785054550164
419,Mean,96.19110552783584,-0.057280808482003565,1254602874.6815636,95.1163993623386,-0.06623341716723075
419,SN-24,94.60098792568085,-0.8921024141060139,1678353442.4617836,95.11773522307358,-0.9063488117674876
419,SN-168,94.03478547520393,-0.8861468028597965,1675709954.83688,92.99376498993635,-0.9004740129432944
419,MA-24,86.9377753220117,-0.0007793506489341961,1220619409.944778,88.45417897294081,-0.007471638169280315
419,MA-168,93.4514666666551,-0.053649517637780475,1252446519.2271726,93.37403686931991,-0.06200172116828617
420,Mean,41.06525815512924,-0.04771241693409589,46083.93232545903,38.412414915317534,-0.0235531307392689
420,SN-24,34.45849742902057,0.14523480311642012,41624.77511180644,31.07897610902171,0.2235677815202458
420,SN-168,47.862363730889136,-0.9405377665975303,62717.6149379073,43.63470917718381,-1.022077667584214
420,MA-24,25.567028917229795,0.664156562448158,26091.372068037275,23.813279047783734,0.7132626402341726
420,MA-168,36.99777650726166,0.0789338442066354,43208.968322209854,32.976942133247725,0.09262469276610152
421,Mean,159.48740343943052,-0.15949350801530882,100648912.36439466,159.08896350663585,-0.1529628373601266
421,SN-24,113.50534661201837,-0.13277857500593337,99482671.3562639,113.9705987980853,-0.12944511277731063
421,SN-168,121.9137789704292,-0.13946284554495048,99775752.02949171,122.43961898723303,-0.14364651301970865
421,MA-24,140.16482193288218,-0.14216365964362287,99893928.88204925,138.03377085635168,-0.13459368651509607
421,MA-168,159.248547085464,-0.1591787611510016,100635250.76152115,158.58208653989374,-0.1526417160684026
422,Mean,113.56775688608091,-0.11595088100120932,92078107.73790757,110.6806470132077,-0.11825035165852538
422,SN-24,92.26286029987561,-0.4601465512248608,105325145.92605136,90.9080871081236,-0.47722517245900375
422,SN-168,92.70078168216492,-0.3778628989068813,102314420.57863316,88.35506882595048,-0.36789759611304884
422,MA-24,96.00390219733322,-0.05080240351467813,89349962.5353688,94.57429549085535,-0.04682639901516317
422,MA-168,105.21514279564093,-0.10928830848591953,91802828.83181275,102.05569021405543,-0.1049934151252152
423,Mean,122.84291199538835,-0.08583066680982143,205081601.91996554,122.52629497092622,-0.08666394225639218
423,SN-24,111.76857839046683,-0.7171394594381908,257898272.86663777,111.82068344174189,-0.7167497374038394
423,SN-168,109.98044695975906,-0.7540839183383572,260657864.5690698,108.32590358257744,-0.5752776387871696
423,MA-24,117.73778694196861,-0.06327838486873061,202940694.45921955,117.66695208998976,-0.061883119237025275
423,MA-168,122.66517105531601,-0.09327779321682872,205783672.19843733,122.32513382872636,-0.0931224575174956
424,Mean,85.62617772599327,-0.1259836951520601,411939005.19610065,83.46003923890194,-0.1410771021427033
424,SN-24,81.63448153187225,-0.44654817262784396,466910150.5225006,79.52695597714334,-0.4693409645998967
424,SN-168,79.3085644780364,-0.36956914722136336,454316852.56647205,75.90614814037009,-0.3817169642439462
424,MA-24,82.40221078383782,-0.04808026926339881,397433194.56927615,79.20919808985646,-0.05492330634661635
424,MA-168,84.47352979597113,-0.10194638233750153,407518281.9871248,81.38804142722269,-0.11095791428861879
425,Mean,117.87564867740544,-0.28984890367270144,291213451.7821779,117.0198482185796,-0.29328817398872475
425,SN-24,101.67576711595885,-0.48011494654101283,311953408.193376,100.81501555725552,-0.49350972778315194
425,SN-168,93.46624066399148,-0.34560633097829063,297441130.8355553,92.26991409413331,-0.33031186899028264
425,MA-24,89.87843804330787,0.07342832311105785,246820667.81231153,89.1055903488851,0.07112549311803928
425,MA-168,110.1835121790502,-0.16732075387705914,277036579.30620736,108.5259217878849,-0.1687647446762337
426,Mean,85.55558458010096,-0.1333923286546892,381559848.37332803,84.94776778509177,-0.15469243332635219
426,SN-24,69.21517303638832,0.15716765721279669,329035782.2696315,66.64788775206354,0.1636606291158741
426,SN-168,69.20432119894495,-0.05649433448692487,368388546.66885453,66.53270725032455,-0.07558319988237483
426,MA-24,72.34466878345714,0.22933300324812944,314634189.8631149,71.4490170165865,0.23339216797317974
426,MA-168,82.38013223378566,-0.01890830547320288,361776276.27485687,80.63781100523897,-0.02524281175883125
427,Mean,63.69040173021156,-0.03091703746721608,384253418.24487525,61.911345031884565,-0.035753267194368776
427,SN-24,65.41009819418218,-0.6798551225282361,490503143.58929694,63.793675198024445,-0.6675625140118178
427,SN-168,68.27638847683909,-0.800729207614072,507843718.9997952,65.0974677931179,-0.34032892279664884
427,MA-24,61.26301203003429,0.0009883770473384512,378260638.73531544,60.11177692896826,-0.008256591740734676
427,MA-168,63.21259409604261,-0.018527769887468404,381937515.1323012,61.29676163396511,-0.019545104193581242
428,Mean,110.65653280513526,-2.6433530187043757,84273.60918290258,112.71342638659144,-3.1950635912239385
428,SN-24,40.66645716187825,0.06236868930793282,42752.057216533125,37.075171261729714,0.0186973509010272
428,SN-168,53.56273338596169,-0.5158046789554229,54357.8897672862,49.98888193287955,-0.5664312648956789
428,MA-24,30.83958499134385,0.45641965605105916,32551.637387611507,28.583167046325247,0.4045174955266577
428,MA-168,43.79985676651465,0.04295915078643808,43192.28742400532,40.29832920387107,-0.01690235325392253
429,Mean,48.47487609894587,-0.002398629011222786,17037.657971759698,46.30961689678655,-0.0011579119054345721
429,SN-24,47.02303529842942,-0.9889839056388889,23999.67154463422,45.731807802286454,-0.9907817692228418
429,SN-168,50.410674257075925,-0.992622043132249,24021.610941325634,49.28671111192748,-0.9945624772912975
429,MA-24,34.176523564529425,0.0064519435710970185,16962.27510784106,33.24740537898178,0.005275682108135449
429,MA-168,37.34485680995426,0.004259378523885027,16980.98099511347,36.45006766452165,0.003365485008116509
430,Mean,54.817311932203836,-0.24904673204533667,1474.5475431105028,50.19195043939848,-0.1894675957128622
430,SN-24,52.38842808027565,-0.6226010489498741,1680.6423861120097,50.82216931248038,-0.6892396647715615
430,SN-168,56.68166603613043,-0.8582970530277834,1798.5685922628445,54.326803752612086,-0.9638500518936677
430,MA-24,39.44207645718457,0.1106929423339007,1244.2146356028559,38.40163561828995,0.07927981143806118
430,MA-168,42.44354421816436,-0.003551353534012369,1321.7193150646733,40.70410239498473,-0.033525806205012554
431,Mean,57.56309898439708,-0.2367633398493052,1462.3267540451932,53.18065720585447,-0.1827816168811196
431,SN-24,56.28767765595819,-0.7542089603837556,1741.5734146738548,55.409405856657344,-0.8092865108881757
431,SN-168,59.51258859629365,-0.8659642093040223,1796.1920865734573,57.575905844652716,-0.9849111118284832
431,MA-24,42.18373948389192,0.08742761966526813,1256.1305676971444,41.38944881838359,0.05370489797525846
431,MA-168,44.45186672849999,-0.014875674281097373,1324.669526004947,42.908578564655286,-0.03715821316752477
432,Mean,66.57696126709719,-0.028630245057214676,180292962.6274889,61.163382325261104,-0.035745535531596984
432,SN-24,70.75908446826705,-0.9555743473728369,248591512.18344024,68.38764265104263,-0.9703538961254945
432,SN-168,74.99983538767285,-0.9812636350712896,250218988.71812755,68.78410999281387,-0.9718726672897309
432,MA-24,55.90249847642208,0.010982640774449881,176787309.9570608,54.12162786242982,0.0027555473024883925
432,MA-168,61.48842149946281,-0.01198088182561885,178827903.17295557,58.17378804148793,-0.019217619527823526
433,Mean,146.76920484608536,-0.1346113992889384,470954112.0822345,144.66935876338874,-0.13797928102452617
433,SN-24,106.753882515054,-0.3511094744026009,513925647.43212736,105.82939425582578,-0.33318035321786343
433,SN-168,101.41079035538579,-0.2575966737048492,495821907.67760557,99.93713267225107,-0.3108611632007148
433,MA-24,131.578299646233,-0.10543960148716347,464860378.359804,129.767103641915,-0.1046088524969615
433,MA-168,144.95975650934696,-0.13228740411931095,470471543.2866582,144.00611943298065,-0.13446579360329203
434,Mean,119.59766572627231,-0.06781291776072917,86622778.8668611,118.4110030408578,-0.07128620776574057
434,SN-24,97.02882061373978,-0.7527723682974528,110980655.52137698,96.96145036288716,-0.7623919935655734
434,SN-168,91.11454233001525,-0.6389593169346446,107317022.16287136,89.1115073504351,-0.5771332617770184
434,MA-24,102.40976208947099,-0.043537754360882586,85632497.33024782,101.47836040181022,-0.044575963476166214
434,MA-168,116.50655720819655,-0.07525553982979338,86924133.67691478,116.2221196609907,-0.07719123248339566
435,Mean,121.53763157169399,-0.19940535596582643,172415965.97921696,123.37874407310545,-0.20403417493396203
435,SN-24,63.57357992859627,-0.25603858264912205,176439564.77158618,64.11144755789059,-0.24283282347456203
435,SN-168,73.05833988127614,-0.35296007018807307,183120505.06288013,73.81408828225608,-0.3439494990683465
435,MA-24,79.39265738228457,-0.03748358733397894,160355959.68380484,81.13780137979488,-0.04288110217392482
435,MA-168,85.2404706442688,-0.08118548591921648,163698459.0424705,86.97029102351101,-0.08768446102875482
436,Mean,80.83921688102275,-0.6240235751628214,32584393.419462424,84.49494556767401,-0.6928041229380122
436,SN-24,46.42787535986789,-0.1185904713809891,27042636.702651355,46.99263665494399,-0.1520521009975524
436,SN-168,55.292410467497334,-0.3332809136745356,29523939.524883572,49.784984323822705,-0.10455268172381227
436,MA-24,34.34223068244847,0.4389080921459415,19152720.84035111,35.050237371803526,0.4026201003752542
436,MA-168,41.88250184929491,0.2505529418954452,22135225.75174676,39.04797155493326,0.28262528448898716
437,Mean,53.64270735568017,-0.07145825926721638,608011896.3754535,49.461617172730115,-0.16126203920244064
437,SN-24,49.44689019510483,0.031831049295309444,577962982.6503159,47.5941415747374,-0.0799102956237725
437,SN-168,56.304894211667666,-0.22856553537615687,651063895.400141,51.706505810062296,-0.2933664430594285
437,MA-24,42.30242363976567,0.3477982736901991,474368038.9734845,40.900939084773654,0.26859480912796974
437,MA-168,46.37734196999065,0.2156767392529998,520201973.9936915,43.87371217230109,0.12890910120539378
438,Mean,98.88755972782877,-0.09449617882123906,235907657.42989948,96.58852565830028,-0.17906378601030837
438,SN-24,79.53258370794666,-0.7002477426797693,294029575.35789096,78.66582545818574,-0.44040231093908244
438,SN-168,74.19570172039475,-0.6059978073813901,285763915.0698637,71.022294272534,-0.24937598601829158
438,MA-24,90.2424411004036,-0.04132493215169708,230106054.87523857,89.4531045434047,-0.06090794414229572
438,MA-168,99.72481672872723,-0.08281877942476568,234645809.60554832,98.60736220383866,-0.14088679444523877
439,Mean,100.73246981105133,-0.02831131695677125,100843212.34847677,96.56626143613964,-0.06228240496721971
439,SN-24,86.79520335223548,-0.7697916486443346,132295610.45847897,85.10291283906962,-0.513714915347514
439,SN-168,87.18666918819231,-0.7789718366785772,132638285.73998614,83.73801115664243,-1.9555184298187487
439,MA-24,89.54014272478898,-0.01766298644379294,100319729.7230449,86.92601742772482,-0.026167624606849182
439,MA-168,93.88889758400404,-0.03912053184593711,101371839.41959502,91.22477264013949,-0.07764096981151791
440,Mean,120.16888821673561,-0.15671376389068659,224815307.0767565,118.22896029505804,-0.1602954312137017
440,SN-24,98.97078724626687,-0.1816067029235897,227221487.78736836,99.02351495139979,-0.1905526241295541
440,SN-168,95.22474586031313,0.04413640223071946,204367055.41000116,93.75245015269854,0.06117477468946997
440,MA-24,111.01089492514274,-0.1020904979661359,219442910.7267042,109.73009856831261,-0.10184190738922716
440,MA-168,120.04295882106182,-0.14984547841614715,224146863.98260117,118.62254996970138,-0.15274725898580277
441,Mean,108.80133077702929,-0.12451656874198669,80017128.68772954,107.53269043166587,-0.1310309593732657
441,SN-24,91.06994250696641,-0.2719004865225445,85099420.08419847,89.63606372126692,-0.2761579116344275
441,SN-168,80.9161006552327,-0.05396078316769315,77466201.21982388,77.91105652669002,-0.012287002585124496
441,MA-24,99.98577172851196,-0.0626094634681662,77783391.18751335,99.08000491608134,-0.0657952744233079
441,MA-168,109.60742985355311,-0.11398322190729204,79641486.73149748,108.65966183104922,-0.12003945766475743
442,Mean,140.53953024103456,-0.0885251701670633,110324729.15516067,138.43344163717825,-0.09429278819710318
442,SN-24,100.33507761399068,-0.7356361735195855,139310220.15099242,101.00944795986548,-0.6908761090144
442,SN-168,96.95776149382155,-0.5981769548858296,133679885.24104144,98.06640641332262,-0.5645142213108887
442,MA-24,118.85214803361373,-0.061320972324052425,108937399.84417316,117.78650500992318,-0.06215922202803936
442,MA-168,136.5625070332491,-0.08744830702372863,110270144.27491273,134.512144690042,-0.09295588292016088
443,Mean,122.10386066013477,-0.09209671269871222,246239459.61325976,121.90081970293967,-0.10551860287386483
443,SN-24,111.13040174466653,-0.7762828816768332,314038695.5396373,110.3005381522181,-0.7904121263143697
443,SN-168,108.43068127595765,-0.4451248052604855,283256430.0416808,106.3659781472338,-0.41092442388461126
443,MA-24,118.67155420784388,-0.06269420443503937,242902092.1879997,118.12391253050603,-0.07327404558601147
443,MA-168,123.54043483340418,-0.09634233561221706,246717634.2061917,123.0157032298429,-0.1075764819263254
444,Mean,112.5678821246118,-0.13360707465965316,305088296.2792924,111.33118190579528,-0.14751588160549423
444,SN-24,78.03116535779834,-0.09815760167821752,300280140.19608873,76.02928588814254,-0.108649361907871
444,SN-168,75.52590430782395,0.09219073722162485,273018187.2281632,70.45646222759956,0.19270378862433346
444,MA-24,105.09058159540868,-0.06586407235642056,295832024.503722,103.47486008549048,-0.07758743060169815
444,MA-168,111.39564869431513,-0.12121009319739007,303415507.1312329,109.62611002467264,-0.1355056891714146
445,Mean,120.67941921601819,-0.19517055510056536,542154124.1330513,119.15456137179518,-0.19802524359246587
445,SN-24,96.42421030349884,-0.4580729850063059,598821596.7654153,95.2786212837011,-0.46253997436771166
445,SN-168,82.92686954328333,-0.1385327250852333,529152171.02846736,80.29619355835503,-0.13818601217529403
445,MA-24,113.32234520903421,-0.11472657542662401,523590792.4634109,111.77486856128303,-0.11230016910005225
445,MA-168,121.42550322058565,-0.17569132243465724,537717882.3459921,119.89697045639976,-0.17405276874351916
446,Mean,111.7026900412338,-0.061823211005116674,252201635.9203832,109.11362805668061,-0.06059012439621925
446,SN-24,102.41533130234255,-0.7385423693640765,322711492.27900773,102.68831546293045,-0.745832454612559
446,SN-168,103.4370906619159,-0.8424385835393586,332214284.27293706,102.53346793304179,-0.8020141235356317
446,MA-24,100.01446116569672,-0.017057462980525795,246828064.3699626,99.24268065742304,-0.018217212913188785
446,MA-168,106.14860944308802,-0.05015221880148757,250811773.53911093,105.14642351392797,-0.0474290978784111
447,Mean,80.62678307749441,-0.22157135825179997,490386805.6134674,78.5816196274568,-0.2614397308989751
447,SN-24,78.54712875878019,-0.3525814705625132,516013510.4063836,75.46415284458836,-0.3986504535130637
447,SN-168,82.7239339368984,-0.41196500264461866,527219326.4464335,77.93064086016912,-0.45013880145034735
447,MA-24,73.77858802067468,-0.005857743382756242,444987321.78182495,71.13607483271339,-0.036268832003354845
447,MA-168,74.76959964055658,-0.03317738225960154,450989884.4740574,70.8077837977052,-0.05629843754088659
448,Mean,110.64247009902427,-0.057250217593573405,645563880.326336,109.69923088291334,-0.061381496147248304
448,SN-24,97.20333734409769,-0.8996624074102433,865343520.2977567,96.3329837384591,-0.9080100240325295
448,SN-168,92.16557867508415,-0.8636396138703073,857099611.8464303,91.19409360119262,-0.9130813083776488
448,MA-24,106.85230380824638,-0.048702114716969724,642948820.0708699,105.23069196566426,-0.04978116810254596
448,MA-168,111.69765212465543,-0.0689386099740068,649122575.9245709,110.45482046372612,-0.07140568011523385
449,Mean,148.1561824146176,-0.0009311408587662218,328407038.75163925,142.47967834629898,-0.0001254404383612684
449,SN-24,72.12629956422947,-0.5300775922412466,406038377.5061429,74.04816007656511,-0.5484636004745842
449,SN-168,89.44944168444675,-0.6423158037220928,420667240.11796683,89.78612976581938,-0.6619720756292813
449,MA-24,72.65751083845424,0.059218381525873776,318386590.2082693,77.22706750341712,0.04790783537226462
449,MA-168,83.03408349944374,0.025873556118467644,323979866.9175528,87.20747696454406,0.014165230446806065
450,Mean,107.72175830369524,-0.13227011417003687,554041386.0585862,108.39233496721931,-0.1621893588587111
450,SN-24,86.37365834449251,0.4757689789268793,376988882.6578213,85.03263372958746,0.47543503809795573
450,SN-168,86.48951499650737,0.3624680916641746,415736492.6966303,83.07257532986797,0.46502473969363745
450,MA-24,89.79388285945065,0.05168890984412422,507040441.05478895,87.14065195960981,0.02817273362115913
450,MA-168,101.8543467820775,-0.08779701427881603,543051623.1274636,100.21007879978139,-0.11748969883146398
451,Mean,132.25315370386025,-0.022148323772469114,1011351340.2794844,131.4752472099695,-0.024321294137233718
451,SN-24,100.16279582946251,-0.20056278249206327,1096068084.3070772,99.20800087133331,-0.20288499015038508
451,SN-168,95.50519443580151,-0.8152679990042162,1347769021.1558037,92.91178202544893,-0.8184205232515183
451,MA-24,107.3518672264571,0.006728514780792061,996963085.3195442,106.30962931987253,0.004607303814386232
451,MA-168,130.442515775406,-0.010816603123934287,1005729704.5680277,129.18002244094913,-0.012928384656148095
452,Mean,38.52435410233316,-0.07523245523489153,116403.77153600569,36.461934671622274,-0.14314286582611802
452,SN-24,32.919734326802406,0.11530436282206147,105587.57417055716,31.0504433390971,0.07153587805217587
452,SN-168,32.25276076581847,0.3141150729103006,92969.71485716083,28.895241079197724,0.39658877018370764
452,MA-24,31.939807803160882,0.2798810826016188,95261.62365554253,31.025389306410396,0.21930069323196522
452,MA-168,36.01289455544542,0.13125593791989643,104631.34162726767,33.794506341479945,0.08731063402900674
453,Mean,99.97915565116098,-0.11341217293585792,349660987.6690804,97.52528809701475,-0.1276801579117257
453,SN-24,81.56577290075113,-0.34397931629716627,384162960.807729,79.00324714022997,-0.3499342551801996
453,SN-168,76.08227794623264,-0.10903859784555214,348973563.3022987,72.32100825290843,0.014058535331483712
453,MA-24,90.4715087805344,-0.07139664875838037,343000173.0836276,88.8084221698641,-0.07802738004550624
453,MA-168,98.52289571108062,-0.12297525382019647,351159393.65838206,96.77906101511698,-0.1325231516068881
454,Mean,115.75612423295397,-0.13653855201652854,343422124.6251428,113.33925289327547,-0.13739730144984774
454,SN-24,87.21716503858256,-0.4127196916747522,382881324.9931747,86.03306616026615,-0.4225097309104686
454,SN-168,80.13858287586314,-0.2630836564133119,362036404.0841659,76.35967257703395,-0.2787789269211096
454,MA-24,105.65694214321088,-0.08284891482937695,335212432.55376863,103.13655179489638,-0.08044133936818154
454,MA-168,113.48589949787211,-0.1345421246313554,343120366.8518602,111.56227844595125,-0.13279485124220947
455,Mean,140.9503755459292,-0.12833306643032105,200288075.86296692,138.46787447895676,-0.13304969444508452
455,SN-24,100.02812149209647,-0.08466404241617531,196374032.40780303,99.50960481088887,-0.010676690463675031
455,SN-168,94.75831995565474,-0.01154170673148669,189639295.59663853,93.94550190080227,0.0603483388019832
455,MA-24,125.80734065931442,-0.11363179603587814,198979001.7413458,123.21098992752194,-0.11393989496723211
455,MA-168,133.60009007895513,-0.1354703034831768,200920535.40431792,131.74829334235892,-0.1391342020778874
456,Mean,141.49029106421048,-0.2738191470631306,669418607.1024767,141.5940913320739,-0.2708987043256299
456,SN-24,104.08253053670538,-0.2584837578708046,665376871.850137,102.40866808029293,-0.24184724293253934
456,SN-168,99.31466139813396,-0.22084963864417517,655352533.9823147,99.54840016029034,-0.16619680659834857
456,MA-24,95.28797027478451,0.17547111822652572,538575793.4233062,93.92593581111906,0.19562976393369047
456,MA-168,135.7605862639217,-0.25874072087659483,665444798.2389623,133.8089047551081,-0.2487412658504462
457,Mean,45.90136649822686,-0.0032085381206896635,362274.3303164497,39.963505105543824,-0.0012290810724813195
457,SN-24,47.18444828660785,-0.9670434323854558,507281.3863765201,45.13814596833327,-0.9778399879867523
457,SN-168,53.30685495400074,-0.13603454607943632,385511.8406456554,47.980438051397286,-0.13713314983979452
457,MA-24,34.88624007028452,0.006670953155568093,360486.09725148673,33.19073782336855,0.001034070349940297
457,MA-168,38.435281587837515,0.004217137044008612,360931.0761760222,34.770782093141364,0.00018479528307913107
458,Mean,57.35998965343263,-0.001512476193479051,758865044.815176,51.68163916473,-0.02247679264332625
458,SN-24,60.30019345826132,-0.30707049257069685,866933673.0261997,58.505604114622855,-0.4267285293621057
458,SN-168,65.55452528693698,-0.5053512254540609,930369119.3471047,61.266619026700354,-0.5210400872339234
458,MA-24,54.200434491600866,0.05170877570605681,738426429.5906729,53.15576052762292,-0.052669023911232404
458,MA-168,56.99608927817914,-0.03671550689506997,772086864.7712812,54.86621897158277,-0.12915401414264105
459,Mean,57.882747378407274,-0.8439108515097296,2205.333129148099,53.63112796296895,-0.7108195394295136
459,SN-24,46.879999511611544,-0.5757396468468938,2038.667843411194,45.272375606579075,-0.6457129502268122
459,SN-168,51.65226146355755,-0.8952370151076967,2235.8157256391414,48.434377094055186,-0.9542164860718976
459,MA-24,35.40706453036317,0.14469424829332234,1501.9827254590668,34.44289819404927,0.088989688533055
459,MA-168,39.37784672600352,0.00031085489437354674,1623.815676259423,37.12247387801668,-0.037061368553145124
460,Mean,80.63686819393621,-0.10919890485597628,306195904.8442526,79.72726856772371,-0.12456083507818483
460,SN-24,74.00395268835625,-0.2798300258387161,328905252.7404002,73.3423221337446,-0.2878521852177527
460,SN-168,65.62890649221332,-0.19958911068577367,318427758.2158755,62.8791697015334,-0.18882669416913433
460,MA-24,74.6544803567624,0.0015515703130778435,290507588.3610227,74.90616835650575,-0.007145159451098282
460,MA-168,80.06193553272608,-0.0735390007954233,301233713.2334458,79.89819111771014,-0.08482888836247282
461,Mean,82.7884040708994,-0.009182593855542542,667341.0963867181,78.35344374058056,-0.010670825775832338
461,SN-24,95.41712234804575,-0.9865545313938651,936296.1560291568,93.47713444044415,-0.9849320069089216
461,SN-168,97.76480790358214,-1.0106100071914668,941947.9705592742,94.42985421053521,-1.0224445786232095
461,MA-24,76.15517665120161,-0.008044391932632289,666964.6614314861,73.96255781831323,-0.009344804634660031
461,MA-168,77.03681979020458,-0.012273558270530449,668362.2944124225,74.93526365170526,-0.012719505634832151
462,Mean,91.56343806501656,-0.008058969691119078,504395.35771074676,88.86000701206683,-0.008003232648168712
462,SN-24,95.55044436344258,-0.9436297019410416,700381.8374057399,93.45917959573173,-0.9224132176500344
462,SN-168,99.32390334248308,-0.9946434944815452,709513.6484181603,96.05480699154458,-0.9895394233720365
462,MA-24,79.6344857481304,-0.007549325835387366,504267.8381401969,77.46536158130259,-0.0073271827784411325
462,MA-168,81.55039320316816,-0.007774627771733655,504324.21561315784,78.23464013189032,-0.007510041594877004
463,Mean,123.16374862703101,-0.1257194198741749,445517668.24651927,122.43021413982275,-0.14235247477131874
463,SN-24,94.85035790245126,-0.7944306447139762,562487908.9853692,94.02243207662329,-0.8193505468686308
463,SN-168,93.64857922863197,-0.7280625438815329,551987929.8015608,91.89971427088754,-0.7685453686607835
463,MA-24,97.18021196988097,-0.008572482224187494,421699814.66557354,94.4272377277404,-0.01926718540130512
463,MA-168,103.81801420037505,-0.03599211914439948,427393663.0737365,101.28989518548694,-0.04714327974369792
464,Mean,43.60840801696414,-0.0584779367073216,165242494.6018171,38.88725477297055,-0.025953006071624873
464,SN-24,34.609436810325136,-0.6528000531253484,206486183.3180601,33.716322658644884,-0.7172201723709748
464,SN-168,39.46921736434108,-0.7736679983709853,213903062.7111752,36.47476861244394,-0.7994263712719585
464,MA-24,29.059702743180914,0.1361616545636718,149278436.2244713,28.776701266886167,0.10076386301930573
464,MA-168,31.515508685674547,0.021548522078358112,158873142.0024193,30.372476796968982,-0.012357411238508309
465,Mean,112.23259764399822,-0.031273231827341874,211422948.19575828,111.29265614919804,-0.0382757599135124
465,SN-24,100.7914078017576,-0.8163426155054494,280584798.5817351,100.56054600643363,-0.8293235141068049
465,SN-168,99.02542948216714,-1.0804112950898852,300289297.18656343,97.03020978496542,-1.0467837438118126
465,MA-24,98.3992415643737,-0.012101882122911078,209448554.87918907,97.68431881574394,-0.018682380336117133
465,MA-168,102.83094396245356,-0.04039158742935922,212355575.41277012,102.35171539885326,-0.0473781770814814
466,Mean,66.22867722521612,-0.0055380235980551085,44104.03164538894,63.23296328095479,-0.006200720338948473
466,SN-24,77.39705366344984,-0.864908233872725,60063.10442842831,75.56977856160543,-0.8663803721417656
466,SN-168,78.11408244862064,-1.0004908612669947,62208.156014303764,76.39706018060389,-1.0022849369927878
466,MA-24,61.4230936250436,-0.004127432856622759,44073.08573837044,60.447456480082465,-0.004840415299663059
466,MA-168,62.791511056568005,-0.004512300409749592,44081.5312180337,61.438310963532494,-0.005112444974902264
467,Mean,80.51039273295825,-0.07683819305974571,79101590.77930145,76.31966080943387,-0.07429050453204233
467,SN-24,88.10604923058223,-0.7665050005886187,101313525.41006415,84.54268613081189,-0.7825079934783217
467,SN-168,85.68138239328451,-0.6332758532050551,97418124.19414574,82.90013317694633,-0.5904428435108753
467,MA-24,76.4435466510709,-0.026560647403046422,77232892.1288963,72.91849635867538,-0.027373865962141863
467,MA-168,78.72232277411196,-0.05871325416625606,78433061.49360846,75.0607883938999,-0.05412601080804169
468,Mean,128.99929148755334,-0.09378375935851335,326090815.85275835,127.43454504152088,-0.10096686385157372
468,SN-24,98.08524998108372,-0.04401260746646751,318585278.51185185,97.48831658269621,-0.047293764626871404
468,SN-168,94.55275391962903,0.20059623087856904,278776350.1413384,91.31753665917867,0.22894795696612902
468,MA-24,110.78547655808948,-0.08240607038868553,324390361.46416754,109.85195353782433,-0.08592669476738446
468,MA-168,114.86715722029517,-0.12231496212214243,330316454.5552542,114.06556374331981,-0.12695775594173675
469,Mean,86.46797193069506,-0.0019607202184541705,877707085.3477292,81.65471261850175,-0.006964998483601104
469,SN-24,87.32567249425848,-0.8503799555604141,1192764524.4856515,88.3886089132821,-0.856782138295382
469,SN-168,85.11685472995289,-0.5788655784324941,1101784946.554883,83.40739859991217,-0.5761461681522493
469,MA-24,75.36163939731124,-0.05031028918046476,898634455.0618103,75.29605898492512,-0.06713899672094836
469,MA-168,79.22350217333442,-0.05669764541854505,901362790.7891399,78.13753039065195,-0.07119675897231303
470,Mean,92.05273418717982,-0.19642118856770208,202924822.78560182,94.06150124409236,-0.19628334661669933
470,SN-24,67.83514548098746,-0.09176832032255788,193846681.9472937,69.026723839189,-0.08517336505649276
470,SN-168,75.29712282446344,0.1050951311373628,175501795.0990212,77.21315579369845,0.1011967996464902
470,MA-24,82.3328834533246,-0.055532931351244263,190602688.04599166,82.1960540659691,-0.054315783977527454
470,MA-168,89.04949015756799,-0.10746552670923726,195235251.2446352,88.94074086698919,-0.10811593420883114
471,Mean,176.41085899912056,-0.18960429723909278,233222384.15200815,175.97677086690942,-0.17539882804278006
471,SN-24,87.60629513764233,-0.06982786855088308,221169849.26835042,87.5283007371324,-0.06629847881359385
471,SN-168,89.1369071327818,0.07527264174494863,205624955.72013605,89.01419534048009,0.08691653089618534
471,MA-24,94.73269928415455,-0.015138028390343727,215442568.049954,93.63413052949275,-0.0011154820328174164
471,MA-168,100.61664800413337,-0.05699386336773027,219839233.66093612,98.98897803376445,-0.04530545347867254
472,Mean,199.9999999969663,-1.1580836512237345,1494.047292636914,199.9999999972825,-1.4137494205684424
472,SN-24,65.1255170689448,-0.9187193160859479,1408.7564950421638,63.867579365555216,-0.9897271116888802
472,SN-168,74.93189328075437,-1.0305648386652453,1449.234413861533,75.60482713201013,-1.299852289414209
472,MA-24,48.43441522598999,0.010242301730320591,1011.799945529935,47.21889963537246,-0.0022003656280644712
472,MA-168,56.89655096548114,-0.1189765860357408,1075.8227084967816,57.06213436548022,-0.16006843021646544
473,Mean,56.725397100757725,-0.010965493882978183,216316168.45189184,54.395346996834974,-0.02353443342155237
473,SN-24,64.28510767689028,-0.6734208398130921,278306533.6028665,63.556324955387836,-0.7201905222959566
473,SN-168,66.37133998626365,-0.7023698892434351,280703469.16980773,64.16405815448246,-0.5591363133976945
473,MA-24,55.08253470659129,-0.0016852416911019574,215321032.2123435,53.481578418791045,-0.020068154947249006
473,MA-168,56.32100876802137,-0.04527587036905589,219956235.40416256,54.3232107744863,-0.06549277005040888
474,Mean,129.3300045330212,-0.23278089087163134,376465364.49139243,129.0519381130436,-0.2319800379376309
474,SN-24,104.01908060404365,-0.4430943769191502,407314102.30464053,103.21647320947156,-0.43256430857137973
474,SN-168,97.38529570710939,-0.2809415372549997,383748538.0388594,97.23170335721763,-0.25542775581826804
474,MA-24,102.46038827254242,-0.0077801211726666875,340380736.2261404,101.05090072115956,-0.003960529925091549
474,MA-168,127.48971011395085,-0.19676785719552692,370925796.3494071,126.8809778641661,-0.1972193835466325
475,Mean,116.86036940563889,-0.12269413979476296,145048161.47997186,112.62119209587833,-0.1302115053325541
475,SN-24,78.46773453410944,-0.32129185989113607,157355120.63065904,77.09010077126231,-0.3342393581277472
475,SN-168,70.60543196105279,-0.12466383799521852,145175344.78442296,66.69431156835009,-0.09918220404751166
475,MA-24,100.9837313789668,-0.0873620662436636,142747525.82980776,99.07027524712376,-0.09034889896265352
475,MA-168,112.29834598543889,-0.13043957349315782,145547642.9738463,110.46612808167842,-0.134534455665545
476,Mean,120.59530709718074,-0.19657532200182537,106740312.82496421,122.31352862849786,-0.19821266050158592
476,SN-24,96.00838404795596,-0.16150734832494007,105164565.35647409,94.44250863901438,-0.1396333657778983
476,SN-168,100.00859066067459,-0.1201714573392143,103276307.41021211,98.76619750105516,-0.10928888577687479
476,MA-24,102.09641253521305,-0.03634319896801097,99336819.5649305,100.68123027923073,-0.020848923970487432
476,MA-168,107.86674684520226,-0.10328125812059974,102494738.26085357,107.30124063943688,-0.09633962347431613
477,Mean,96.56374792152168,-0.19607170573923893,806214128.034288,98.68088056426157,-0.20843555047381157
477,SN-24,76.713030966806,0.03681502634653777,723480192.2958564,76.51388490357279,0.040053844774645575
477,SN-168,78.3922318125377,-0.02151004379992849,745063205.5113796,78.07309420746041,0.008726339280783812
477,MA-24,83.02994212806318,0.04516502020357638,720337387.3886242,83.31603828755574,0.045491861151092605
477,MA-168,88.7312768396886,-0.07309750463784281,763644781.8808168,89.6322654764347,-0.08063764561678366
478,Mean,117.91662573851048,-0.1667226188881532,254832468.85602304,115.9910053454004,-0.16421304778690393
478,SN-24,89.14379950409527,0.1317050801343771,219838920.6266968,88.0382324239771,0.12329387031934436
478,SN-168,84.81606649600496,0.35893685793175,188895389.06929103,83.42440539653762,0.33810080962705447
478,MA-24,106.6155275747654,-0.10175926140182301,247636300.84360293,104.33103652670843,-0.09312997349430385
478,MA-168,115.25221144296927,-0.16406210055511727,254541751.33901262,113.98942661463214,-0.1601095557650849
479,Mean,103.46347500545481,-0.2041832149796221,354468345.7099218,101.95163964229282,-0.22309416627703538
479,SN-24,69.47238182731658,0.042485529769162755,316084970.94363886,68.69430783685092,0.03287870022211359
479,SN-168,61.44058238259254,0.3886036525917519,252576298.09719938,58.2959502144375,0.43625448130613176
479,MA-24,95.17173460970832,-0.09369246526418529,337814886.5938634,93.98343281228682,-0.10012758305892544
479,MA-168,103.65706751247264,-0.18300269780562517,351337123.50244415,102.66829167214586,-0.19788868032683582
480,Mean,72.7518341208493,-0.004236086868933064,812396231.262571,65.72495135064862,-0.031633650509778954
480,SN-24,78.51865398741994,-0.6498604581375536,1041294549.790117,78.67246572924121,-0.8236116975405865
480,SN-168,84.99439613766671,-0.7684278842610561,1078061819.3738027,82.37697497948552,-0.8985305604815073
480,MA-24,67.49241239295814,0.010894769846494734,806252802.8387651,65.84640829736836,-0.0962379168213705
480,MA-168,69.25168863943779,-0.024121348160427214,820400087.2531722,66.35198961737501,-0.12345909431929503
481,Mean,81.85985685164817,-0.018087178289173833,170563700.53918475,78.97067451118062,-0.020518993878641867
481,SN-24,82.49319495900038,-0.49014861184988234,206352111.49681485,83.77544668092372,-0.4937455905097874
481,SN-168,82.0305215296116,-1.0277770803400106,240715596.9244757,81.84602143881803,-1.032915024565559
481,MA-24,77.38966346305307,0.02999454923875966,166487339.48922846,78.07910895893043,0.027695085931853436
481,MA-168,80.2790060028525,-0.012235632988399026,170072829.2813104,81.13580171552044,-0.014648481431913218
482,Mean,71.49070840719945,-0.020129426647103932,402293323.8494341,68.06967563191021,-0.025175231535250697
482,SN-24,77.55200424266842,-0.9761899823391122,559924581.9726118,76.22130720081876,-0.9888395916253327
482,SN-168,75.8619982298071,-0.9602663915873404,557664160.8121198,72.04206040810125,-0.9671498788671711
482,MA-24,69.14406491235215,-0.019370964814166225,402143744.36494595,67.15050807129215,-0.023819693038205525
482,MA-168,70.81767811069993,-0.025418403424886993,403334843.32078433,68.21342981806657,-0.02944422520333534
483,Mean,82.08742790498565,-0.12068733465227233,180062233.3978797,76.92786737293041,-0.12175386082046713
483,SN-24,57.66406824237711,-0.22699941488594622,188409405.1928197,56.6205783098012,-0.2562142258536413
483,SN-168,53.11221768192591,-0.21773475092011063,187696749.04927936,49.97016175657737,-0.08247521789991774
483,MA-24,79.35041284789992,-0.047859192645247406,174113267.00393498,76.97115388120869,-0.040353537096241565
483,MA-168,85.11662461297307,-0.10096989506570386,178471191.3007658,82.03356386303888,-0.09891819694407422
484,Mean,69.59985101888998,-0.0618891546073157,565083584.0698005,68.23586068987325,-0.08147028162400027
484,SN-24,63.32993222160902,-0.6421871767060257,702723418.3254148,61.45561296401727,-0.6535528969836351
484,SN-168,63.61511034109629,-0.6041979017299473,694547688.6530528,59.933275011149,-0.5865776887159337
484,MA-24,67.8473830126808,-0.030715850611394924,556727373.9178417,66.70758481010179,-0.04651536214523033
484,MA-168,69.4596858851531,-0.05877779875296829,564255123.8333383,67.83799905248554,-0.0744662822429929
485,Mean,46.37221038832309,-3.665129634455866e-06,786311059.3244745,44.132329224629764,-0.005647835011120206
485,SN-24,47.48278428134414,-0.32765061421661024,906015209.7664356,47.13780624559001,-0.39932683708578787
485,SN-168,48.385805892916586,-0.3025486446630543,897409295.643395,46.00023387708499,-0.2722111191035512
485,MA-24,43.591883564053084,0.045239930234213355,768317476.3544372,43.56234809273922,-0.009660271485996574
485,MA-168,44.94120181405598,-0.017823934972241773,793286233.7358972,44.30024819688532,-0.06523626474365152
486,Mean,101.71470560837224,-0.07366220557619418,215779780.97997966,98.8821597670494,-0.07864458918916006
486,SN-24,82.88516233494431,-0.5857435261097139,262236650.23821536,82.07138215604641,-0.5977023085215838
486,SN-168,76.66922964745142,-0.5366684065712157,258146948.8779692,73.50498215201546,-0.5045548199660259
486,MA-24,92.32969656251416,-0.04669911718641906,213053093.30693805,91.38083673725433,-0.04952174524971387
486,MA-168,99.60612407615083,-0.07038282568491816,215449991.48143658,98.90468800938876,-0.07374104688292449
487,Mean,71.97779040288339,-0.04551718566204821,194879141.3688145,68.85145700701015,-0.06381587082196871
487,SN-24,82.61590195678554,-0.8147512011255906,256748736.92979285,80.38047971058856,-0.8472537289347164
487,SN-168,82.19489099967669,-0.8539647329475424,259507852.49011073,79.3322764094219,-0.8306096247077117
487,MA-24,68.37610295385493,-0.01099469215752591,191634724.75371033,66.38260985286556,-0.028246848780648648
487,MA-168,71.87497163901418,-0.07522244087560925,197628206.540144,69.79671871269382,-0.09566641815356114
488,Mean,117.84066203258774,-0.1142610915473612,277034625.7551669,114.5088540515481,-0.1113194311422907
488,SN-24,99.96282940441449,-0.5145467399376189,322984670.998378,99.31876829164283,-0.5629905397364092
488,SN-168,108.11558901963339,-0.8201838133581894,354077389.53181916,103.72416764623136,-0.8566340283449352
488,MA-24,104.5933777036294,0.007359526110478964,261478846.4333196,102.36091854956561,0.017858828981986763
488,MA-168,111.21838802819681,-0.06321567293242891,270614620.0002201,108.73051823747724,-0.052995679715409194
489,Mean,69.94531590219437,-0.01650382194195621,329378779.9401084,65.35591986392339,-0.03347019955015895
489,SN-24,59.80258658952451,-0.4705194647431119,396165358.5570703,56.55256135910163,-0.511142452183371
489,SN-168,63.1611034458471,-0.45327822071644497,393836071.9034081,57.73134616407039,-0.45834839177375364
489,MA-24,68.86785940801532,-0.040005265443192606,333164621.3955504,66.10926205732588,-0.07180088005407459
489,MA-168,70.45000506310215,-0.07375610667168875,338527482.83186907,66.8414478819048,-0.09946268176373874
490,Mean,98.06373482140326,-0.04858430294986471,157056302.80367276,94.61817589164949,-0.05533310732442409
490,SN-24,80.11388604366088,-0.09600333171018693,160568233.9850275,78.10319038000159,-0.10755176952347001
490,SN-168,75.18084363828348,0.11262763799617259,144479637.28362277,72.25464758740402,0.13148250375774173
490,MA-24,82.68485618190408,-0.008454120784433083,154021648.05377698,80.35194689054333,-0.003777253465568009
490,MA-168,86.99226053339937,-0.07841766638765924,159274844.77453414,84.3066623345231,-0.08029960099907307
491,Mean,77.19537432357232,-0.13985852146349642,112589.82620223603,76.0434554334341,-0.2096996308458443
491,SN-24,77.79659112779954,-0.6710387827142652,136322.31051409955,77.36751488138673,-0.5843816444945666
491,SN-168,91.34199614480856,-0.9196388746147166,146111.17783231373,89.010690427787,-0.9547926395518334
491,MA-24,59.746445568575,0.18133612968471635,95417.15992943884,59.60251463244878,0.20922442503980454
491,MA-168,70.4975612396111,-0.04424571586471404,107764.32790205907,69.32966540779513,-0.06801349563871883
492,Mean,23.776808201504025,-1.533198977436637,7169.236651694,23.776808201504025,-1.533198977436637
492,SN-24,9.133033451437878,-0.7242167690561103,5914.720088365013,9.133033451437878,-0.7242167690561103
492,SN-168,10.62248767025183,-1.0252677485743025,6410.316722608931,10.62248767025183,-1.0252677485743025
492,MA-24,9.263609093492644,-0.29651939277515593,5128.941822994006,9.263609093492644,-0.29651939277515593
492,MA-168,10.324783338312098,-0.14392329982562235,4817.66632702182,10.324783338312098,-0.14392329982562235
493,Mean,129.5461027751236,-0.058014890493902405,1679568475.221264,129.45214001083974,-0.0578669978275832
493,SN-24,110.65320345028904,-0.8671129248723144,2231192889.2595415,110.23439106841981,-0.757448899932454
493,SN-168,101.92191232295376,-0.45128110788137743,1967105240.814976,101.71615604030433,-0.4249547765018862
493,MA-24,119.49744328170182,-0.045881750360383666,1669910198.4698105,120.06108360955785,-0.04431675366284571
493,MA-168,125.67914286675344,-0.06300871057824153,1683527582.4902706,126.31176901286551,-0.06256530276899142
494,Mean,103.05781644808813,-0.02771903984439361,249434109.13241267,103.3407115163066,-0.02859383854330888
494,SN-24,92.0807711259531,-0.9293803138318126,341764981.6950395,90.78107616891916,-0.9313135795340242
494,SN-168,86.70847779404858,-0.874544340882218,336873228.64042157,85.65492976943356,-0.8025186390769492
494,MA-24,90.46444912800142,-0.01584217770237628,247988624.87772316,90.74171763714128,-0.01679710836390025
494,MA-168,102.26645465660931,-0.028498784668651966,249528715.76638916,102.49259091131687,-0.028956218028616254
495,Mean,60.02293898307042,-0.035992308175226695,362943388.5101581,52.98713836565816,-0.006136737627880251
495,SN-24,60.211741199106214,-0.5311560758140064,441235406.9108285,60.639590903712445,-0.6918626532508199
495,SN-168,65.23618290476911,-0.6635832324158377,459920630.78340244,62.271346166427364,-0.7389935222211437
495,MA-24,49.721637062540644,0.07029108924113792,343822363.0248677,50.22657534139449,-0.03285948630129809
495,MA-168,51.158360494261046,0.03130900257746738,350956472.1906622,50.25561291160605,-0.061240677614164074
496,Mean,115.66042727413566,-0.18457605002213207,281723164.3309238,113.72965674989857,-0.18714892397124006
496,SN-24,100.13499907341186,-0.1222237015820411,274208430.0811528,98.8992767712533,-0.12119159184175476
496,SN-168,95.80049135442306,-0.01569480255759581,260869135.48742387,94.90445820045159,-0.014440513465122873
496,MA-24,108.35833270416025,-0.1152990413301842,273361122.0027134,106.74570061616623,-0.11205449643164656
496,MA-168,114.98007237409695,-0.18662552076273498,281966767.8804559,113.03698266992073,-0.18490524758559457
497,Mean,149.07035556389854,-0.2849679348823595,197201203.85717392,149.68465515100618,-0.30085933557967093
497,SN-24,109.46581783939942,-0.21122008317466956,191458630.5791779,109.10058857076652,-0.17368685518657556
497,SN-168,98.73939232289766,-0.0609778446814655,179191157.2318005,98.35404470472157,-0.04628750918547575
497,MA-24,104.18786010298713,0.06890965784654024,167864680.27097788,103.53731113661556,0.08362988220155199
497,MA-168,141.90221020048403,-0.2329377022908572,193167466.23716733,141.74368264479696,-0.24512413781446796
498,Mean,111.29168475383298,-0.03235028947313734,157199057.94584605,104.58076953616622,-0.04000286925403085
498,SN-24,99.0928266095588,-0.972575359092273,217296734.07377446,101.71585449841464,-0.9908024686919239
498,SN-168,105.41608756953202,-0.9958078415371285,218572620.67408976,102.48662977341863,-0.9781804301636974
498,MA-24,96.64621599779683,-0.028337587978763512,156893247.47549385,101.31535423052685,-0.03706687691233923
498,MA-168,102.02579628085044,-0.031578818201190906,157140309.85235125,103.75838989671793,-0.0397073371803931
499,Mean,151.5180151893198,-0.012428464267777661,296153196.54473215,150.76710033534363,-0.013560504522867944
499,SN-24,134.21390366049505,-1.0014090701198368,416391814.0327949,135.88279364319757,-1.0032901940196273
499,SN-168,133.1467679770889,-0.9197878521015073,407812816.8853366,132.83728139429005,-0.9766825835487325
499,MA-24,139.18152116341034,-0.01222655843416165,296123664.56216484,138.92733191074464,-0.013292633740614068
499,MA-168,148.09963626545144,-0.012957283023505628,296230530.8578121,146.5543380645404,-0.014065397770394394
500,Mean,173.10218991742556,-0.013280719232148686,136987182.02523306,169.55774979510082,-0.004496559588886395
500,SN-24,72.17991549441952,0.1639553232107035,124431342.09839743,71.59876594769284,0.15123783726724271
500,SN-168,79.71573907858311,0.3428122480159813,110321402.11894274,80.40023005835576,0.33281544254654283
500,MA-24,64.56108636017694,0.1975864540409037,121902936.72480612,65.78987927606565,0.1853805477307372
500,MA-168,74.52475496937161,0.13936879226133225,126247732.7479642,76.66950846624778,0.1262773085219161
501,Mean,92.34085462665558,-0.1671051293587995,421147575.1199837,94.34218858266544,-0.17092351437658593
501,SN-24,78.45219504799654,-0.04443352754357566,398400356.10949194,80.89165402191259,-0.05429280613080523
501,SN-168,76.9988271982353,0.23977672915188553,339899006.6040713,77.40018146766549,0.24700266773043444
501,MA-24,97.510112348617,-0.08861347063834124,406739328.77014756,99.14441353771731,-0.09392621270828205
501,MA-168,101.48856667330044,-0.13416439828304583,415161737.4938997,102.87120534740033,-0.13939876926562755
502,Mean,129.516292881627,-0.04983905873358463,136563962.03464943,127.80981925588162,-0.059208249094732546
502,SN-24,104.39261044714263,-0.7689045562420942,177266612.36287943,103.06301936709048,-0.7935314843107528
502,SN-168,107.96153035148095,-0.6784335398894403,172673948.33918384,108.32484440794931,-0.7819145215387309
502,MA-24,104.16784228267827,-0.032672998155132804,135442872.45892075,101.81882249654733,-0.033326855715703596
502,MA-168,118.34561002066086,-0.04965636579926902,136552079.09113994,116.81634899847298,-0.055681565876240846
503,Mean,180.28840675826422,-0.26088713207721037,291940925.1229507,179.62915515058404,-0.24988053556963097
503,SN-24,80.36869387476979,-0.04067577434370584,265225084.25219876,80.32547563759867,-0.03890158150480261
503,SN-168,82.05228474553901,0.023947305190445745,256858242.13908398,82.32477437597088,0.01777854671750201
503,MA-24,87.93177490042692,-0.013592048885264107,261751073.2976776,87.40324977787233,-0.003859735455147506
503,MA-168,92.62160332976612,-0.07467409326388097,269522647.1332523,92.0424507428494,-0.07016120161369455
504,Mean,151.75482198777442,-0.06842495027248763,109644735.00271745,152.61275952744643,-0.06626639195742956
504,SN-24,112.72582375649787,-0.802218095447887,142403100.31630006,111.82043023250945,-0.8078386236113231
504,SN-168,107.647111817915,-0.7118097311058598,138785315.5114315,104.97933369533273,-0.7135768103479412
504,MA-24,137.70890412122867,-0.05549095046659325,108979052.74958606,137.15088490085944,-0.05342940372400351
504,MA-168,152.15956271736349,-0.06768759920628664,109606893.96591409,152.9034424061328,-0.0654740054772438
505,Mean,88.75907459895052,-0.08691750397273057,188832863.27052486,87.45361209649224,-0.08460878065537925
505,SN-24,84.28183586379089,-0.25063344115398634,202555623.84116977,83.21194484670843,-0.26153098058016955
505,SN-168,79.105664230676,-0.1454256522009718,193848631.55779737,77.7309780834161,-0.0038615686073308897
505,MA-24,82.1784382662737,-0.021535903904233544,183065330.78538918,80.69635225864444,-0.010277062281443206
505,MA-168,83.59491892145499,-0.07271249276630054,187594869.2616101,82.29883261351338,-0.06661029252427553
506,Mean,140.88723296799068,-0.09968120018386761,172624432.6031155,138.74993591867323,-0.10861383854014184
506,SN-24,106.87668858082043,-0.19903325814458617,180253820.57253817,106.85879050862337,-0.1588447059663871
506,SN-168,106.75864605233798,-0.0425387717720247,168079586.69067654,104.98086451462643,-0.018311277311354512
506,MA-24,123.63139400385764,-0.09089396357867319,171933353.15109763,122.80266150996162,-0.0982463011637078
506,MA-168,132.0047586343601,-0.10269930750309686,172861156.70044285,131.40366241777943,-0.11115189082758659
507,Mean,145.68885853374945,-0.05553828362159585,113497114.03016321,143.1720731975831,-0.05523617019130245
507,SN-24,108.53685230139618,-0.8854691731253836,151690206.2821027,108.75713065749801,-0.8919918678756955
507,SN-168,106.03876374643322,-0.7700574961024291,146974337.29165533,104.3471902174606,-0.7730850934065181
507,MA-24,130.2416025647216,-0.03976851106080037,112646098.43218042,128.89634450987845,-0.039166945426598376
507,MA-168,147.0444479619525,-0.05287503660459625,113353840.32697321,145.68343822082764,-0.052327550928637834
508,Mean,105.18441970099698,-0.05634656461522458,106104619.57830413,101.12991667413134,-0.062121493745272094
508,SN-24,86.61850358765906,-0.31632457193517083,118443866.10180159,85.36408845120798,-0.32973476288043546
508,SN-168,84.60664006689314,-0.21457601950330418,113774105.98025216,80.49664804607598,-0.1936852602816237
508,MA-24,90.96785613567215,-0.023084833444242392,104420772.97850871,88.96138130624804,-0.0255588774060711
508,MA-168,96.06786736953784,-0.06776172376883549,106676376.32065019,94.20262847037532,-0.07230421659705022
509,Mean,135.52346643961818,-0.09168437445020072,54666394.04744824,133.77336961716233,-0.09487815476404582
509,SN-24,110.13062311778728,-0.5817800351922171,65802883.55213663,109.04264226896201,-0.5900595002737516
509,SN-168,101.79049529765724,-0.5256368408516312,64624539.90541378,99.95538681860087,-0.5202575183206537
509,MA-24,118.69552989015786,-0.07543342071577741,54257982.95396953,117.79957749700316,-0.07765836940388904
509,MA-168,131.04879138249748,-0.09748096696762798,54811334.88052268,130.3434702332295,-0.09985420238526155
510,Mean,129.20958109909355,-0.020981654983343256,12871137.354490245,125.31655865977052,-0.022280910244772745
510,SN-24,93.14081699892142,-0.9800587865815036,17924497.84382605,90.702265574386,-0.9826925184603326
510,SN-168,94.71343783209096,-0.9780217410212242,17915275.28568706,90.56998504653654,-0.8167556435872623
510,MA-24,107.48890446109228,-0.020270277891037525,12866652.539461244,106.00093705265603,-0.021567613432556865
510,MA-168,117.73643429485557,-0.021069766474553164,12871692.736966059,116.60206980877807,-0.022359563982534914
511,Mean,55.646056472316666,-0.03324853641030301,12573.310043691567,53.54579557359473,-0.048340772199970905
511,SN-24,54.75553581217116,-0.7941332913383552,16568.171370001746,53.95896455897512,-0.7488930691348397
511,SN-168,63.016827805089804,-0.8753106192629296,16938.846480545173,60.12663774268626,-0.7909597985774275
511,MA-24,38.69306337169992,0.12567484876024904,11566.013938607097,38.29259121448507,0.10601299227116556
511,MA-168,48.182602301779035,0.04321063927596347,12099.164856372232,48.09719231441555,0.026220393101203943
512,Mean,126.06708872481099,-0.1168590470216464,64241323.24213948,124.4394205932454,-0.14776863118129824
512,SN-24,110.89520438894998,-0.7408273532355996,80203467.65322842,110.19837811894952,-0.991058940724588
512,SN-168,102.5779767279406,-0.6063967959928405,77044512.11237326,100.50055404298983,-0.8785081815262892
512,MA-24,115.76372790877203,-0.07161976638659229,62926800.768990465,113.89734812342441,-0.08529813586751689
512,MA-168,125.6776867428425,-0.11077255565718103,64066037.72789674,123.81101096409064,-0.13785677137942232
513,Mean,51.473586824424686,-0.02431488071629495,427.23368829022564,52.02894540844836,-0.027111441632678313
513,SN-24,57.31780281523305,-0.4273412442896709,504.3275081799132,57.598723886200574,-0.4159711959773549
513,SN-168,61.75761444981986,-0.49215320451383904,515.6505168662404,62.35953459501524,-0.4875855170257597
513,MA-24,47.86475185393497,0.1089923940953097,398.46433467064884,48.17495150403225,0.11202906244653754
513,MA-168,47.4076020051058,0.00022495325836224822,422.0849780657747,47.76017977881098,-0.0022307819060158884
514,Mean,147.14193566846188,-0.2759472578051032,378262973.6051426,146.5474683828475,-0.3489168700389478
514,SN-24,122.05234849457227,-0.8287025856111552,452844409.2180025,124.35155103935864,-0.9267139730969385
514,SN-168,121.99906059342678,-0.9114918740360829,462981565.3333234,122.93473966103971,-0.9512173522901348
514,MA-24,138.3269316403751,-0.29765974216516033,381467801.7144379,142.41295719781735,-0.3719901533491847
514,MA-168,141.20082933444138,-0.33151725795033316,386412236.5043052,145.17484634729146,-0.4077502088180156
515,Mean,91.20571562408468,-0.01278515684433601,946544031.8373693,83.79105418059198,-0.014654666600662836
515,SN-24,100.95040063216945,-0.803575095945942,1263133555.7883537,100.83556203086145,-0.7878606246464304
515,SN-168,102.56926972313263,-0.730538183290931,1237293554.9749286,98.9368338464295,-0.6742631345494574
515,MA-24,84.6720849569848,-0.011579318227287416,945980378.5900584,84.24865098017752,-0.013433402453490784
515,MA-168,85.98211902499749,-0.012915189022497664,946604793.6045555,83.4394207922785,-0.014748482059949053
516,Mean,103.12851008629013,-0.007303161133109581,74025275.76519492,102.38042784169916,-0.0075721998405415825
516,SN-24,99.26988568961505,-0.9911959682971541,104077520.59790811,99.8128594752996,-0.9973542789868666
516,SN-168,105.96142972297066,-0.9930891708377718,104126986.60127914,104.60612966652603,-0.9940066749621652
516,MA-24,95.47559627467996,-0.004757427756245436,73931675.42785606,95.61166371568478,-0.005154283279563465
516,MA-168,97.77473578293849,-0.005138004535699459,73945675.82949287,96.69508819507442,-0.005539010331821803
517,Mean,134.46638938127586,-0.08220823981956604,220898977.17933568,133.63189477694462,-0.08482786480071902
517,SN-24,99.51071030661396,-0.7273940207774241,279083392.03017247,97.47089725420707,-0.7375754768116085
517,SN-168,92.28167116049485,-0.7653283810165958,282131149.625567,89.07268500465543,-0.7777219529586452
517,MA-24,120.31504327499687,-0.05531505969808692,218137009.35643125,118.84678633378928,-0.05718871415391891
517,MA-168,133.31572881786903,-0.07802717328769515,220471847.22417003,132.98751623289382,-0.07963210196554993
518,Mean,100.2975227607911,-0.027799838723861825,413068297.5625971,95.47914791828036,-0.030740067418164818
518,SN-24,97.18036001192125,-1.015052360301945,578376661.2648886,95.12671852331522,-0.7989471583308392
518,SN-168,101.10058501083918,-0.4401981978703695,488966069.78381455,94.47026795085421,-0.22140808546192692
518,MA-24,97.06347560396358,-0.027220005477419873,412951764.8913135,95.05591516522826,-0.030166269754595243
518,MA-168,100.71853521780056,-0.027606994977280364,413029544.2120221,96.08479729325119,-0.030516370219424438
519,Mean,120.13961494742675,-0.0113035651167821,188082791.18934077,120.39853899318508,-0.011463494524556195
519,SN-24,74.66998028885709,-0.9801641575081963,263183640.2749035,74.10360794056389,-0.9838426703823442
519,SN-168,88.19960680293548,-0.7157477277156492,244982469.56208035,83.49284448558626,-0.7178136448825634
519,MA-24,63.85672762988168,-0.0025577460583481315,187267749.11839256,63.81437913065341,-0.0031963639590324444
519,MA-168,69.52975835479668,-0.005040081340813796,187499443.47663668,67.17980270404108,-0.005522096439816604
520,Mean,118.54217184883599,-0.02414765531843588,169402245.2694071,114.72327337380419,-0.024450917406448447
520,SN-24,99.2797790722589,-0.8979757933109991,230612694.0184844,97.98779794273764,-0.8997292865843818
520,SN-168,94.06032459968505,-0.935316944050705,232870204.2780953,91.4032014459405,-0.5791369188634192
520,MA-24,121.67846316679471,-0.018140048469295955,168904661.28996742,119.14508281012814,-0.018462251908969884
520,MA-168,137.85081457453447,-0.021909002862537053,169216998.4373173,136.92597973478613,-0.022220334328395097
521,Mean,96.64609345431032,-0.14411642562265858,117851727.93854593,93.45546513993942,-0.16246389610723933
521,SN-24,77.37486872074567,-0.3875718777561623,129786221.4902258,75.56300651372008,-0.4067053812031536
521,SN-168,72.12318709236068,-0.19934205519575143,120662515.63995385,67.68031617239741,-0.14975123322419193
521,MA-24,88.60383157875016,-0.03555051625596528,112120877.73325111,86.59829403597634,-0.04405642607863647
521,MA-168,95.56346129250917,-0.11244888084313098,116209297.5254902,93.11522728241285,-0.12487301784955607
522,Mean,57.62421672035538,-0.030634958802516765,1880.9439752682665,56.34422906667809,-0.044395686249036004
522,SN-24,74.56338289004391,-0.9511837581687266,2588.0491001076093,73.82102231859933,-0.9680723106693383
522,SN-168,74.12347717629859,-0.9482757530121164,2586.1197927420094,73.23561284410881,-1.0118965169173353
522,MA-24,57.74430202204389,-0.06098604639310068,1908.4389053715447,57.445813588671236,-0.07640267568479286
522,MA-168,57.51527806270696,-0.09484480022817499,1938.6513208638064,56.68011477906851,-0.10233186510897752
523,Mean,48.834641902258646,-0.13276887032138007,4260.218271698524,46.26454000856657,-0.06707961881802538
523,SN-24,39.85562073914562,0.12704854963975765,3739.8677366223174,39.49554864294786,0.09648499190715931
523,SN-168,43.49022696710686,-0.05280768280828729,4107.104193329549,42.56571799161398,-0.027278049761419343
523,MA-24,29.901332750522325,0.5033384980383182,2820.924395518335,29.960133337011964,0.4796210623526912
523,MA-168,32.318278300887165,0.43064129283082286,3020.32850354898,31.69699869724991,0.4191980309972253
524,Mean,67.16630255604372,-0.0225285330783509,1301.25231746782,63.7813805550291,-0.015937119966749513
524,SN-24,75.96780956836231,-0.9118103394889443,1779.287801040328,75.78356896848187,-0.949050984530956
524,SN-168,77.480906136308,-0.937682264907479,1791.2866133049374,75.94334434807,-1.0395160743737368
524,MA-24,60.1383262031949,-0.0527529231256294,1320.3437869912284,60.25779963867858,-0.07814906827631751
524,MA-168,61.65234360328829,-0.09433628214439072,1346.1677974785937,61.337737602917585,-0.10571406788825177
525,Mean,40.21371781432882,-0.4820070069854401,5592.457312678712,38.55163686369594,-0.41754982095458626
525,SN-24,31.31670437752816,-0.6034356761368336,5817.057014706786,30.115948174953534,-0.5979597158706316
525,SN-168,34.01891605501766,-0.366971540555562,5371.026384130552,32.70640279148165,-0.33058724126560124
525,MA-24,24.599280123800025,0.04747807475932919,4483.477966845888,24.13596527025957,0.03656257285461506
525,MA-168,26.013618788966035,-0.006857730713917931,4609.582623225941,25.168653247526944,-0.0036538378129680193
526,Mean,64.09912810467199,-0.010005629111527359,1413.5541135183894,63.05209675941222,-0.019122521141020865
526,SN-24,78.6946550623706,-0.7290903437426928,1849.5215006567187,79.56188323301855,-0.7719936773147797
526,SN-168,78.89265954125305,-0.7649663480948758,1868.610376870435,79.16444195012879,-0.8070641290481377
526,MA-24,61.90842306636595,-0.0801623494631667,1461.8239039977402,62.10591407272478,-0.10127827330808903
526,MA-168,63.40286833506793,-0.13759838547866665,1500.1857129515242,63.66061502249541,-0.16154975569090047
527,Mean,61.30415182247566,-0.05753601822091903,1420.6193765708338,57.512826399286624,-0.02998815716711678
527,SN-24,69.59579810045699,-0.7654141562549903,1835.4960423357988,69.16423538474874,-0.8280657535589495
527,SN-168,73.36820573792635,-0.9617376846057484,1934.8647719647558,72.38913644872027,-1.014783886180239
527,MA-24,54.90299025340022,0.007261771004755779,1376.4090618087423,54.58825794505407,-0.03213333394552165
527,MA-168,56.27983579865564,-0.05803496410569675,1420.9544614260149,55.61659588988388,-0.0981302379048119
528,Mean,136.57642223051673,-0.015384317360385813,15797154.540429503,130.98648884248962,-0.016657468078326243
528,SN-24,124.02148240013543,-1.0676606837513374,22542562.163585823,126.35821102092719,-1.149137569088142
528,SN-168,129.0156159184471,-0.9493919636092498,21888360.18957804,127.7456863991461,-1.0259888116415619
528,MA-24,113.04545063657233,-0.011235882743810377,15764851.237007251,115.18048690469658,-0.011578118454028896
528,MA-168,113.21916797761808,-0.015059849128287839,15794630.331485266,113.62827780353688,-0.01593153110966372
529,Mean,191.15571458868007,-2219.400897573986,51559.82105680646,191.17124421197306,-2928.0011539825014
529,SN-24,72.04249684187941,-0.6169781108122598,1391.3864662566082,71.86738279979002,-0.7367196941742071
529,SN-168,71.09342431238844,-0.5883741318773941,1379.0248972307918,71.59769301602611,-0.8112700553765109
529,MA-24,55.615035536693725,-0.04740072131330453,1119.8301048720477,55.06688600111445,-0.049053630645449875
529,MA-168,55.89925162595378,-0.10941588741315633,1152.505203201002,55.68123054814139,-0.11530463961190329
530,Mean,135.76454653596463,-0.15457767487546747,54807663.117321506,134.3994918989031,-0.15632730230404746
530,SN-24,110.96392247549296,-0.13624094811078047,54370700.13307513,110.01972761281039,-0.13638753659902703
530,SN-168,108.06324515453211,0.3071085361659033,42458271.78724038,105.05974475934887,0.35258087341314204
530,MA-24,132.02135185795026,-0.12762599599886948,54164189.26410729,131.02319932116404,-0.12831925386542653
530,MA-168,140.84757778211173,-0.14690989588947767,54625365.672460385,140.77817616442783,-0.14832627713650126
531,Mean,56.811020589617854,-0.30717642060766526,2299.339035540535,52.67610785498964,-0.28795052286473255
531,SN-24,50.66558567432915,-0.542254448739983,2497.548471070686,48.69150729223482,-0.5195187673758168
531,SN-168,55.65290708945124,-1.211168912971671,2990.521091006418,52.353848917012314,-1.3093493687127182
531,MA-24,37.93735722792373,0.1883394868177083,1811.8536651622824,36.578154229706435,0.19055799322617384
531,MA-168,42.70098135935109,-0.01750065861696526,2028.6319409640012,40.193713124790975,-0.01473000863060725
532,Mean,53.30899485289346,-0.0015738261024393907,945.4181670515017,51.21192037804848,-0.0064698755159737775
532,SN-24,66.32641491046195,-0.8554636644355427,1286.7929920429078,65.7457651874097,-0.8732261371496275
532,SN-168,67.35528723301745,-0.9858549413707041,1331.2395785981626,66.593271045124,-1.029131077127606
532,MA-24,49.96263682001743,-0.019279566621960287,953.7380711630735,49.60307373009471,-0.040327475533725066
532,MA-168,50.01758679290103,-0.048363876593219945,967.2494336246103,49.250513370606164,-0.05958817772443625
533,Mean,126.45199281910871,-0.048050690882186275,143138483.58861488,125.57785287682776,-0.050809035063936525
533,SN-24,93.65775572475795,-0.6647918255739338,180403614.66436327,90.61145730960422,-0.6635340799481966
533,SN-168,100.56180647330886,-0.8510665495407177,190228806.90829918,96.40225672598203,-0.8541638017379112
533,MA-24,112.74220465596856,-0.03439469428339614,142202885.78375155,112.79369842625077,-0.0362191362303983
533,MA-168,118.16840992459723,-0.039992401885744044,142587137.63921893,118.98589722070128,-0.04218318459625925
534,Mean,127.72288932349689,-0.1341223063478061,84231561.99203154,127.26418338767675,-0.14440229804078375
534,SN-24,133.13758421849792,-0.9259641149244104,109766294.53018694,133.2518416897513,-0.9111451947243447
534,SN-168,131.33710448168296,-0.8598988176703888,107867240.18143448,130.45295086459106,-0.7677682002853936
534,MA-24,126.15412884245833,-0.08982091962007921,82570036.80933367,125.47795259496395,-0.09506857734042984
534,MA-168,126.91775204874851,-0.1459040808569707,84667949.3189659,126.02543943239975,-0.15365190783211324
535,Mean,55.55924520872484,-0.6373484653441679,2567.1632035791304,50.97802468961801,-0.4892279324914204
535,SN-24,47.019903475685574,-0.4231900148778107,2393.394918709442,45.73085458781576,-0.4978134030580956
535,SN-168,49.89954420502836,-0.6647602505840431,2588.5631802923267,47.80333439687854,-0.747737817634049
535,MA-24,35.163556098657544,0.21737801023975434,1774.8389204938808,34.35234969870349,0.16808132234974504
535,MA-168,37.99505298396632,0.06954554482862019,1935.2206095073675,36.65089030426202,0.01851383453754407
536,Mean,46.04114097415018,-0.0015807630357962399,32649.63116483566,40.87980911179086,-0.0006669104756538147
536,SN-24,34.95866515696788,-0.9960612311318195,46091.64645578718,33.737892455493046,-0.9982363578125646
536,SN-168,41.18113568704953,-1.2348988782130532,48771.288667977366,37.50487340604912,-1.2340516999768631
536,MA-24,26.805577111187972,0.0017378995570386246,32595.495234116348,26.238653373081455,0.0005041083152145243
536,MA-168,30.44147375867487,-0.0016628360753674354,32650.96885006118,28.41588538390986,-0.0025180328651714934
537,Mean,51.04487559960661,-0.6200978251095717,3144.5132273821337,51.506174410486814,-0.7541764131071376
537,SN-24,44.70826232518987,-0.6887370346879651,3210.4345482344743,42.41314511627348,-0.7248821253125064
537,SN-168,47.452253308945686,-0.8726060304229057,3380.69518638982,44.5936332646143,-0.9034295448869292
537,MA-24,32.84863684039118,0.10177480947874562,2341.398963265441,31.190278850697155,0.07024947083228184
537,MA-168,35.14463021257448,-0.0002869269036509525,2470.8427276543607,32.92281945129794,-0.015104640815629011
538,Mean,134.10995445936788,-0.04986651270759279,33164401.667883653,134.07275244392522,-0.05234190439188313
538,SN-24,103.62066867383565,-0.7972498848958847,43391968.9390673,102.64706893710243,-0.7981409575532097
538,SN-168,108.21557410639504,-0.7007842915864255,42211398.677522235,105.84398673084905,-0.6635403713408143
538,MA-24,131.4616636303134,-0.04397052952109126,33071145.974745426,133.19378362154748,-0.04617758487829815
538,MA-168,132.83205822937384,-0.049986341286175406,33166294.25597627,134.68004285590627,-0.05211883772248371
539,Mean,147.77079293504434,-0.036150069315985967,104166237.37658793,148.753780715644,-0.04579590889217333
539,SN-24,109.3657454096569,-0.7922169224204394,136996961.15172994,109.42879741281133,-0.7263814542637792
539,SN-168,109.1836542342164,-0.8572528632575231,139460483.08045682,109.48525661656122,-0.7419179345968296
539,MA-24,130.0146112080077,-0.033681772862517834,104042092.01046564,131.24406958810206,-0.04256446947401882
539,MA-168,137.82543948971949,-0.03676810682142251,104197299.01823922,139.81203599852356,-0.04644031321062858
540,Mean,36.64616029409953,-0.21741709706584,13804.031554784076,33.96054334293575,-0.1452841921037349
540,SN-24,35.42087544265419,-0.30912697031142966,14314.531223425509,34.56869723010658,-0.3883506257711786
540,SN-168,39.825905943577546,-0.6009872847203923,15829.973449252531,37.716064264985896,-0.6277427466721703
540,MA-24,27.546313482291517,0.22433351075460484,11018.532569102645,26.97689938155073,0.16897291524040503
540,MA-168,29.887203741730694,0.11050460379494964,11799.35037394014,28.58452648292682,0.08701365147552487
541,Mean,103.53480250677353,-0.012470348701854705,356385969.95655763,103.68538175115987,-0.012781092525487203
541,SN-24,95.06593666611109,-0.9997819336676552,500865089.4941252,92.98844106877937,-1.000758278082063
541,SN-168,96.87856584696648,-0.9696654308143151,497079294.5639492,93.9961317644658,-0.9761089709819799
541,MA-24,83.6009539513322,-0.0038927687739405137,354873120.1025801,81.32055788275171,-0.004238675565267469
541,MA-168,88.04704480378682,-0.005925272651456925,355232180.5041175,85.99603322658213,-0.006183634155227047
542,Mean,187.51554883172034,-0.006087151734704976,47914956.57931724,187.41418994191375,-0.006683082345988911
542,SN-24,89.5115893820005,-0.9815837729570411,67244925.39397539,90.13205429255848,-1.479850913292673
542,SN-168,92.15449081647206,-0.70149997403127,62311652.79161962,92.4867427598269,-1.0568748829763024
542,MA-24,93.25077301034561,-0.005376177006057192,47898023.48174243,94.54366107097954,-0.005749396811137952
542,MA-168,96.53314750547757,-0.005668392410741907,47904983.82342833,97.61543674778227,-0.006167893924033718
543,Mean,159.14094675433225,-0.17999481645030957,1521975019.9125779,163.60105287142255,-0.19503542003566632
543,SN-24,93.47703419876734,-0.7226625315169644,1838940080.6233878,94.14480180994816,-0.7464929633501987
543,SN-168,88.23944795571887,-0.761860435433307,1859744256.9090192,87.1590629405414,-0.7568101803267488
543,MA-24,96.34095367410166,-0.028608007181710304,1420994591.8816524,96.49663620097792,-0.04287505755869203
543,MA-168,100.43551578384857,-0.06272100858931284,1444365504.5744526,99.59014531552374,-0.07724529419441017
544,Mean,46.46296844009622,-0.03374317323878473,3176.5387452070713,42.7525133641175,-0.06507557770043615
544,SN-24,56.0795191998274,-0.6636811585473796,4029.794304827057,53.27657532025548,-0.6877686876879052
544,SN-168,62.35615903768243,-1.0688148161945064,4493.747215044038,58.70398726316078,-1.160493773877329
544,MA-24,41.90699735871456,0.14491245072159387,2889.0371142275844,39.68840206414391,0.14391750887854549
544,MA-168,45.65345814936746,-0.04423200519999693,3192.613381857464,42.9183593364742,-0.05179522709343232
545,Mean,,,,,
545,SN-24,,,,,
545,SN-168,,,,,
545,MA-24,,,,,
545,MA-168,,,,,
546,Mean,62.15801581238729,-0.017106651182832167,1053.0671759172585,62.15801581238729,-0.017106651182832167
546,SN-24,72.77026291120269,-0.8946196425370598,1437.2550611691297,72.77026291120269,-0.8946196425370598
546,SN-168,70.38656732418588,-0.9344294783815148,1452.276399127847,70.38656732418588,-0.9344294783815148
546,MA-24,54.6649299921419,0.005029480982356893,1041.5447526565254,54.6649299921419,0.005029480982356893
546,MA-168,55.10060377889426,-0.05386201954963421,1071.9257541584225,55.10060377889426,-0.05386201954963421
547,Mean,53.53985089062454,-1.0853538410795247,164623.16089098566,51.65149815450635,-0.8789587468592244
547,SN-24,20.751609028329092,0.14134260451592195,105635.77319899663,20.843000392507175,0.12550420826359965
547,SN-168,31.93343715939852,-0.12203340221759129,120754.67432464064,31.064318177519056,-0.07530908256836644
547,MA-24,17.846810894258347,0.5002305559985998,80590.88184532235,18.302557450382015,0.49008590501702953
547,MA-168,24.585711282634914,0.41107561110938406,87484.44239083651,24.89256050742966,0.41910266916292616
