id_institution,model,test_RMSE,test_SMAPE,test_R2,test_n_obs,normal_RMSE,normal_SMAPE,normal_R2,outage_RMSE,outage_SMAPE,outage_R2,outage_n_obs
0,Mean,33790097176.99782,46.462194554483034,-0.0007994428836584078,4030,34294427737.27505,45.5555398610139,-0.010560412115617757,30232882866.76517,52.47565049487869,-0.3865523782858351,528
0,SN-24,19638601048.637558,23.764389366502225,0.6619435171347423,4030,19829983118.01189,23.45024695100101,0.6621220508247503,18318705306.670338,25.847962735981845,0.49094265323013,528
0,SN-168,23926649913.95309,29.29282326077262,0.4981984900568929,4030,22000734913.585484,26.5504401989105,0.584099409444961,34046303097.896015,47.48188667486568,-0.7583975885105803,528
0,MA-24,30526772210.153675,43.11896572468276,0.18317326217357566,4030,31478466878.27074,42.96774409237974,0.14858302360174735,23248551749.175076,44.12195465711679,0.18008474791325557,528
0,MA-168,32435089250.510223,45.21516918900301,0.0778568001331903,4030,33308876591.390602,44.72658449639344,0.04668784267123072,25904023666.76088,48.45574417672785,-0.017915232999134778,528
1,Mean,23040135092.456,40.226688202893236,-0.005863928958574016,4030,23305355200.511856,39.604653170594986,-0.00018011481345769909,21197212613.699345,44.352382678477404,-0.4022161673017195,528
1,SN-24,18302836220.568993,28.783755859270528,0.36524522146763194,4030,18662184776.282803,28.66542966823653,0.35865497071514085,15712770019.721523,29.56856328540889,0.22951716778591424,528
1,SN-168,20837124723.423367,32.87138901344239,0.17729379193405836,4030,20330813414.545715,31.958774689901748,0.23883944835744497,23925588822.75658,38.924372651774526,-0.786416526946041,528
1,MA-24,19090217183.06007,32.70260717663337,0.3094566768635022,4030,19496669850.923904,32.33733803593445,0.30001676580487535,16137310101.000494,35.12528242422358,0.1873196712524664,528
1,MA-168,21287310016.98603,36.35182503869896,0.14136070056477246,4030,21794929012.505337,36.02500208113004,0.1252626300734183,17552759371.372807,38.519503064089776,0.03850228460049143,528
2,Mean,39089909756.57148,34.97677587719727,-3.4565139113151844e-05,4030,37172490612.601295,32.66843470950202,-0.0035259981219413206,49978821615.71622,50.28702354626694,-0.12014875396399627,528
2,SN-24,45611132683.97887,38.16415034340558,-0.36153054978718746,4030,43502108308.40336,37.75992747199867,-0.3743771240864888,57679415398.93509,40.84518916095672,-0.49191944920908415,528
2,SN-168,50681228485.416565,43.17884219879875,-0.6810473344824115,4030,47592469483.248184,41.37043365875639,-0.6449844140569474,67689467173.71464,55.17324884127666,-1.0546879152354718,528
2,MA-24,32873265780.299984,28.409745331893287,0.292752570634248,4030,31835577993.171997,28.168647617622423,0.2639441215494053,39064216283.0435,30.008844186773153,0.3156757861083237,528
2,MA-168,37616292459.07317,32.860356495172425,0.07394314209701336,4030,36669714251.552895,32.22409063935469,0.023436790898873627,43374781892.160126,37.08043798584235,0.15631897124514404,528
3,Mean,13314610291.611986,56.96872987340319,-0.05208008423031796,4030,13415145866.78966,55.15683760912231,-0.019666668022839895,12627556507.879564,68.9862425808116,-1.9354510304045034,528
3,SN-24,9689803783.400476,34.92221240579162,0.44278622257320444,4030,10066379400.208036,34.81513398734333,0.42586501156454815,6674424639.587113,35.63241812815136,0.17990556247139322,528
3,SN-168,9412824215.746187,36.71944376660793,0.474186445542919,4030,9168841702.530819,34.5692062287315,0.5236826797277225,10893608927.012672,50.98105713335654,-1.1846393865699154,528
3,MA-24,10752135208.278994,44.07700414670108,0.31390964428782464,4030,11257373685.611364,44.49262084691199,0.281971653777633,6469453797.716495,41.320394896438515,0.22950215241640604,528
3,MA-168,12105638224.83101,48.809523053301916,0.13030442093117123,4030,12669943003.417938,49.11891151827862,0.09047058997643442,7335978138.462851,46.757480620823905,0.009276977166413514,528
4,Mean,161087799.64916164,122.69720832132005,-0.13612150268254597,4030,164207232.55390307,118.12130231149868,-0.13528132780284197,138632484.00516385,153.0472515910062,-0.14695718297374394,528
4,SN-24,143480114.53774512,86.78841214137402,0.0986719015998806,4030,145859253.23621127,86.67780787493811,0.10424982263473048,126573381.10272293,87.52200331762126,0.04390299353444682,528
4,SN-168,129775750.7995132,85.47186036045402,0.26262810400825776,4030,132171941.97780752,83.15570337697986,0.26447494115521386,112599431.1526647,100.83394701978432,0.24335949136290413,528
4,MA-24,158231666.76451537,110.04086512397431,-0.09619113720476724,4030,160674938.57525408,107.44370628220572,-0.08696413978307516,140958574.4404958,127.26671789646211,-0.18576927651129727,528
4,MA-168,161690983.85578862,114.84962452014105,-0.1446457182305927,4030,164548584.18435094,111.91889373901833,-0.1400062467026768,141282249.24120018,134.2879184509964,-0.19122115183741895,528
5,Mean,1225831121.742854,118.56665098500147,-0.09511000767591749,4030,1126796714.835023,115.70709779573033,-0.10282391226550147,1745850244.7257605,137.5328541456597,-0.08004369514841914,528
5,SN-24,1442356240.1552205,87.47476871052604,-0.5161477895358786,4030,1291324636.807453,85.8084849065645,-0.44839128747779666,2195176008.266675,98.5265222739225,-0.7075209655788992,528
5,SN-168,1182273130.975678,80.98739071972865,-0.01866667991581039,4030,1098194787.0220423,79.84705052186239,-0.04754764694139113,1633856279.243576,88.55078347148562,0.05407859556141403,528
5,MA-24,1212807353.2832778,110.66875894520469,-0.07196376247209524,4030,1111300083.650562,107.81817171041747,-0.07269862526837856,1742302450.3900328,129.5754947335094,-0.0756585772546392,528
5,MA-168,1224313462.7964408,117.91922950573436,-0.0924000509182803,4030,1124896714.1447906,115.75496898055316,-0.09910789221084326,1745848527.0534096,132.27385139812958,-0.08004156992572531,528
6,Mean,195797263.79262167,109.33910940108058,-0.06736601001174214,4030,196387512.91821846,108.65374792014002,-0.08039332758257856,191836428.4782318,113.8848213447432,-0.01112739625674708,528
6,SN-24,221627684.329316,93.44337765014818,-0.36756554186430357,4030,216409824.44689605,91.49574429218947,-0.3119222522008098,253531787.5157188,106.36120344479087,-0.766072604666961,528
6,SN-168,222939413.01404616,95.13002518252519,-0.38380163241885934,4030,217343270.87919393,93.49035917169762,-0.3232641607210587,256990043.2646166,106.00523421646099,-0.8145808027721662,528
6,MA-24,192022481.27010414,92.54803389136396,-0.026607154188841298,4030,191089568.17881483,90.1604452794835,-0.02288806425553558,198098924.40054888,108.38389623758616,-0.07822141175627939,528
6,MA-168,201167088.9982281,103.96263101351961,-0.12671478923293011,4030,201148050.2593779,101.89629906720587,-0.13340678335313605,201293319.2964037,117.66773418774446,-0.11327495688360556,528
7,Mean,351575287.5828245,143.33648271243578,-0.16721960036762473,4030,361936382.9476916,141.47600463737336,-0.16446016789114437,273078973.46719563,155.676244490596,-0.2089201648117034,528
7,SN-24,314268865.97322375,98.14467326459176,0.0673501875473449,4030,322722417.7171851,97.54131386701448,0.07419734368825648,251096732.33328772,102.14650017806837,-0.022123140065301028,528
7,SN-168,299032596.480502,92.25235072661498,0.155590804596493,4030,289431362.8259324,90.06436108365618,0.2553514765080622,356222422.0085292,106.76435779033035,-1.0571388340260923,528
7,MA-24,346363235.99488056,125.22334779890643,-0.1328684119583965,4030,356099361.09012145,123.05585708352551,-0.12720405530874745,273140177.3819713,139.59939417251226,-0.20946212479776305,528
7,MA-168,351917167.4187213,135.89911441616667,-0.16949076607029845,4030,362086094.1626195,134.36668529501864,-0.16542370076679735,275116161.58142024,146.0630666552961,-0.22702470124470642,528
8,Mean,97938316.28787273,151.27525919348133,-0.1534050013472923,4016,99155570.09408653,148.05610470487258,-0.15852478106088985,89384487.73953006,172.77527186787952,-0.12037426344685187,523
8,SN-24,99629294.85622618,118.79624078888016,-0.19357764525501064,4016,101122339.6060763,118.22361710553757,-0.20493970184784027,89017745.06256928,122.6206662686423,-0.11119938014535125,523
8,SN-168,91526025.77761146,117.98754908159283,-0.007316094568320164,4016,92837042.96616282,117.14816197732942,-0.015578957842989238,82235832.2953798,123.59362777220879,0.051666707713283744,523
8,MA-24,97446644.36209382,145.6962595285497,-0.1418533757104674,4016,98585805.37796713,144.03889175677168,-0.14524887416464738,89467279.50932455,156.7654481075566,-0.12245070262715352,523
8,MA-168,97982982.0956598,151.26468547124395,-0.15445728641111067,4016,99167270.4010119,149.57509976484835,-0.15879820786391008,89673216.75208855,162.5490504281075,-0.12762400043152433,523
9,Mean,4916774980.125874,65.11955382688504,-0.0002736675962768942,4030,5133912368.841043,61.80172537906539,-0.007237634820839389,3114462310.77763,87.12530235768887,-1.1241726774206038,528
9,SN-24,5940934633.576978,50.73325565945762,-0.460386192463049,4030,6307598973.486597,49.79260463424147,-0.5204186543399933,2346729657.6985373,56.9721948456451,-0.20600687296203835,528
9,SN-168,4618191300.228829,49.38305397305776,0.11752581907068516,4030,4553632375.768408,45.4381915198099,0.20758812690865247,5025434510.313424,75.54765304744038,-4.530582747530422,528
9,MA-24,4781602950.292228,55.297866615488424,0.053969383445971686,4030,5075058529.101241,54.9911699888889,0.015723418647264564,1918085626.1407413,57.33205522600272,0.19432545853108596,528
9,MA-168,4883436703.641785,59.03670361544576,0.013245089685604117,4030,5169188931.132097,57.86802522362342,-0.02112721976191745,2189858696.562512,66.7880515854493,-0.05016089808244817,528
10,Mean,2495414844.099001,87.84431253848767,-0.08673156998770182,4030,2548125551.307438,86.73806087398924,-0.09709750781321524,2112778831.3303773,95.18161051021772,-0.02869290795016477,528
10,SN-24,2205166029.6258583,67.7775485038758,0.15136808109919853,4030,2225299124.7895274,67.4442898423883,0.1632795621923766,2066673232.1768057,69.98791182305992,0.015714015974141793,528
10,SN-168,1823129023.6580284,58.49099891912823,0.41994178043369856,4030,1800417272.247203,56.30079932371095,0.4522909407357384,1967140328.6313045,73.01766365994517,0.1082392446201661,528
10,MA-24,2294309874.818924,71.26636193274477,0.08136936585341703,4030,2320755226.1178555,70.33332695648762,0.0899562796316612,2110538251.1903515,77.4547870972383,-0.026512228438669627,528
10,MA-168,2520465011.5133505,83.94279253135873,-0.108659343326029,4030,2566646153.861309,83.28149762627079,-0.11310358655274588,2189648854.2353115,88.32888108745344,-0.10490927820013218,528
11,Mean,1620677783.9356287,138.76997854530975,-0.23510821166895246,4030,1682498404.8178456,137.8794483200384,-0.2644462424767451,1127916356.5011396,144.67648772883302,-0.07268747628781691,528
11,SN-24,1908371319.800547,126.93468634389329,-0.7125269453419667,4030,1959670685.0272667,126.41753263468927,-0.7153677464569188,1525054652.054365,130.3647474985001,-0.9610570845172557,528
11,SN-168,1938370342.2905838,126.70808056074081,-0.7667909418418637,4030,1984770701.0507956,125.0496438299358,-0.7595909860163517,1596846156.8039012,137.70778781695142,-1.1500352276849992,528
11,MA-24,1564067771.9749074,132.7627989446762,-0.15033090048933562,4030,1626186934.6083622,132.84686263761486,-0.1812232397503437,1063903655.0628752,132.205240132799,0.04561408172062886,528
11,MA-168,1606507543.1568983,138.06163557350777,-0.2136045317282531,4030,1664289770.6255622,136.58335497863865,-0.23722570821474864,1152106664.337984,147.8664436099313,-0.11919251904652861,528
12,Mean,791204862.8807168,99.19780726153154,-0.007096725240136159,4028,820925799.1822246,95.6946464646492,-0.010718774953193844,555331590.8073237,122.41951708935004,-0.00944311028765199,528
12,SN-24,854300401.0053612,68.73005512745108,-0.17412546820743247,4028,890261104.0759428,67.41051194126598,-0.18865910903667404,560328300.2247537,77.47702700557205,-0.027690174608090645,528
12,SN-168,795485666.4511617,65.41333864671634,-0.018023973694569317,4028,826742712.3302448,62.96060174925299,-0.025093016738740204,544681268.3890818,81.6720112624772,0.028904438309486746,528
12,MA-24,803511158.1631699,80.46050678830086,-0.03866886211439158,4028,832220580.1683809,78.36724906863058,-0.0387222320018219,578218169.8909283,94.33626818763025,-0.09436087641532409,528
12,MA-168,822259924.8747633,84.55134026505638,-0.08770603092462115,4028,852683513.4624768,82.14555749282775,-0.09043116761754733,581655398.7299365,100.49876394460233,-0.10741044600500205,528
13,Mean,855655711.0927081,115.82347601563757,-0.054423825066252984,4029,914070035.2780911,115.12222890298752,-0.058894954013235745,216065940.14101306,120.47322249553866,-0.0665732514640538,528
13,SN-24,1060430505.5887508,96.92106298563424,-0.6195021500552509,4029,1133422944.8351471,96.98160860483807,-0.6280882221132158,250420678.043187,96.51960424920894,-0.432710483536088,528
13,SN-168,1017799822.7937514,88.02800148241707,-0.49190732213802946,4029,1080399326.1713426,86.83051408530437,-0.4793214124098304,406203711.44414335,95.96815939395411,-2.769691748071102,528
13,MA-24,849034810.3344877,105.93101010832642,-0.03816909625873821,4029,906920598.3859957,105.27032227423815,-0.04239535145110884,216530290.47449806,110.31182091730945,-0.0711625526162174,528
13,MA-168,853384043.310647,113.95441635539949,-0.04883250842617737,4029,911610343.959793,113.8397636166078,-0.053203813733017524,216414332.70340827,114.71464218591028,-0.07001558733007562,528
14,Mean,505888948.5258181,121.69873197872316,-0.12292146046221575,4030,523815561.77051616,119.61732287866278,-0.1258350757413449,365365779.4858125,135.50383551738113,-0.11210046240798932,528
14,SN-24,618685152.7213166,99.64093178817477,-0.6794937247830213,4030,643905118.7570457,99.68721828483477,-0.7012249256325451,414214476.23846763,99.33393309252467,-0.42935080314821783,528
14,SN-168,607888609.1680743,93.5733219491151,-0.6213882025230246,4030,615440278.0136744,92.42358927881438,-0.5541388369069948,555207770.0824614,101.1990109858445,-1.5680256377484425,528
14,MA-24,496216424.1834263,111.68808275516706,-0.0803917702175787,4030,512529527.5841686,109.60589394933807,-0.07784364059023763,370252011.3641996,125.49835775140426,-0.14204479109490542,528
14,MA-168,506840410.08176154,120.53624036842925,-0.12714935010826256,4030,524207476.93552274,118.55385459698033,-0.1275203899434898,371648299.71991795,133.68456417830458,-0.1506747544939604,528
15,Mean,385511727.6809719,115.36922864652135,-0.08050022902434817,4030,409021742.9466353,111.29460145317758,-0.08464090313515005,157245454.48210683,142.3945021902522,-0.09054619134223696,528
15,SN-24,467193510.7572081,100.04623076809176,-0.5868770469282361,4030,496813359.760589,100.29309631547588,-0.6002200953717631,169955719.01235119,98.40887632313127,-0.27397067579797096,528
15,SN-168,474060091.91462,92.50990514534107,-0.6338661206049288,4030,496693753.04726976,89.90860471096383,-0.5994496892495214,281076352.5605787,109.76322734456272,-2.484468024848944,528
15,MA-24,377025532.68666875,109.31994843968644,-0.03345411561686196,4030,399616186.8874279,106.92280971511359,-0.035331269837602486,160563824.79302588,125.21915263183449,-0.13705972000918876,528
15,MA-168,385243234.0253164,114.41832900840146,-0.0789957018651204,4030,408563642.972625,111.69437059327709,-0.08221269127924469,160096107.33685318,132.48518955719973,-0.13044492880159364,528
16,Mean,277647065.5802589,108.12887239209819,-0.16870629894274258,4030,280361227.72631276,106.50394798462075,-0.1856354775934561,258926034.44444606,118.90630662502615,-0.07730139943357983,528
16,SN-24,280726042.0325354,91.52460567638691,-0.19477083927282823,4030,279180574.9190553,90.37728029889638,-0.17567064466562243,290768624.4718041,99.1343281611821,-0.35856639534386847,528
16,SN-168,244611005.61326504,82.7350832979536,0.0928665215606711,4030,239927562.10098875,79.74877357127947,0.1316884812948812,273652896.9381691,102.54200879570507,-0.20333315845445554,528
16,MA-24,271269104.28642696,100.97803495116999,-0.11562920790663322,4030,273607437.8169792,100.5265863037269,-0.12920054288303184,255218223.65087506,103.97230230599155,-0.04666848354711006,528
16,MA-168,281079128.24727875,106.86787883273057,-0.19777820123854384,4030,283573979.3361312,105.2070165399122,-0.2129643453219665,263935594.9178338,117.88367381274931,-0.11939074562677643,528
17,Mean,587243256.7350037,83.09644247123516,-0.01637429615727415,4030,614518994.6556003,80.17302306475528,-0.030276227640394726,356995460.4501846,102.48624315588017,-0.15231251609720986,528
17,SN-24,625463521.7873956,79.8928077472293,-0.15297945351534104,4030,658801777.2787212,78.6265907766966,-0.18411144989320682,327459606.53703564,88.29108772981559,0.030471984271811192,528
17,SN-168,658929030.4405273,79.9423049018868,-0.2796608392157349,4030,672464638.8652546,76.626666490427,-0.23373521372063144,560945931.3804151,101.93352785062197,-1.845030302960526,528
17,MA-24,556487231.6599725,79.09656773248109,0.08730009673309269,4030,584065229.5879921,78.1133863512773,0.06930846944444113,317893037.9826262,85.61759272675319,0.08629305644106589,528
17,MA-168,596946617.2396858,81.51613206595763,-0.050240077986981824,4030,626333872.7703243,79.18188680194753,-0.07027370402801392,343382804.93308026,96.99819061626722,-0.06610990787253423,528
18,Mean,148464410.61231378,126.79543573745906,-0.20489164387470038,4030,154812204.19048458,123.4205447298702,-0.221311399831291,96296738.86003482,149.17965601885345,-0.10899815790627132,528
18,SN-24,157221418.81748617,101.2476447130933,-0.3512219694362324,4030,163864247.17828462,101.55605705405115,-0.3683097981786523,102819459.0433405,99.20207649711902,-0.26432374519121216,528
18,SN-168,152420598.19816798,98.70893596070104,-0.2699616280963313,4030,154690356.41204625,96.51973892865617,-0.21938964542948725,136413654.0514958,113.22895112399864,-1.225478228011966,528
18,MA-24,143254775.13550428,122.84263665289082,-0.12181563874312218,4030,149439593.24126646,121.13970826440521,-0.13801340097308779,92278028.42671609,134.1374381992481,-0.018366909953669408,528
18,MA-168,145380605.638602,124.63849039930639,-0.15535706110558856,4030,151590776.71303692,122.19375040821147,-0.17101262954338203,94358033.54893294,140.85341359781847,-0.06479359036499122,528
19,Mean,711644672.0767667,110.8000377896034,-0.03925332884918631,4030,706635531.0253165,110.46138567003425,-0.042551427466495984,744015041.6933547,113.04617362810924,-0.02183915208192677,528
19,SN-24,997889865.2614018,92.68500028981673,-1.0434322514437024,4030,1016071484.1701665,92.86279780944695,-1.155534964766423,867708845.7414385,91.50574477136028,-0.3898475216547703,528
19,SN-168,1004849477.5724955,82.48531237665733,-1.0720347845454392,4030,1019343650.9744779,81.71281180454787,-1.1694407327718848,902845109.2385504,87.60898094394408,-0.5046850531375144,528
19,MA-24,709120737.4919324,101.44609510766294,-0.0318947238766889,4030,704887476.6774344,101.66397745294051,-0.03739974083149833,736582600.3726872,100.00097394637109,-0.0015255168398318197,528
19,MA-168,712084755.3971925,108.76811640650071,-0.04053908138696305,4030,707064757.0588158,108.56907707014717,-0.04381834966895637,744524021.6577065,110.08825988360311,-0.023237708628528475,528
20,Mean,222853264.52181885,120.81118084024736,-0.14418472770957091,4028,233333189.86537632,120.55137066248602,-0.15924596028823168,134062181.53681701,122.53340739737737,-0.053627149850445255,528
20,SN-24,277488313.5605772,95.66659078678262,-0.7739751869052163,4028,290128156.930083,94.58362899141542,-0.7922653674741054,171583721.47308663,102.84531480910304,-0.7259434200904111,528
20,SN-168,277026313.386199,97.01486977916706,-0.768072995466248,4028,291312371.0868423,96.69236899742255,-0.8069261821249798,151401232.97701088,99.15265905209463,-0.34379559315515307,528
20,MA-24,209670532.09041154,95.81782174269094,-0.012821566889873681,4028,218636412.45166045,92.21956849015021,-0.017811936165662345,136037495.04717728,119.669879287942,-0.08490482659533649,528
20,MA-168,214885796.3807642,101.08862666020089,-0.06383326567484482,4028,224321050.33035898,97.86303304912968,-0.07142706848375391,136769960.2060137,122.47040249116512,-0.09661916037989915,528
21,Mean,2795684032.444207,92.24743523340864,-0.019695487318079463,4029,2994352850.582221,94.38440181531001,-0.022195266388879586,414634307.3872026,78.04694762464464,-0.008651862676247069,527
21,SN-24,3703749540.2323933,71.66234372292455,-0.7896889081791361,4029,3965326257.497149,71.27909343800476,-0.7926097974510782,622273044.6551986,74.2091036807787,-1.2718141793250344,527
21,SN-168,3777386236.8372846,74.3883515071906,-0.8615603173036002,4029,4039967757.114445,72.14004576934462,-0.8607315099970887,792573489.3514562,89.32870576513486,-2.6854448051300572,527
21,MA-24,2793526820.5980773,79.83177937264662,-0.0181224551078476,4029,2992036153.3067207,80.68647048759988,-0.02061415620314344,414611224.3834735,74.15221906037665,-0.00853956098673625,527
21,MA-168,2795650993.73928,81.16446616510851,-0.019671386440538674,4029,2994317391.663309,81.01566972055014,-0.022171057001235228,414632881.49562997,82.1532425386254,-0.008644925354891253,527
22,Mean,3026566648.7972984,59.993884655844454,-0.003867039302474229,4030,3065455621.623342,57.94147342352345,-0.016805085828704547,2754771433.625815,73.606657639913,-0.22475503253674023,528
22,SN-24,3181812933.421577,48.75441650229421,-0.10949409839414814,4030,3210614671.313071,47.91030669440917,-0.11538298504945943,2983754339.963665,54.35303875080445,-0.43682613344052834,528
22,SN-168,3137048973.080724,48.269682270227264,-0.07849542720552116,4030,3061841260.048645,45.62864101819801,-0.01440874734018771,3596277517.22972,65.78658845319406,-1.0872981441107563,528
22,MA-24,2827215264.3371434,52.39758967874515,0.12402146417630822,4030,2887999005.4950924,52.208119723409666,0.09751140572045447,2385171209.361699,53.6542635112923,0.08184245371956511,528
22,MA-168,3084167861.9777994,58.11179528080396,-0.0424415794029247,4030,3164876219.600155,57.79278572002775,-0.08382983431693702,2483334704.957461,60.22765036004313,0.004712369037585429,528
23,Mean,7309048923.241041,59.31223733182942,-0.003058664384847587,4030,7544476437.580062,59.3051060622072,-0.012634273142678287,5498049890.945662,59.35953601784646,-0.2629550748976923,528
23,SN-24,4950694718.757499,36.53795320204245,0.5398103049560087,4030,5014826628.726768,36.037580379444854,0.552589413743953,4502271261.919067,39.85671385495301,0.15309662246670352,528
23,SN-168,5205820987.419383,37.66485763812715,0.4911578770496666,4030,4936006821.642117,35.730800439818346,0.5665431090086004,6726812832.796659,50.49263852539497,-0.8905546566998028,528
23,MA-24,6074942133.156771,49.52307176502032,0.30707076176678727,4030,6299344897.190562,49.373345822934176,0.2940317274230685,4299700567.009914,50.51614041878104,0.2275916254104492,528
23,MA-168,6743660183.173999,53.316736049023085,0.14612174941354483,4030,6999801928.678359,53.11202575504505,0.12830227736439825,4704090367.873467,54.67449258218805,0.07546818268187472,528
24,Mean,398794585.1562341,56.82883524967372,-0.0018243728519067304,4030,411896244.308641,52.91289459985046,-0.00021211282322264324,297640579.65028083,82.80160827179702,-0.481434116960171,528
24,SN-24,511056779.85887766,65.19640013579951,-0.645248092292579,4030,522589900.30400604,62.86248581359061,-0.6100466883334155,426744605.2213671,80.67626368954095,-2.0453284375791125,528
24,SN-168,526926933.05043787,66.53144772108315,-0.7490164027151889,4030,524474421.83159256,62.84992201506332,-0.621679666422249,542913047.9590466,90.94944586972225,-3.928997721185011,528
24,MA-24,392858320.1488109,52.311132401741375,0.02777899883650603,4030,410731776.7801518,50.40525896654029,0.00543527127885024,243052299.23989207,64.95198234506378,0.0121351644314599,528
24,MA-168,405979992.2611773,53.87256116627541,-0.0382509794401118,4030,424206813.11338794,51.6978650023083,-0.06089334304593863,253885469.98497477,68.29639822349665,-0.07788828569367401,528
25,Mean,385132454.31640875,62.96346799183169,-0.1420289670255117,4030,397181875.1035803,62.33420647914767,-0.16157368873356326,292925700.71163505,67.13709264603526,-0.035375646517378456,528
25,SN-24,428108579.758941,62.31420444099408,-0.41112260354227215,4030,441634604.1761278,60.778238832658616,-0.4361311845711897,324422908.58105606,72.50161269931004,-0.27000671663586373,528
25,SN-168,451020316.4155499,65.90450157025177,-0.5662067661268424,4030,457416560.328284,63.848062271257355,-0.5406063729345234,406054415.42396665,79.54399101168815,-0.9895344577515848,528
25,MA-24,368055871.4627666,61.439066211769,-0.043000185650114986,4030,378233379.5218727,60.28248299330991,-0.05338621049163317,291698974.34841484,69.11019202813962,-0.02672182705147219,528
25,MA-168,374865079.67128825,61.55438124531097,-0.08194916712800127,4030,383533316.9469825,60.04193779959871,-0.08311386509777452,311322061.230032,71.58577697804648,-0.16950689070536762,528
26,Mean,850076416.6723683,65.10524979678061,-0.1437856085378988,4030,329423011.2223633,56.46831940074046,-0.07566227091525879,2189923200.701761,122.39034496142564,-1.6149309992871639,528
26,SN-24,515287274.66231495,57.84948715545065,0.5797308352449054,4030,382564148.3650121,60.14064139066423,-0.45069664511775676,1027568081.5694406,42.65323311810614,0.42426361625798037,528
26,SN-168,846331606.7298312,64.19258720041837,-0.13373045304130038,4030,397223670.2770561,58.9200291903682,-0.5640056235589388,2102500424.1740637,99.16322763828903,-1.4103196891533063,528
26,MA-24,400178672.4790312,52.91996114254931,0.7465241603021049,4030,322313363.28229266,55.45280631361261,-0.029733150699852384,730254901.0020789,36.12067366326199,0.7092287757845759,528
26,MA-168,557186308.940925,57.32300587164622,0.5086063217218963,4030,330131100.4208492,56.416717832018406,-0.08029147653920066,1283246617.8074071,63.334029952662455,0.10211085585560442,528
27,Mean,942596808.5701184,49.6157434049663,-0.031836160720871254,4030,944734397.7221023,46.41862544027117,-0.06557599873580378,928294504.1216168,70.82087051171317,-0.10873700937145725,528
27,SN-24,1046884269.5478348,49.29181036460592,-0.2727882634852403,4030,1060505610.2488832,47.696272589263685,-0.3427368688412471,951617272.1387637,59.87433553363722,-0.16514940549770185,528
27,SN-168,999573119.3516881,47.54887108254452,-0.16034717882732097,4030,973016322.5523738,43.31721677148846,-0.13032992276486732,1160430204.4679735,75.61563888049592,-0.7325869330078971,528
27,MA-24,898356564.142773,45.37777664621477,0.06274815371979969,4030,907855395.8720131,44.29377369049165,0.0159926745265061,832616390.8256897,52.567508371484436,0.1080368796584712,528
27,MA-168,933602719.1548307,47.6286186871187,-0.012238915058000233,4030,943492042.4915563,46.189461708888416,-0.06277531002610481,865154452.4525287,57.173936372274916,0.03696010137410077,528
28,Mean,389269873.03810525,57.16510792260835,-0.021559954641702683,4030,405715117.57822496,54.712945143763,-0.035706390997854554,254594930.49456552,73.42926332320768,-0.07683875948791852,528
28,SN-24,493505119.02255064,63.62408792172336,-0.6418958192156845,4030,516725691.43011737,61.822694972180855,-0.6800197423745187,296579546.14374506,75.57196312872689,-0.461280430059299,528
28,SN-168,491931465.60484874,62.67539535565329,-0.6314413967967623,4030,504635677.0027859,59.54663093775371,-0.6023234094753123,397522553.47892034,83.4271623849798,-1.62527451407209,528
28,MA-24,385807983.45679,55.97699244782691,-0.0034706940781019657,4030,402507175.1856982,54.19297535242789,-0.019392721445022243,248062641.316377,67.80962098587119,-0.02228950659263651,528
28,MA-168,392816414.1458655,57.01895290148214,-0.040259107962600016,4030,409592106.73141587,55.05923501150567,-0.05559526294828765,254997856.94347984,70.01693027022749,-0.08024990483204242,528
29,Mean,769584449.0407168,68.30442525704446,-0.06532582590959701,4028,820956046.773981,66.31993372754633,-0.08165877279553513,225013785.46697024,81.45919865333879,-0.03505528021069049,528
29,SN-24,741759768.0646136,65.32643809719725,0.01031625555960236,4028,788827414.9591733,63.77601438123194,0.0013473556266649922,269559153.66194606,75.60386803257335,-0.4854343465177946,528
29,SN-168,1042516408.9482278,69.88478281318241,-0.9549501494086152,4028,885589730.4803455,65.31414484130771,-0.2586808025391718,1758556617.5393562,100.1825723994731,-62.220511260980956,528
29,MA-24,541630821.3484492,63.72347181077327,0.47231271666107444,4028,574463955.0215995,62.46976091487107,0.47036578567255327,224616897.6610241,72.03405540103405,-0.03140716127121723,528
29,MA-168,734903430.0072156,68.48117588697662,0.028527665177494832,4028,779188246.0559468,66.86280033392349,0.025604543466772767,309215776.79439574,79.20904413638179,-0.9546481013563244,528
30,Mean,574451883.3076898,173.30514411154147,-1.4272203724349013,4028,567967335.4681404,176.5758987499104,-1.9461680114427273,615712193.0129158,151.62400541023226,-0.3126413417574545,528
30,SN-24,484083331.0953697,58.2674399135375,-0.7236224825685944,4028,430374922.4712672,56.18282835693434,-0.6916273787909741,748267068.6167365,72.08588773192965,-0.9386697537140758,528
30,SN-168,483570739.54374623,58.764726639329126,-0.7199741580207963,4028,455735200.20680803,54.894882974811054,-0.8968628835864487,638088965.2799494,84.41709941549055,-0.4097854976342008,528
30,MA-24,366532780.0480659,48.84168524724855,0.011839396507623223,4028,334040681.41143525,47.09377765585162,-0.01908289570165067,534076823.6407339,60.428193902341754,0.012361447357022048,528
30,MA-168,373880028.1418682,50.56935620639449,-0.028173548867216125,4028,341270569.06357753,48.159339402749694,-0.06367380455656124,542562510.1963317,66.54484638207026,-0.019272092871289725,528
31,Mean,1323618247.5322707,59.701965420115464,-0.005854163964671866,4024,1348979577.236231,59.62800331342722,-0.011610467962188453,1141567039.5570962,60.19168421742997,-0.027668092120635368,528
31,SN-24,1306557431.7271323,49.49275590304189,0.019908696327286424,4024,1325920518.094227,49.04552538203388,0.0226782868893588,1170294814.5489984,52.453964049716106,-0.08004186979190564,528
31,SN-168,1365137430.9563863,59.273311791104724,-0.06994702680408649,4024,1334403455.6316845,58.337878344246285,0.010132920123780531,1553366163.031198,65.46701506803106,-0.90282001945078,528
31,MA-24,1255857930.447816,52.93183074317638,0.09449562826633617,4024,1279791817.8673937,52.88995299707884,0.0894973299739259,1084136206.4617078,53.20911218324645,0.07313234281163128,528
31,MA-168,1349091963.9016058,63.442558315147664,-0.04494308730948293,4024,1377440912.436649,64.31821942823271,-0.054747540854256815,1143794957.5400374,57.64462033911487,-0.03168326483013151,528
32,Mean,1051172971.829319,40.83861799464766,-0.0016903057751349593,4030,1054872656.7177027,38.76285474343988,-0.0003868174041727901,1026297004.6611427,54.606275013075035,-0.2613472844265512,528
32,SN-24,1128897262.736457,37.7913803399194,-0.15529778190015575,4030,1148385291.6648378,37.06354054028842,-0.1856134920198329,989978276.0866296,42.61883295035063,-0.1736534588773717,528
32,SN-168,1127523419.75543,39.37089924811089,-0.1524875492797828,4030,1085906368.179721,36.248391904258376,-0.060114195249101554,1371961445.2183635,60.08116575979932,-1.254095789769821,528
32,MA-24,1007144708.1056458,37.35236930269015,0.08046376033449221,4030,1029357551.2099911,36.84958873108745,0.04742232401394242,845166205.8622876,40.68709953328234,0.1445929986980543,528
32,MA-168,1049040332.6918131,38.98217252830884,0.0023700667446311385,4030,1068656610.3986489,37.704635270047326,-0.02670160966440771,908272862.342036,47.45553517685387,0.0120812444031968,528
33,Mean,1617355021.6786857,54.34418424771954,-0.015023045969013271,4030,1634878344.897639,50.32660204602529,-0.035048475191288286,1495943580.1925192,80.99110256274457,-0.12214333017930756,528
33,SN-24,1807105982.1966352,49.19554426101341,-0.26716283688714815,4030,1835231609.4237897,47.06193473346904,-0.30428220425473973,1608157603.5871665,63.34687108953692,-0.296806326970533,528
33,SN-168,1684430191.171715,48.079021901844946,-0.10095917306390656,4030,1639690638.320567,43.0384045873905,-0.04115081027054601,1955428242.1216292,81.51129810491217,-0.9173512040618335,528
33,MA-24,1524026879.826313,48.20328473600649,0.09873929934378667,4030,1560947142.571769,46.57199613535011,0.05644721390172103,1251886766.2129557,59.022929962329584,0.21413490284427672,528
33,MA-168,1618873261.116052,51.83423764427231,-0.01692958015837731,4030,1658209623.4070005,49.641633539742024,-0.06480153788429743,1328817185.8808296,66.37685047394103,0.11458193943855077,528
34,Mean,1711556486.002518,97.297305911396,-0.09591458490560933,4030,1762805650.2689784,94.00630939133798,-0.11045234007757698,1322286427.7057025,119.12508964859907,-0.018302255723199767,528
34,SN-24,1516384578.219147,63.96915789344786,0.1397732341323742,4030,1558375687.5202649,62.71942746367143,0.13216855147512885,1201279786.5149877,72.25808964548766,0.15954596964511636,528
34,SN-168,1232925080.914812,55.59929173871269,0.4313204537169686,4030,1238918209.8147192,51.51871553265573,0.4515003831543085,1192413006.2065494,82.66402255994639,0.17190715121183642,528
34,MA-24,1674636986.2185962,84.61449382104098,-0.04914518366857745,4030,1715596663.2924044,82.1209472635017,-0.05177160459666785,1372366749.0935156,101.15313026896244,-0.09689738064532372,528
34,MA-168,1747281322.2520554,91.5866271422138,-0.14214147506111563,4030,1793957076.2895901,89.62935597363769,-0.15004583896991042,1398818699.7102015,104.56837644591361,-0.1395896183123171,528
35,Mean,187433947.74567667,114.71516870947893,-0.30046772652537457,4030,189983431.5299776,114.03917175537413,-0.29409599016031307,169556748.9528366,119.19876971946957,-0.35679363241333517,528
35,SN-24,185100744.42104998,85.80524878270282,-0.2682924429589082,4030,188683087.0083951,85.15318661100491,-0.27644169533094676,159314539.4127264,90.1301005351387,-0.19782799668287065,528
35,SN-168,175306832.63046452,82.71143362008952,-0.13762927755998655,4030,178219385.67119408,81.44275139946542,-0.1387933453308352,154606474.6275578,91.1260645606683,-0.12807763662696403,528
35,MA-24,174865989.0296191,106.75961174501253,-0.1319148852747265,4030,176720359.71848255,105.7109240838665,-0.11971683986437709,162030442.46751857,113.7151121035985,-0.23901587498491916,528
35,MA-168,179358906.8273154,108.70766166458256,-0.1908278160176191,4030,181700670.2548289,107.82463599660362,-0.18371757207262918,162977506.9944573,114.56439630333696,-0.2535422478877747,528
36,Mean,762583059.2871484,72.82034607842928,-0.0676434709889584,4030,773961373.9891883,69.3060774023268,-0.09391652426439934,682329614.3796006,96.12899930515437,-0.0032850342683237166,528
36,SN-24,870252691.3913093,65.9725047932471,-0.39040939050533474,4030,877969182.487109,63.95244045239604,-0.4076806890528999,817230310.9516131,79.37073456911907,-0.4392121762339116,528
36,SN-168,780116699.3556148,59.42382020365214,-0.11730332525742537,4030,786912080.014989,55.6978166669815,-0.13083185371179207,733453954.385729,84.13682093361533,-0.15926200246263078,528
36,MA-24,731406758.4639922,66.71299174056472,0.017867957797220946,4030,738939541.5606295,64.84294575890898,0.0028432753288869517,679334060.2206239,79.11621338404647,0.005504845205012376,528
36,MA-168,771153826.4021188,71.64897029586743,-0.0917770925881729,4030,781588661.0093207,69.17566397787395,-0.11558356916176526,698006575.0096234,88.05336182164986,-0.049916883090035835,528
37,Mean,4836.570933374417,51.04242853401574,-1.109653882037989,4030,4493.012287490697,45.977317719118524,-1.030454364669961,6682.180885603819,84.63715973433776,-2.20770275672189,528
37,SN-24,4171.12234810675,40.04201867328974,-0.5690686442965778,4030,4067.9145037391418,38.05795332353274,-0.6644151251867523,4799.808457729273,53.20148241353404,-0.65502849382273,528
37,SN-168,4531.608893171688,43.82824421617384,-0.85199976342532,4030,4410.752537459507,40.03844323746283,-0.9567863295806409,5263.418768884429,68.9643863136094,-0.9901852878990809,528
37,MA-24,3073.4917546723836,29.595124811305258,0.14807729935804648,4030,3022.3992004518436,28.414109280736966,0.08119855031522683,3392.9482836069346,37.428299788672994,0.17298737020978172,528
37,MA-168,3263.513763972746,31.944183921963738,0.03947873666180168,4030,3152.3494547445407,29.35523914212284,0.0004909493150186961,3921.8585677234064,49.11555630643876,-0.1049471792645218,528
38,Mean,563456488.7953279,121.7712408581238,-0.0734026905708236,4026,597685159.1338347,117.99819509831133,-0.08456911238331188,232759527.17094684,146.76766901688148,-0.005888600364569285,528
38,SN-24,584878558.7780255,92.44405718137398,-0.15657369836384905,4026,620960522.3281214,90.08185892027493,-0.17068558011500023,232024840.86923972,108.09362066115513,0.0004513872483602466,528
38,SN-168,557614595.0474055,93.17366911800416,-0.051260085461690696,4026,587170199.8109521,86.83173635678634,-0.04674356498838961,294581806.3931977,135.1889736610722,-0.6111901408554552,528
38,MA-24,552148658.7833126,107.48144033077827,-0.03075144771250038,4026,585329480.1445559,103.87037211516015,-0.04019097984553266,234146003.5627254,131.40476725924833,-0.01790782497584642,528
38,MA-168,563613576.8747648,107.73015226062712,-0.07400128966550712,4026,597955359.8663936,103.88844588896946,-0.0855499552412573,231055634.38955912,133.18145697285905,0.008784509113592187,528
39,Mean,2054358201.3498666,145.5614510725503,-0.18171603560616778,4030,2131234357.4482336,146.4073567419143,-0.1777697139612049,1444371379.68644,139.95091763673088,-0.2608746117960883,528
39,SN-24,2253422352.319986,100.55152488831267,-0.4218244699165903,4030,2340521736.833239,99.45471644417,-0.42044140266061425,1556927015.7041578,107.82618998563764,-0.46504397489613947,528
39,SN-168,2201573227.1889644,89.90853169244333,-0.3571475248002609,4030,2284116056.3347025,88.9060230179071,-0.35280219183410555,1546330278.7779558,96.55774642393156,-0.4451691143894252,528
39,MA-24,1835108466.541488,95.84234648292697,0.05705955020243836,4030,1897773069.1384332,93.81085490858113,0.0661297863158774,1347640169.7696922,109.31636825065247,-0.0976453629696652,528
39,MA-168,2063244965.1984298,137.60361572764768,-0.19196190740208685,4030,2136409449.0270844,136.36221669905768,-0.18349641048098486,1489636789.6544979,145.83728883015175,-0.34114251688071584,528
40,Mean,345060271.8983685,93.9006826069459,-0.1460214772267585,4030,356180392.68450594,93.00614870835511,-0.1576774021470273,259512149.0200865,99.83374645706888,-0.07431866819671229,528
40,SN-24,341147999.54414785,86.53706199846101,-0.12018175351566684,4030,350902772.4148598,86.60042444609974,-0.12362433964392139,267594427.82078075,86.1168057643117,-0.14227814031672947,528
40,SN-168,327790254.5416156,88.23102827693148,-0.034177086798103495,4030,339294253.59466714,89.11143634179822,-0.05051086351393064,237796423.5086451,82.39165508912207,0.0979546517904929,528
40,MA-24,307967061.6001384,85.87053372671478,0.08712487116103529,4030,315605947.172759,85.30387909388088,0.09105439130592607,251495687.23251352,89.62891350736695,-0.008971312101205386,528
40,MA-168,342236617.9995382,94.1866454868215,-0.12734225976145108,4030,352385040.95416003,93.24996360372491,-0.13313712115717102,265274934.69803268,100.39925903720848,-0.1225615608043844,528
41,Mean,651490874.1157349,124.40901548993217,-0.2340435756476873,4030,678113320.5971586,125.20107266848954,-0.24638492338655915,435505425.51614493,119.15563624881867,-0.16955116731153308,528
41,SN-24,644437490.9530042,95.51000404760748,-0.20746741167262694,4030,666242113.3158126,94.20873695057175,-0.20312790003316028,475129597.20128965,104.14075664953766,-0.39205455771435616,528
41,SN-168,588202666.4286069,79.30650156070972,-0.005930091848768804,4030,604305312.8896661,77.64823565386305,0.010170345468453301,467568297.35879236,90.3050758140754,-0.3481002864053353,528
41,MA-24,540895934.26289,87.62578789300802,0.14936890143675674,4030,559148826.0990323,86.49693710356513,0.1525726609142939,399240449.0526776,95.11297627298731,0.017118506439659398,528
41,MA-168,654967407.8870178,122.71666564732442,-0.2472491051878125,4030,679471470.8923538,121.46120317862214,-0.25138253419649814,460545930.63621575,131.04361558178522,-0.30791037738470783,528
42,Mean,231577102.44732302,115.18416179024209,-0.12251675930318084,4030,237909023.96591732,111.98234689102546,-0.12270035855431827,184149312.77129444,136.4204416710312,-0.1291730407624283,528
42,SN-24,208074708.40106246,86.42536090676623,0.09376633400931389,4030,213634742.13650548,86.32169289931247,0.09471402455116851,166563979.8807397,87.11294681984032,0.07619039261131522,528
42,SN-168,189711297.56131303,83.77266951712322,0.24666526671729627,4030,193177828.990859,82.3257066790233,0.25978719663936145,164884739.28409183,93.36976015921789,0.09472355648871289,528
42,MA-24,228874191.0790955,104.74751596041874,-0.09646619683403723,4030,234798632.46420795,103.0950034328375,-0.09353618164067523,184834232.18405625,115.70793048994439,-0.13758828587834193,528
42,MA-168,232877858.89568117,108.55143026702785,-0.13516241043970756,4030,239134127.10367838,106.2791295163193,-0.13429273158985588,186134032.93829322,123.62263714009858,-0.15364415574393653,528
43,Mean,362366270.8827734,105.51505948970575,-0.08704907495581105,4030,364121293.48657185,100.8537408967426,-0.09319402062492821,350503589.5323813,136.43160818773018,-0.05144273716872161,528
43,SN-24,414629618.77772003,87.50782469482658,-0.42322728865880155,4030,411721881.22429043,87.20766858657176,-0.3976968644245389,433421921.3856421,89.49863282192597,-0.6077644873787686,528
43,SN-168,388744992.4858406,87.94067305182902,-0.2510746754634645,4030,391305874.6342369,85.35999848125849,-0.2625187302640637,371312959.9206934,105.05719264678739,-0.1799969936834791,528
43,MA-24,357510857.5342961,100.1464254853265,-0.0581130945955326,4030,358487969.9160175,99.00455544713725,-0.059630051274474516,350961234.57841486,107.71996501892266,-0.05419022228664683,528
43,MA-168,361022537.98856103,101.68845691661213,-0.07900199434386135,4030,362316604.53447205,100.11755577539098,-0.08238451214086107,352319254.5481031,112.10757774342358,-0.06236423692116011,528
45,Mean,427643640.04779303,132.45032374193588,-0.18984102488496624,4030,439668493.6089718,130.33729338925065,-0.18792989269033322,337203130.5392881,146.4651576341776,-0.22268426951536102,528
45,SN-24,401311694.3659055,103.76322832931977,-0.04782446607546276,4030,416327598.3772158,102.66610607463417,-0.06514938885315114,282168406.1718632,111.0399747988442,0.14385386752166107,528
45,SN-168,378734347.0297616,98.85093327938915,0.06675797109947745,4030,387451444.818254,97.11055066954165,0.0774823383708042,314867092.8233654,110.39415278637009,-0.06606989079135794,528
45,MA-24,411424951.76345617,119.76976592025565,-0.1013013147855566,4030,422098419.02766496,117.84294149709649,-0.09488264305228844,332059062.27160066,132.54957487840616,-0.18566446299762296,528
45,MA-168,425834262.3915289,131.1876555121389,-0.17979379340672863,4030,437555240.45104265,129.4212218322032,-0.17653783908028586,337956626.9532644,142.90366071504542,-0.22815466679292062,528
46,Mean,307176852.4094543,133.64257431905372,-0.18146699031212687,4030,316910056.4823376,132.01557222742454,-0.17768704530395607,232527269.36803377,144.43378894951852,-0.2406117754413193,528
46,SN-24,292758238.28166384,108.26855840287412,-0.07315603046890207,4030,303648074.5609528,107.66589391253692,-0.08118228016995843,206471187.44443396,112.26577629143651,0.021846469543980618,528
46,SN-168,292517799.5934429,107.01808782346835,-0.07139401501168363,4030,299009457.7470341,106.40375027863908,-0.04840167680989649,245148159.89778334,111.09272813027162,-0.378940068596785,528
46,MA-24,302974792.4737967,126.72558699510688,-0.14936406197614138,4030,311958273.30951005,125.09204720048,-0.14117138151727238,234848437.23853552,137.56016343598455,-0.2655038332566442,528
46,MA-168,310260413.8719255,132.47479524317097,-0.2053061019800868,4030,319753000.6327237,130.83276895259672,-0.19891146546866256,237898487.41454116,143.3656590113358,-0.2985882750900877,528
47,Mean,23736.023018841246,50.36730081554461,-0.11732615220682785,4026,24264.596054089696,44.82362118629683,-0.0647288825878749,19882.414231541865,87.09417835931119,-10.682022389456517,528
47,SN-24,27887.509458130186,29.214263472548545,-0.5423520541761724,4026,29835.047935903633,29.141965752903005,-0.6097053355586977,5740.314533182452,29.69323586520023,0.026241687111972056,528
47,SN-168,29348.65975066558,36.04938819465036,-0.7082074111242458,4026,31291.833489263532,33.90555884566779,-0.7707405178179147,8982.586580653593,50.25225763165988,-1.3844192689639785,528
47,MA-24,18957.18013291599,22.057715112928207,0.2872921723495917,4026,20276.49518629373,22.329214251003958,0.2565039228535545,4056.380329066243,20.259033323176332,0.5137527760570879,528
47,MA-168,20787.962445042936,25.618141718700716,0.1429860283044112,4026,22178.242416309946,24.715091567108452,0.11049753492725622,6032.797814314099,31.600848972999472,-0.07551714955693134,528
48,Mean,22538197985.912735,45.498065365156954,-0.04987227806232464,4030,21981019736.869278,41.844868773999366,-0.013237860862823414,25932457215.185287,69.72816851332712,-1.8179478037693362,528
48,SN-24,17354202791.16881,30.46292034824939,0.37754576630032444,4030,17893565907.9834,29.892029388763508,0.32855641096886434,13231559218.630825,34.2493978863546,0.26638592657319393,528
48,SN-168,20345509276.31404,36.81512911773754,0.14447004608607472,4030,19582776158.701824,33.24437410122359,0.1957996525570177,24817984595.393852,60.49843227651001,-1.580944262590649,528
48,MA-24,19148770588.17865,38.01535352129674,0.24215588702720148,4030,19967427636.3524,37.8481177519793,0.16389662729658716,12421034199.405888,39.12455743067107,0.35351103015138696,528
48,MA-168,20606172324.504635,40.648674545731154,0.12240782163558273,4030,21267112146.663322,39.841180375291216,0.051509949941548006,15525882275.0439,46.00444080497489,-0.010085605273940423,528
49,Mean,43306610806.61262,52.466088549051946,-0.028937893455293073,4030,44264487290.157524,47.46252545546653,-0.00691589228546019,36319510733.19248,85.65259982506731,-2.749338877282858,528
49,SN-24,50011235402.59992,46.761894083026746,-0.3721953184326692,4030,52727673155.686775,46.053860204181056,-0.42876081945075595,25496644665.38289,51.45798242340097,-0.847739653737368,528
49,SN-168,56442065140.22548,53.39042962540952,-0.7477791689912079,4030,58857530577.85422,51.733011888157556,-0.7802721292097725,36585787594.140686,64.38337832968296,-2.8045170400879362,528
49,MA-24,36064413106.6713,37.150299598252914,0.2864268408362024,4030,38137877165.756355,36.75722953551958,0.2525272745505085,16738630857.812849,39.757366567366816,0.203630571081734,528
49,MA-168,41481176638.938965,43.82054312569676,0.05597629146537053,4030,43800291398.68187,42.671757310631506,0.014092163370935773,20221614396.073044,51.43995207334551,-0.16226822664464868,528
50,Mean,9076748233.718119,56.736782095540974,-0.0025738370549186484,4030,9366638479.135038,56.448746190092436,-0.0002239144715814323,6850248767.812703,58.64720205933035,-0.7242875961796928,528
50,SN-24,7410109879.204407,38.05505772945026,0.33180213422301796,4030,7700874078.36167,37.43951095926445,0.32390182829173575,5076215170.107741,42.137718315038775,0.053158983795161374,528
50,SN-168,6572817699.444188,36.601250917449455,0.47427459704565533,4030,6595750364.766877,34.24108138435331,0.5040268824382133,6418641487.226206,52.25525414643188,-0.5138514296796588,528
50,MA-24,7876952683.891312,47.24768888710493,0.24495599811304536,4030,8254894701.724007,47.68464684633952,0.2231220535657088,4648463495.244575,44.34953211960582,0.20600847451098403,528
50,MA-168,8927140908.27039,52.964090165802745,0.03020359891082469,4030,9351613960.98294,53.00306411958625,0.0029823221491581675,5313450680.999927,52.70559246476143,-0.03740974981353817,528
51,Mean,10402427.055070415,118.56376508744266,-0.012448775077166907,4030,11156233.754907034,114.82890516282029,-0.016593101576593217,651216.112787362,143.33550648143435,-177.73162508491612,528
51,SN-24,13989939.926440595,48.74293019168524,-0.8311984006491393,4030,15007549.172626322,51.34878308321622,-0.8396342963927956,60200.12241213028,31.459413475508196,-0.5273757028513408,528
51,SN-168,14385627.015348444,53.0599204714462,-0.9362493854987823,4030,15432009.96261302,54.70966679756318,-0.9451671991040449,74013.37159926358,42.11785298269301,-1.3087212796852352,528
51,MA-24,10331450.949992761,47.55279210172646,0.0013200347991225714,4030,11082947.970556773,51.28315739917674,-0.0032808814152678334,42256.5601975853,22.810861662955904,0.24744297932941606,528
51,MA-168,10386162.906537997,53.9029896748766,-0.009285331694057763,4030,11141632.620313892,57.76674314917889,-0.01393383509023538,53265.81029193134,28.276352047970143,-0.1957715184279114,528
52,Mean,4616205128.373283,71.50949368432771,-0.19823357383893914,4030,4739821423.034897,71.05838450788339,-0.23136378511109967,3693019854.3444157,74.50150947203238,-0.037706719279663625,528
52,SN-24,4076796594.9649653,53.93423242984575,0.06543529998125686,4030,4130992357.560505,53.012019759286,0.06465635339639197,3697285378.468851,60.05087783192955,-0.04010525462264547,528
52,SN-168,3381366581.8118,45.59670428131663,0.35708168438877386,4030,3270816732.7831974,42.96680634431604,0.41362581916105867,4038715388.159661,63.03970158316524,-0.24107447064986176,528
52,MA-24,3782263993.91119,59.1068491180836,0.1955946273196547,4030,3861074265.6392055,58.568470068709246,0.1828933823630039,3210955093.808763,62.67768894935066,0.215523736062897,528
52,MA-168,4384008053.913579,70.44786845309854,-0.08072195048052122,4030,4486893854.489749,69.65190764848165,-0.10345342966780424,3628504110.3431635,75.727138789781,-0.0017666804448108753,528
53,Mean,10755672551.864809,57.439637183815584,-0.00187041893527784,4030,10922308382.389997,55.08848312093772,-0.0025207353588641013,9577340473.915903,73.03384462358511,-1.282979184579987,528
53,SN-24,6738062649.924439,31.75774218127849,0.6068063465171991,4030,6993102998.01172,31.330680450798315,0.5890354652231216,4708948881.774023,34.59026146184962,0.4481004372253026,528
53,SN-168,8442764908.037606,39.34832816853146,0.382686460256182,4030,8162826643.791955,35.683597200373406,0.440054650470446,10105052011.753088,63.65493394597371,-1.541494677451401,528
53,MA-24,9376741172.203432,49.610191463270795,0.23855197171777187,4030,9843918600.05687,49.78584985916675,0.1856698340722316,5326005721.922856,48.44512384503663,0.2939826797373615,528
53,MA-168,10062244084.135391,52.359192046605784,0.123148385684406,4030,10498057745.231604,51.886348043031695,0.07384769920573142,6466670201.380535,55.49536572182638,-0.04081495379999445,528
54,Mean,323014117.76431364,110.2712549021899,-0.117297075459875,4030,328715487.41958606,107.10977139780454,-0.11725083137733017,282299694.7485577,131.24003375135197,-0.1203727436585551,528
54,SN-24,317211142.8570445,87.4422084021433,-0.0775130108168236,4030,324848140.6653445,86.59295214200607,-0.09111650308029118,260961111.58177584,93.07496488509895,0.04260026061649924,528
54,SN-168,289963006.28475493,86.2329891367953,0.09965109391397498,4030,298056124.864436,85.27066385382352,0.08144227204347321,229160911.79755744,92.61568447953613,0.2617171146425621,528
54,MA-24,321375938.0108528,99.90782407912202,-0.10599297424270437,4030,325879190.40186876,97.56739390233152,-0.09805377978294594,289741560.85736793,115.43090453200138,-0.18022091995366618,528
54,MA-168,326864211.58417106,102.40689096334113,-0.14409054911576935,4030,331664782.58413106,100.18451525727636,-0.13738912562095495,293040185.48618823,117.14696619561155,-0.2072468442239852,528
55,Mean,3537479129.065515,56.090353075815926,-0.019019148162876975,4030,3641724611.9433985,55.69845002667483,-0.03532570323448514,2747715743.22364,58.68967973886918,-0.08594343767521795,528
55,SN-24,3184759607.28452,38.900217019966824,0.17406116808519734,4030,3308649802.2091565,38.98029877940574,0.14539702847262803,2192484240.5609984,38.3690686836883,0.30858855873883073,528
55,SN-168,3213741761.6648617,39.27293403500057,0.15896024466913072,4030,2921698615.6923037,36.25479402216018,0.3336020949630808,4713011100.229713,59.29097631713505,-2.194923960372313,528
55,MA-24,3209391697.368108,51.15089774544236,0.16123553695471216,4030,3323638732.200161,51.11743844145008,0.13763640100785313,2312958592.561459,51.372819113966884,0.2305164906629691,528
55,MA-168,3485043494.224282,55.44059168713249,0.010966555846537718,4030,3596734135.754456,54.78274671209059,-0.009902545787743966,2626665390.4676228,59.80379832083844,0.007631193154935656,528
56,Mean,6510461355.39098,64.24262076512012,-0.011858600906285321,4030,6585727441.673278,60.918505636174835,-0.00046091367523537485,5987352051.701732,86.29006618475346,-1.2241580851457345,528
56,SN-24,5613909416.748024,45.058761607496834,0.24763757354043758,4030,5856157591.776877,44.2372902093831,0.2089241422859257,3617552399.955521,50.50723288816784,0.18805666147690403,528
56,SN-168,6073727898.968257,47.40039176616043,0.11934265753089279,4030,6063534852.274219,43.56644026574171,0.15190524644349512,6140905816.754043,72.82936554355885,-1.33970409531085,528
56,MA-24,5706585533.906381,51.65928039655219,0.22259208300616928,4030,5983205722.979729,51.61202582901324,0.1742273561284341,3334337635.5846324,51.972699895645746,0.3102126734209516,528
56,MA-168,6356736738.348795,58.38018487433273,0.03536115130155504,4030,6645601079.235897,57.62801367740488,-0.01873483357832395,3936588978.0400596,63.36901732062302,0.038528962916669185,528
57,Mean,9257032629.424814,54.89594522538061,-0.0037917599987780104,4030,9499490829.55243,52.90231143027263,-0.02232972281293466,7451836548.764947,68.11887240429746,-0.8007462143369857,528
57,SN-24,7375951267.897593,36.927606841226094,0.362711451542879,4030,7667034802.064103,36.29948628557976,0.33404451380030986,5036086066.937675,41.09366401144097,0.1775449777124165,528
57,SN-168,7851039051.820581,39.08595898997761,0.2779715466456073,4030,7530885444.8968315,35.87245951766371,0.35748626693826346,9710893619.636248,60.39973768702925,-2.0580477529218717,528
57,MA-24,8046485672.283074,46.657884794119994,0.24157520679719435,4030,8424410313.5785475,46.61208011037331,0.19597536769764645,4843527254.632405,46.96168782912167,0.23923702962268434,528
57,MA-168,8865439400.879372,51.21328977032042,0.07933725770863531,4030,9259721275.549477,50.85698422066719,0.028626703356496752,5585412094.911804,53.576513321240185,-0.011664037407402628,528
58,Mean,190704910.2043754,106.50117893731614,-0.11012079592255963,4030,192669937.4910162,104.11996255479055,-0.11117006634027038,177120762.88809106,122.29477698959765,-0.10346859028347621,528
58,SN-24,195260992.66184446,93.975533849148,-0.16379764364559524,4030,197784208.4592411,92.09372961605949,-0.1709432507716253,177620603.4317831,106.4567429860342,-0.10970542654005211,528
58,SN-168,181509658.613965,91.05255624208,-0.005647938761841997,4030,187307729.98589328,89.49367026395325,-0.050180673603755555,136976130.14152405,101.39198558942834,0.34005033595564826,528
58,MA-24,188905021.03505117,102.72041696002161,-0.08926485359130698,4030,190060447.12167028,100.37675647251238,-0.08127488027813867,181055029.36046532,118.26492269346357,-0.15303426580479607,528
58,MA-168,192084877.24534482,103.83394955275347,-0.12624489820219775,4030,193601821.10150054,101.84781318549751,-0.12194481754878028,181703361.78324088,117.00714947345483,-0.16130675551347107,528
59,Mean,5553612498.141802,58.67001460766772,-0.011569908023302489,4030,5744776578.731626,58.14583018215744,-0.031026176714735065,4064144251.6760135,62.146707520806,-0.3532516014815066,528
59,SN-24,4953822721.768818,44.308190184006804,0.19513011935803726,4030,5121604732.998515,43.74818445618582,0.1805253531729425,3650774281.6609964,48.02247059845588,-0.09196894137760592,528
59,SN-168,4761294821.889964,43.849472825128736,0.25647615282540925,4030,4663670713.613855,41.04823454787137,0.3205161123051332,5364008474.107152,62.428897914059256,-1.3573237499177595,528
59,MA-24,4843135929.6755495,49.21947076197811,0.2306958577986825,4030,5059616400.450547,49.6386345374003,0.2002420078441357,3039303351.3973703,46.439335266658986,0.24318728645067245,528
59,MA-168,5338669465.683264,53.765849524782475,0.06521696832910051,4030,5566949797.277585,53.927279673559994,0.03181574608518911,3462562598.2110105,52.69515183345885,0.017719351463087007,528
60,Mean,1207736796.1273499,53.171335248008035,-0.03578621088810219,4030,1227937459.292174,50.55836810420136,-0.06105273755116225,1064091451.064199,70.50203778136215,-0.05369176397400621,528
60,SN-24,1288870098.2717628,48.91679488950808,-0.17962461187723022,4030,1311570527.4596462,46.47428673534294,-0.21050830116148544,1126790915.0153816,65.11691526050488,-0.18152346411427644,528
60,SN-168,1219246355.3750966,48.01366254538457,-0.05562206854255081,4030,1185083013.4718025,43.717034887653554,0.011715417480387735,1425258207.779571,76.51137098738083,-0.890352424823426,528
60,MA-24,1162446317.6941297,50.35134555888094,0.04044175604783884,4030,1189128907.2078876,49.14072829362865,0.004955857482325743,967012446.0212526,58.380856284096005,0.12979854560065474,528
60,MA-168,1203995582.9982154,52.23849310790766,-0.02937902841487605,4030,1228850101.7431402,50.27700666419733,-0.06263054043096683,1023988291.6780396,65.2482005432742,0.024234049711644112,528
61,Mean,26400861331.32434,41.47290829874366,-2.0962650213007805e-05,4030,27837539810.802498,38.035758058003154,-0.001311523889282018,13422903012.954521,64.2700676606248,-0.4727078387113399,528
61,SN-24,36056914952.709236,37.45511828832317,-0.8653058097482065,4030,38400713731.93731,36.916640997806326,-0.905399754755241,11942603783.37553,41.02660971141029,-0.16579380227632612,528
61,SN-168,36704620064.12998,42.97568820619299,-0.9329222166358269,4030,35426855363.9968,39.612312583382156,-0.6217082296889003,44255328446.361046,65.28353182566939,-15.00865445552763,528
61,MA-24,25004081589.636063,33.74219179105449,0.10299528356529841,4030,26571557175.285946,33.919955775555046,0.08769191335233706,9434145212.408278,32.56315869688608,0.27250701913117936,528
61,MA-168,26040422886.817097,35.999061270841544,0.027098266269866667,4030,27605268987.260242,35.14219897407846,0.015328249057083743,11014404993.163511,41.68226536793305,0.008378860841894875,528
62,Mean,668949716.0445201,128.63250528502383,-0.1755355339167881,4030,690928875.7516621,127.0028777448585,-0.17820597168968955,499252181.1519469,139.4411334018024,-0.17097327052658717,528
62,SN-24,536669433.044478,84.4210138049742,0.24340662529872248,4030,548433121.9805783,84.53336340887024,0.2576616725102182,450944029.9684917,83.67584654579997,0.04467240380082138,528
62,SN-168,516245090.68283635,84.28679236984024,0.2998990235408433,4030,517473115.6618437,82.5067208464312,0.33910857591797405,508024990.73685944,96.09325160275401,-0.21248728519630888,528
62,MA-24,657047489.2251489,128.82911433397376,-0.1340764554049383,4030,678110597.812508,127.41043416030067,-0.13489477461160515,495162864.4028133,138.23861806163137,-0.1518692191346538,528
62,MA-168,666982375.0489894,129.7432606498211,-0.1686313422661847,4030,688660532.510651,128.2732537364438,-0.1704824893824508,499948408.0810386,139.4931928669565,-0.1742414849213798,528
63,Mean,349177898.8295676,140.05579272067263,-0.1617575345118918,4030,362313657.03040415,137.03144271008736,-0.16511309972751032,244820909.5568936,160.11502328330437,-0.1556009193198924,528
63,SN-24,296692156.19015944,93.89956231800114,0.1612469107366079,4030,306796087.37197304,94.30968468623676,0.1645926165348055,218136235.3767141,91.17939464080197,0.08258361572250617,528
63,SN-168,274375268.97700036,92.9689534868979,0.28268166815008977,4030,283665625.173548,91.30980337773586,0.28581274189349803,202227276.17937973,103.97339227910527,0.2115206402427512,528
63,MA-24,346158700.8088841,120.28868469270569,-0.14175391014181815,4030,358732519.7912878,118.58279593878407,-0.14219478288929976,247063087.2702432,131.6031210870873,-0.17686485202793212,528
63,MA-168,350226448.88827705,128.65267660620094,-0.16874531895857459,4030,363124252.8033925,127.59058222627593,-0.17033229153676066,248262981.1124853,135.69709804274913,-0.18832380333623666,528
64,Mean,530551274.4062604,114.28348759529057,-0.17504681982752435,4030,545084184.9639649,111.87980603803824,-0.18562390461940148,421667493.3214085,130.2260876208542,-0.10947632319642886,528
64,SN-24,531142037.74841213,89.92511051455952,-0.1776650816169998,4030,544713181.5617884,88.90399695705993,-0.18401049950215853,430432773.09321445,96.69772354176334,-0.15608151265762715,528
64,SN-168,451511664.0306911,77.68868464368474,0.14898268699376027,4030,460458120.47094893,74.25995311602863,0.15394215531398614,386973221.28491217,100.43000625325237,0.06558539137500796,528
64,MA-24,505170749.79971266,101.97703464494718,-0.06531205093741765,4030,515702376.9947591,99.82764636094575,-0.06125084759175614,428821227.8275959,116.23301527103251,-0.1474409531442098,528
64,MA-168,536487976.5228909,113.24436018119042,-0.20149075602076771,4030,549784940.62338,111.30489714368956,-0.2061615036476072,438198070.8839624,126.10799570643263,-0.19817075963774577,528
65,Mean,542660882.7888455,116.39831851059279,-0.13818215588456173,4030,552574543.0834473,113.84386201711636,-0.13412842958415427,471662703.6448283,133.34094472300652,-0.17674508117136045,528
65,SN-24,513521680.2979308,94.17735928372386,-0.01923025316005078,4030,525632397.8539776,92.86088616454823,-0.026230083716807462,424539990.2076411,102.90896697946836,0.04664086892587327,528
65,SN-168,478035870.9947404,93.31091645235297,0.11676613652653278,4030,494827085.71353555,91.47274248288362,0.0905320090876034,346657634.7751521,105.5027445604622,0.36434589137446083,528
65,MA-24,529765713.22910786,107.51013640755214,-0.08473195133401457,4030,538282150.3770323,104.6242807084479,-0.07621848729682879,469384757.4588427,126.65079295729281,-0.16540609287960795,528
65,MA-168,540822162.6008452,112.65421005032414,-0.13048212436844797,4030,550360072.0368842,110.32910351403949,-0.1250564876005409,472714960.4150119,128.07565529666653,-0.18200146117979998,528
66,Mean,729136062.533388,71.13899374146733,-0.07148070269978435,4030,757909164.6233522,69.30042177510252,-0.09147208169809562,497847380.8206215,83.33346159413689,-0.0012850117553659945,528
66,SN-24,830299155.7106446,68.9210128463024,-0.389429095893302,4030,858604497.2873486,67.1869963542798,-0.4007629051214445,610185577.0585035,80.42200859452801,-0.5041430384063263,528
66,SN-168,787877459.6116865,66.38571162874283,-0.25107846441501813,4030,806503395.6808887,63.466488528903085,-0.2359210096094515,650987233.0741444,85.74767999169511,-0.7120254044919934,528
66,MA-24,702820104.7924984,67.42443107273735,0.0044672552242162045,4030,729183675.9032134,65.96499967355365,-0.010304272620022203,493516194.9572694,77.10422039080808,0.0160612158700858,528
66,MA-168,732451426.7534117,70.89173156918739,-0.08124684975947893,4030,760814897.7523458,69.4312131399281,-0.09985727180364146,505536888.556495,80.57873069658523,-0.032454601651071835,528
67,Mean,3018128720.157517,65.15691847676365,-3.377239700830259e-05,4030,3097145645.6877556,63.7979486453823,-0.0031654458119956264,2429850376.321444,74.17038883566043,-0.39059952060107594,528
67,SN-24,3046530961.187476,52.28567985959883,-0.018944062651470084,4030,3140698574.331647,51.005861152719945,-0.03157740584956126,2327438347.4564147,60.774174388935734,-0.2758493098791328,528
67,SN-168,3219219426.2531743,53.36508456377427,-0.1377328830618183,4030,3175059084.9081216,51.15743166664394,-0.05427262457628279,3498033374.4875913,68.00750965042278,-1.881979646383635,528
67,MA-24,2827250073.0154614,57.30153722299478,0.12245863178142291,4030,2931671517.719509,56.95905005385856,0.10116510996409056,2001202378.9224446,59.57310931828843,0.056753868275998154,528
67,MA-168,3012361981.710979,60.878343054260576,0.003784105697519524,4030,3126556040.942244,60.68494775502741,-0.022307958153446883,2103497944.131014,62.16105202758375,-0.04214271181727258,528
68,Mean,6516080523.573082,53.065749610484225,-0.07574833133101011,4030,6307673959.476325,47.21651729238914,-0.028207458550495224,7757913785.997392,91.86122608391028,-1.8801247387723614,528
68,SN-24,5152262803.327061,37.26946236009595,0.32743570119975407,4030,5274419033.082625,35.21760725194461,0.2810618394159211,4254175058.872408,50.87854680847855,0.13393175766304843,528
68,SN-168,5749124049.660329,42.84917376952275,0.1625841913951851,4030,5426986959.972523,37.01776784577353,0.23886826071866074,7545282701.965718,81.52641533196555,-1.724409789930652,528
68,MA-24,5622943197.755842,42.47491403322741,0.19893973730982273,4030,5858781475.484579,40.78702412408347,0.11293207567378127,3695619224.001415,53.669971726072184,0.346424393226235,528
68,MA-168,5946565427.844853,45.44693751267238,0.10407800384391253,4030,6120780370.91461,42.36333428762579,0.031820531264070806,4627947389.289836,65.89916950909883,-0.024939489186249775,528
69,Mean,1184899119.9749494,89.11480594515554,-0.08255216776597019,4030,1230827842.4785213,86.88968581163074,-0.10637635855553951,817369764.2975295,103.87308380046589,-0.0017248002913465843,528
69,SN-24,1103219951.0043433,60.00141525986679,0.0615518240970232,4030,1136398643.6399524,58.25274510793693,0.05687408869465671,851024888.800372,71.59960251755302,-0.08591494962858937,528
69,SN-168,814902889.6138806,50.090140055116784,0.48796718387030624,4030,800135641.1600999,44.77407124110206,0.5324419966200781,906780843.0740968,85.34936919655534,-0.23286624494641117,528
69,MA-24,1131268828.4464664,74.0962258175977,0.013225947210470212,4030,1172357932.0488563,72.63386554103079,-0.003757297536919335,807446351.7111374,83.7954411367973,0.022450760413534998,528
69,MA-168,1209951531.4788957,84.81698345761939,-0.12881306501258027,4030,1257019574.864654,83.28024903802529,-0.15396422445553104,832969289.843198,95.00949091485141,-0.04032556031486845,528
70,Mean,781753050.2108033,116.82588317995047,-0.1416563310409813,4030,805851398.6399497,111.95754356738132,-0.14591041909750868,597816417.4739679,149.11551447392236,-0.11846571310602205,528
70,SN-24,642822855.9986783,90.18713311127196,0.2280683629856438,4030,662210136.8443168,89.4897015402327,0.22619347209896612,495388889.716021,94.81290084191475,0.2319676300216268,528
70,SN-168,568521847.9148177,87.6748271258664,0.3962035733215492,4030,566525325.2879554,85.11969350593382,0.4336571814431053,581590479.3108983,104.62194443079808,-0.05857486273272383,528
70,MA-24,771255546.2351493,108.37803073098678,-0.11120150465823309,4030,793280422.2742939,105.80541639459665,-0.11043773793059741,605214927.0630019,125.44109021211997,-0.14632103514960648,528
70,MA-168,784387534.3268515,109.18648304548346,-0.14936399104166287,4030,807399555.6603472,106.25933533443983,-0.15031756752611658,610172903.623228,128.60101199259486,-0.1651795006989243,528
71,Mean,193575760.30023998,120.31060809701258,-0.17601930427324097,4030,191485166.14015368,118.15429910226538,-0.17768800955649056,206907803.330807,134.61249086141538,-0.16704974985777743,528
71,SN-24,192071013.47573572,101.77211033244468,-0.15780696880585765,4030,187253264.17026237,100.52348272460647,-0.12620843426459705,221387071.1703213,110.05372753443226,-0.33610361664026733,528
71,SN-168,184825857.0036811,95.41710556756551,-0.07210657769248319,4030,180879004.51195905,94.56016445025827,-0.050839283912768485,209126625.43617454,101.10083244788741,-0.19221419655815208,528
71,MA-24,182565622.40734008,107.98408608785239,-0.04604533615271378,4030,179332584.12463275,105.9599137731396,-0.03294784669441997,202707977.4303687,121.40956231157232,-0.12015290800470013,528
71,MA-168,192614021.64576724,116.81004672674679,-0.16436274560780095,4030,190311811.72876558,114.66185022728077,-0.16329930556159167,207237252.02366123,131.05812275161415,-0.17076917565703043,528
72,Mean,110553108.46397696,132.82652582806526,-0.1622241215987681,4012,112192477.44155891,128.2871926782532,-0.16294964572336834,98562379.54133488,163.99661345677484,-0.15938707848434563,510
72,SN-24,105376367.7668004,110.50292115697209,-0.05592827107943621,4012,106288350.42734388,110.71461483366829,-0.043769898820850806,98887182.96225105,109.04929124365823,-0.167040979942239,510
72,SN-168,102260310.62908787,109.27881274608629,0.005597555004919319,4012,100566499.99844253,108.43020571056088,0.06558434558431481,113208727.10043326,115.1059143900275,-0.5295578617185035,510
72,MA-24,109061006.23583402,134.72903137266175,-0.1310634509505828,4012,110531224.11543024,133.208147732598,-0.12876463397692817,98373830.74085538,145.17243236776613,-0.1549555306016268,510
72,MA-168,110255807.08407162,140.20002107843547,-0.155981579239171,4012,111843588.75959262,137.9169662345628,-0.15572796550410084,98665317.71509871,155.8769976730278,-0.16181006199855008,510
73,Mean,647741119.2283263,110.4317149529569,-0.1140331904570897,4030,671680194.701187,105.72093890166376,-0.11341789078194764,458338122.1716923,141.67629399013225,-0.13856789681075177,528
73,SN-24,646126343.0818106,82.34951403907216,-0.10848569044071099,4030,676074203.8140308,81.72199072745885,-0.12803309274021757,393508110.058464,86.51160994299212,0.16074420844548487,528
73,SN-168,594441491.0721498,78.67008417731891,0.0617611218086761,4030,621069661.387266,75.94869312960472,0.04805087351933501,372404593.5834578,96.71991646727169,0.24834763076975375,528
73,MA-24,637607775.5998226,103.05019998096252,-0.07944968645822459,4030,660425943.9245434,100.55087576163871,-0.07641901503776638,458361276.3553142,119.6271572083714,-0.1386829353587693,528
73,MA-168,646413983.0094844,108.14181836223622,-0.10947285252828465,4030,669855445.9874185,105.2684964359551,-0.10737647965478514,461736990.1657327,127.19934371419934,-0.15551691528637024,528
74,Mean,2781554146.562707,65.66913487178792,-0.02112327360876587,4030,2869352543.735186,64.78713811724414,-0.03609171090182417,2108637874.5807824,71.51904516423555,-0.05918901099205809,528
74,SN-24,2702680915.9415474,51.314031243965744,0.0359652522329188,4030,2782201750.5320415,50.693929452673046,0.0258908656079474,2100381788.931216,55.42690335212293,-0.050911026566672346,528
74,SN-168,2517261579.664919,48.331029997411044,0.16370436011252354,4030,2526777347.9878407,46.42027771081717,0.1965398777193701,2453213426.043407,61.004239292205995,-0.4336400545218566,528
74,MA-24,2535179049.7152762,58.09810094905954,0.1517567499401704,4030,2609771734.381923,57.68659811277196,0.14289224812740087,1970205945.216654,60.827424685194245,0.07531734552123903,528
74,MA-168,2774683136.708247,64.52951294529198,-0.01608473612705774,4030,2866178256.3623805,64.18506880962364,-0.03380057825063232,2067781248.4386232,66.81406476936489,-0.018541305356014837,528
75,Mean,2717320181.5997868,52.851453343253304,-0.01702251239295194,4030,2729330041.6105604,47.45250353865536,-0.001892082401820927,2636279372.622962,88.66039693359812,-1.072729606462747,528
75,SN-24,3323095751.773978,50.74192456223483,-0.5210190318691501,4030,3459906345.1240387,49.77718306696159,-0.6100431665454376,2210887680.6558366,57.140645616111485,-0.4577838923618842,528
75,SN-168,3508854684.2712793,55.61923892171018,-0.6958198059061869,4030,3578226117.3211846,52.35584140570303,-0.7220446035221875,3008523780.859523,77.26397017371224,-1.699396529285734,528
75,MA-24,2536676239.2876463,41.73537311981849,0.11370352982604615,4030,2643556103.3529387,40.645226038336865,0.06009080766295982,1662082331.8484013,48.96585622464557,0.17611830549364738,528
75,MA-168,2605969355.7426624,43.66960381177367,0.06462114819446618,4030,2698863305.4503284,41.283202809325545,0.020350749187177275,1876867100.2903588,59.4975892484656,-0.050574441277661863,528
76,Mean,458797918.75320363,110.02021109391637,-0.11980678715144033,4030,470633753.5904646,107.28237061187743,-0.1207408019241285,370854714.0363636,128.17914550319733,-0.11879893720924217,528
76,SN-24,491566246.6649381,83.36600858522623,-0.2854770458720961,4030,500440716.8567917,82.83788636420843,-0.2671975239653055,428073888.35836095,86.86881922538595,-0.49067137749598655,528
76,SN-168,459704971.61268926,82.8070562787148,-0.1242389258351535,4030,468207427.9616407,81.85237791690197,-0.10921475833770056,398748949.23312414,89.1390328375567,-0.29343181956606745,528
76,MA-24,452265097.1940058,102.45794245200184,-0.08814397896120485,4030,463470973.78075856,101.01741019898698,-0.08688631694510285,369435664.6236395,112.01238175135417,-0.11025330768996633,528
76,MA-168,458050187.8553958,108.96969989732554,-0.11615972691327148,4030,469669770.8645652,107.27994997250647,-0.11615435516793315,371904115.62631655,120.17709428504615,-0.1251395900936405,528
77,Mean,244475953.06888944,76.95125234317037,-0.05447420777836687,4030,255180069.31569013,76.03233418529778,-0.06704273504457303,155868475.49722767,83.04604664027234,-6.55175308006406e-07,528
77,SN-24,309372664.04554623,80.72110764394586,-0.6886029354897427,4030,322843671.1549444,78.95688366175551,-0.7079410052328443,198051791.0508274,92.42245685915539,-0.6145119266302854,528
77,SN-168,300804540.5915031,77.93955555067893,-0.596365894927376,4030,311962642.72586495,75.19791266485812,-0.594753237800441,212448432.83577943,96.12370969110403,-0.8577649832539218,528
77,MA-24,244369486.4660107,75.48249135361647,-0.05355598379808035,4030,254434661.79873773,74.52720915591031,-0.060817954391044315,162533872.39999563,81.81847289976596,-0.08735529673099718,528
77,MA-168,249024620.44167265,77.64798094246915,-0.09407788452722121,4030,259396314.67108274,76.89756797196313,-0.10259473507958639,164433733.7091138,82.62515181881757,-0.11292409608319365,528
78,Mean,2278568611.4546466,77.34975401633267,-0.04335282556608622,4030,2356148934.8541145,75.43080299383543,-0.04998719356484216,1675424374.7133555,90.07734204812303,-0.006567610779373956,528
78,SN-24,2864573525.1872015,69.64829670417807,-0.6490237979699149,4030,2973559542.3904667,68.28943300344883,-0.6723678195857379,1996406821.533526,78.66106314348454,-0.42919465397457657,528
78,SN-168,2738615587.169927,63.3499940335839,-0.5071938973410042,4030,2829595579.974499,61.63173216434535,-0.514353481994863,2034694137.5185914,74.74649605266217,-0.48453882547681193,528
78,MA-24,2215420403.1493897,71.21871690018683,0.013676733661936002,4030,2288495754.8366914,69.69203865533022,0.009444654555865406,1650799612.4547708,81.3445260166412,0.022803260514489776,528
78,MA-168,2339408365.4575677,77.55193981946161,-0.09981351649040904,4030,2407331388.3084316,75.45378466986358,-0.0961002596204692,1826034893.2200618,91.46811280031821,-0.19567028696063882,528
79,Mean,382159914.535887,71.82994130793419,-0.028785413322078846,4030,399605095.2191217,69.56831183838614,-0.042449568530551485,235777269.61811408,86.8303701002776,-0.04124858500148476,528
79,SN-24,448214962.9845922,65.52551769849727,-0.41516551503995447,4030,470117974.76255435,64.12915562782004,-0.4428019905728129,259783214.77369496,74.7869949172693,-0.264074672288801,528
79,SN-168,429261065.72991073,62.9506355772194,-0.29800849441477406,4030,447434069.5728478,60.07455257296886,-0.30692636697426745,280345580.97191393,82.02647398798725,-0.47210228088946016,528
79,MA-24,381431082.8381242,67.91267210112943,-0.024865083669468158,4030,399300527.31530386,66.78647225596026,-0.04086112188587632,230123909.4204085,75.38227789238421,0.00808594810316221,528
79,MA-168,389597546.89891344,69.63539518410352,-0.06921972741115967,4030,408138766.0163333,68.37832336800804,-0.0874485382973118,231697638.0476,77.97301923707008,-0.005527075363957801,528
80,Mean,3327437499.605785,48.64169811361616,-0.09457410261262833,4030,3358462847.2662816,47.85207858843124,-0.12594256013307792,3113844781.142626,53.87890943406606,-2.428737986948093e-05,528
80,SN-24,2531012597.289224,31.725865843738,0.36669346625045496,4030,2507424090.1772585,30.722970864546113,0.37238873945673556,2682219433.2206273,38.377642770120595,0.2579977245890467,528
80,SN-168,2591228158.6153154,33.708808429651505,0.3362008925837642,4030,2410590115.7326956,30.899143362993208,0.41992802770066884,3564704666.1565804,52.34412483767681,-0.31058060560591927,528
80,MA-24,3069888889.5159554,46.02840264413096,0.06831164085493169,4030,3097508461.1036167,45.202565286520425,0.042232399274194865,2880003307.56935,51.50583148191906,0.1445343009318404,528
80,MA-168,3211295028.8982244,47.50665414109568,-0.019496570510834754,4030,3223298051.678057,46.25114491973517,-0.03713686211845624,3130519388.8137894,55.8339141661042,-0.01076320411584275,528
81,Mean,270848290.4114195,77.47581497810016,-0.24997106415804615,4030,286015750.7049457,79.67108512319095,-0.2663151572825124,131676297.37134856,62.915519432441116,-0.20680013242383932,528
81,SN-24,256363229.5262133,64.38383045578904,-0.11984839040912454,4030,269841972.53093714,64.55866907214545,-0.1271479117153873,136674797.25375578,63.224200087455465,-0.3001606379085171,528
81,SN-168,259016767.1873844,68.98496267562042,-0.14315078630753897,4030,271639323.3163641,67.87356746692912,-0.14221322649442447,150542771.54603782,76.35637559387223,-0.5773931541228177,528
81,MA-24,194808635.39230272,55.00162981647042,0.3533576105644787,4030,205344219.14926654,56.287088094654095,0.34728007949916095,99942484.84823601,46.475730403214484,0.30478293626047004,528
81,MA-168,202528376.60327303,59.58435387228761,0.3010927825708345,4030,212318917.39349064,59.66344453441982,0.3021866284593999,118655006.51674093,59.059779063978915,0.020076275937161214,528
82,Mean,119854443.67963889,142.0666284430196,-0.11084249120488376,4030,125190298.67968425,141.73044615660672,-0.11395366189538914,75450917.1564616,144.29638292600785,-0.10638839788260013,528
82,SN-24,136596487.9357646,103.82048813545535,-0.44285692900131335,4030,143362168.96158448,103.24543779326993,-0.460813925365426,78075386.61326553,107.63455309441983,-0.18469581209634045,528
82,SN-168,132965585.52613309,96.66442102052123,-0.3671705780101955,4030,140206563.59416285,94.82979149679774,-0.39721250676497055,67530656.93007243,108.83274032370245,0.11370047745491718,528
82,MA-24,120112919.38200177,127.55598466385653,-0.11563889906733915,4030,125232604.52204059,126.46809798976297,-0.11470667089583197,78076815.77934825,134.77147544543925,-0.18473918408955758,528
82,MA-168,122227836.30288626,135.01241468438815,-0.15527254019294534,4030,127406102.98950444,133.4290679290683,-0.15373545337539185,79786620.99243896,145.51408198955892,-0.23719658351144268,528
83,Mean,671579679.4381613,117.18918022703005,-0.3719270623512634,4030,690117945.5985674,115.08578014410993,-0.3938258890166382,532531457.71402323,131.1401406254888,-0.24397000672641544,528
83,SN-24,784495071.8187367,109.35428744432912,-0.8720453649194813,4030,805753369.4033653,108.86005145673063,-0.9000548834197655,625469287.9228046,112.63234507419635,-0.7160555945165716,528
83,SN-168,831999298.9690458,114.38904531532219,-1.1056289838946722,4030,844094852.9847939,112.28953740146864,-1.0851840269126534,746832457.3009036,128.31419060758574,-1.446615610468962,528
83,MA-24,642540603.9727546,111.70667332029534,-0.25584801551070946,4030,655714765.3958172,108.99654613446548,-0.25832206380276346,547191612.1358093,129.6817971929775,-0.31340370533048145,528
83,MA-168,652719451.0966213,114.5537477725158,-0.29595236658386925,4030,666335991.4753225,111.11685180157036,-0.2994166552897415,553999256.6688353,137.3492206707184,-0.34628726668148047,528
84,Mean,258537896.91377893,59.380361893384915,-0.03435329282585964,4029,266776278.17861095,56.367514497895066,-0.04767085352301792,195309977.80900943,79.35759433961576,-0.00837228753739172,528
84,SN-24,339500841.9980642,70.07084340120818,-0.7836194080226888,4029,351638466.09493524,67.49957941368281,-0.8202171291945022,244207760.36296242,87.12007677303833,-0.5764890617364635,528
84,SN-168,353700991.1518473,73.22549477321043,-0.9359450743504447,4029,350249332.5997353,69.9483618112126,-0.8058641478848554,375786636.71055603,94.95512072009383,-2.7329717617672413,528
84,MA-24,254790965.68505025,57.3271703657164,-0.0045892525327329015,4029,263482787.66591418,55.35132781313593,-0.021962458628972836,187213560.81513914,70.42835365470168,0.07349738867642197,528
84,MA-168,260314517.45305946,58.98760446616432,-0.04861787313897237,4029,268053629.6418994,56.46762743476938,-0.05772757767906711,201618760.38238513,75.69677035047056,-0.07456804316644616,528
85,Mean,254820339.27835566,83.75536094440072,-0.07544015946330829,4014,256356810.58689916,79.99336084924438,-0.08403666531080689,244433878.02984628,108.59311157264872,-0.030171134802187805,528
85,SN-24,317752971.022819,69.92442503152633,-0.6722350064479834,4014,317902200.34731185,68.22851188365294,-0.6670219557801356,316765954.0109542,81.12130615555397,-0.730069602908558,528
85,SN-168,310001740.10994256,65.16226548715943,-0.5916454572576688,4014,306480850.2858189,60.8074486219741,-0.5493906819301366,332312738.278045,93.91395410843978,-0.9040596899728586,528
85,MA-24,246869763.32517603,76.39089453544705,-0.009378086862416035,4014,247406918.42159942,74.1612273196283,-0.00966646524554049,243293557.77070993,91.11176558534144,-0.020581753070736175,528
85,MA-168,251538151.10723522,83.32084794062953,-0.04791437890959105,4014,252689060.85594127,80.81355163059865,-0.053239491401332106,243803220.778909,99.87470198753812,-0.024862158944444213,528
86,Mean,903969586.5017396,91.96472471967029,-0.06541935537545807,4026,942617466.9690802,90.0601278725471,-0.08659429616670922,586819211.2633395,104.58267883186132,-0.008837687597548216,528
86,SN-24,919323354.5412254,68.48989409690797,-0.10191864144680296,4026,961419316.6145126,68.17934410439486,-0.13037395413836994,566253567.0358353,70.5472877973074,0.06063461434625306,528
86,SN-168,782508727.7322365,63.724478547857586,0.2016536862724818,4026,791444441.8445069,60.28103128189203,0.23398491582635772,720515987.6519648,86.5373166848795,-0.5208973218477437,528
86,MA-24,894883407.5877745,81.38986195383546,-0.04410903879451156,4026,934180178.9906818,81.55215417522402,-0.0672293284479486,569768257.9698569,80.31467598713633,0.048937291744270195,528
86,MA-168,938194559.7932175,86.65801483446285,-0.14762173452953942,4026,980260709.2282792,86.2074514658196,-0.1751130411497952,587841908.6534133,89.64299715172434,-0.012357118096657072,528
87,Mean,2036705200.7736495,67.28532113198452,-0.06090545723355145,4030,2166342165.558997,66.46833916165521,-0.07201926642869605,730940838.4878098,72.70401594276713,-4.4308441826679257e-07,528
87,SN-24,2159932439.3208976,74.05211358099085,-0.19316545970712395,4030,2285253630.3765545,72.67858428976061,-0.19293642620181295,985118919.3935059,83.16215066032467,-0.8164065444336701,528
87,SN-168,2790385799.9698277,77.8061063538205,-0.9913557159174664,4030,2969688190.1382575,77.0181234604366,-1.0145135301090207,967554446.9417533,83.03246258986299,-0.7522116555786444,528
87,MA-24,1542946154.4089804,63.184935849140444,0.3911337808774553,4030,1630111004.6283982,61.929237981619245,0.39300817303446445,739088167.9629678,71.5134470841011,-0.0224174136684554,528
87,MA-168,1966535398.7457356,68.27193303008279,0.01093718267251953,4030,2089938285.377499,67.52211173047503,0.0022645376783616555,739677614.356602,73.24517960437527,-0.02404888499704838,528
88,Mean,819612143.8580425,129.71379892739947,-0.36106866336431853,4030,848980601.7395558,131.03464224046274,-0.36373529311830755,588847477.6951439,120.95320558961996,-0.39724981611966537,528
88,SN-24,714358451.4429461,91.65439562450592,-0.03394072169755069,4030,733109963.3091083,90.45263295800439,-0.016887220041385653,574704410.2038625,99.62517755270372,-0.33093695108636956,528
88,SN-168,696735779.796806,89.65535460529588,0.016443091341585392,4030,717995341.1201171,89.71547774494795,0.02461112440837887,534748224.9469535,89.25658332677024,-0.15230415054024293,528
88,MA-24,603498290.1080383,81.21263742457263,0.26206968176882917,4030,620890668.990564,80.6401386977536,0.27060159059480104,472196190.314911,85.00977860131557,0.10150972531722058,528
88,MA-168,778577196.9962689,116.64780884308617,-0.22819302279390974,4030,806732118.6635361,116.14088968983256,-0.23138324956489376,556904249.8464345,120.0099885300068,-0.24976824926613905,528
89,Mean,2044831805.8907654,69.7909991892311,-0.0800106287500868,4030,2144710763.7836964,68.89604466155606,-0.09746518880071986,1185729614.4618769,75.72685289362127,-5.601705433400106e-05,528
89,SN-24,2161243646.8745494,51.7450243297653,-0.20648049603851382,4030,2261205607.854863,50.889743606182314,-0.21992574980190782,1318661024.9857607,57.41773852292372,-0.2368565516355421,528
89,SN-168,2654052684.89147,64.40597008797228,-0.8194156479791317,4030,2623383490.9190507,60.41956515898828,-0.642013990035017,2849124304.916704,90.84610277983207,-4.773986826433276,528
89,MA-24,1976707470.227725,66.01790333809625,-0.00924743251432858,4030,2078563656.6502116,68.0496427211759,-0.03081314850524275,1080628279.599326,52.54223796017015,0.16937375183966574,528
89,MA-168,2033605843.500705,67.95466634280247,-0.0681848361977504,4030,2136846840.6813488,68.77138830098419,-0.08943188224591747,1131291153.6017559,62.53769608228663,0.08966387821547517,528
90,Mean,1367759806.4224641,57.39669124923225,-0.00010995360025578549,4030,1384136909.9981744,51.85214433785684,-0.009348828702055334,1253734149.1659732,94.1713186803623,-1.6831363502367322,528
90,SN-24,1511527096.0905273,53.79083898066873,-0.22140571834003175,4030,1582967396.4781747,52.326748100481154,-0.32016168370618603,904676693.96454,63.50153265948856,-0.3970715118834769,528
90,SN-168,1683108825.3046348,61.817158009286764,-0.5144413868636877,4030,1747218415.6843758,59.56012063432846,-0.6083389537857238,1172279825.2687418,76.78712938637769,-1.345818538928417,528
90,MA-24,1176549625.513686,45.39935444343971,0.25997127943016984,4030,1229078851.1512337,43.59472576309224,0.20412900903370745,739011686.4163541,57.36869088013832,0.06774559368918343,528
90,MA-168,1275254908.165157,51.0421341012209,0.13059510194670954,4030,1336771094.2074134,49.68251371235775,0.05854996575990479,748692430.4080384,60.05991933190037,0.04316133413392387,528
91,Mean,587798365.4390111,107.54574307104741,-0.0810287820145914,4030,617577914.813043,105.06188319152191,-0.08110884689838671,327760401.9535301,124.02013189320307,-0.1176463078691874,528
91,SN-24,697580852.1418445,92.26232460776777,-0.5225431555330213,4030,734021598.6759504,91.47219269610723,-0.5272269746803686,374975255.27848995,97.50293437033449,-0.4628393680502807,528
91,SN-168,670039679.3199779,89.56662781743563,-0.40469343650323997,4030,705651530.5958765,86.01156133298514,-0.4114532023331954,352160822.28810245,113.14587559877212,-0.290248905184431,528
91,MA-24,578777618.4548076,103.4921137272249,-0.04810300427630465,4030,607970050.5743952,102.20957806775391,-0.047732171220434605,324352031.4948601,111.99862865045876,-0.09452242856508275,528
91,MA-168,585203854.2454318,108.54318984808708,-0.07150663479699793,4030,614704101.507253,107.44687397401074,-0.07107067636537123,328156076.95918626,115.81458793713131,-0.12034639998020213,528
92,Mean,158871020.80833933,134.95222830818514,-0.03430232948706813,4030,168634531.74025667,134.16046743601663,-0.03310200141540509,63495276.970775664,140.203642274727,-0.1178765876298895,528
92,SN-24,214655588.32108167,102.2404208873658,-0.8881762444057482,4030,228490301.8344519,102.2419924474971,-0.8966435724389559,73580226.88553146,102.22999739573729,-0.501181701345434,528
92,SN-168,212220398.43309918,104.76469009272043,-0.8455779032518511,4030,225570517.9073444,103.8712944103374,-0.8484804180000614,79202295.78465894,110.6902046376169,-0.7393483013694744,528
92,MA-24,158113103.17897674,118.2993693733847,-0.024457285724252653,4030,167837703.77442423,117.5430403826397,-0.02336188870802114,63057143.5599917,123.31577870215172,-0.10250255334204383,528
92,MA-168,158482451.86125153,133.0830400031548,-0.029249094711723655,4030,168210957.26285204,133.3466455476813,-0.027918649444285792,63535653.6817636,131.33465625896545,-0.11929875737618345,528
93,Mean,1757592925.1019955,128.40536904470744,-0.13368341573283526,4030,1836494668.0084252,127.62431920646185,-0.14192563385857815,1099212694.4658625,133.58574126731332,-0.08787362415127942,528
93,SN-24,1587335119.7348895,93.58324229758874,0.07531789649260079,4030,1655759466.5548718,92.9764096380531,0.07177561798787135,1023630917.9104787,97.60810588413001,0.056587195240161425,528
93,SN-168,1557875957.847072,94.15761057916144,0.10932153461955929,4030,1583716192.3074207,91.73902689828589,0.15079372878177977,1374244688.5380414,110.1990500686051,-0.7003687349499912,528
93,MA-24,1709221099.7934115,109.65048764819618,-0.07214047809213753,4030,1781838436.8817606,108.53103230422445,-0.07496698132817214,1113554169.8587162,117.07536002431178,-0.11644587590937316,528
93,MA-168,1766381699.9383144,118.07887706778968,-0.14504964240693785,4030,1843795531.5936475,117.17988274727472,-0.15102298121927427,1125365543.931376,124.04152500423555,-0.14025557578660397,528
94,Mean,1728558855.2185829,64.00469668102362,-0.12979588339893522,4030,1799603395.4358802,64.43783219383783,-0.1610705686304943,1151267300.3257055,61.13189257898688,-0.0005165468687988728,528
94,SN-24,1539059553.4873123,50.88944588391767,0.10434140989597962,4030,1599974123.9625022,50.98536016024,0.0822361934735002,1049033051.2308639,50.25328717997686,0.16928839137397944,528
94,SN-168,1528662019.1851923,51.585948494787544,0.11640226076641635,4030,1529595958.9614398,50.21866498377836,0.1611999188231118,1522453091.2935553,60.65455996364011,-0.749684631847807,528
94,MA-24,1459918713.5396676,55.3627193998673,0.19408545050178627,4030,1512577728.6316235,55.43487350953793,0.17976100604713496,1045549595.6472245,54.88415180125642,0.17479621107459187,528
94,MA-168,1647673125.0426688,61.29792921907964,-0.026535000272723153,4030,1714189075.4015126,61.43455800413427,-0.0534706842895083,1109804932.3530283,60.39172845153923,0.0702520320579999,528
95,Mean,937508435.594305,70.62042902444132,-0.17052506822149227,4030,927942776.1952503,70.03702420132707,-0.172283014020292,998636843.6572548,74.48990571108169,-0.16085918596857285,528
95,SN-24,979461656.8284026,55.822026161531745,-0.2776303776744935,4030,962966197.6275176,54.343303274890864,-0.26244412918235027,1082525327.667803,65.62976773163844,-0.36408208481150406,528
95,SN-168,903098476.8591402,50.63151874079015,-0.0861769202416991,4030,875522131.8572932,49.504631616582266,-0.04357661702925242,1068129428.7102742,58.10568296233556,-0.32804299108451307,528
95,MA-24,855885403.2593542,62.89173821305549,0.024422916125584004,4030,847433273.3922508,62.114830135746416,0.022310151604003292,909959797.0913637,68.04463989248048,0.03615148405268387,528
95,MA-168,888851021.6228447,69.70678626553473,-0.05217578497750042,4030,881430241.7950366,68.88564425520927,-0.05770845465907737,936582835.3534914,75.1530728567464,-0.02107292650722692,528
96,Mean,358267542.3743025,83.17654100320611,-0.15232961834189918,4030,358934736.9318108,82.03724233858162,-0.1535262739331824,353810479.1576883,90.73302570683303,-0.14447635654995783,528
96,SN-24,377458208.7878083,77.92804187238069,-0.2790854090854069,4030,378493058.54377216,78.15444727395413,-0.28266235318688504,370521338.1158142,76.42639089452044,-0.25513918801400726,528
96,SN-168,354900598.45904887,78.0857693412923,-0.13077255431831913,4030,349271742.98552454,77.20075469807483,-0.09225341936905762,390184406.9673241,83.95569600899626,-0.3918911096821456,528
96,MA-24,343195714.3391346,85.08587994745328,-0.057415098932141806,4030,342982112.2905498,84.54981704989427,-0.05326936185995379,344609094.86991745,88.6413577263389,-0.08572268471302547,528
96,MA-168,349315112.1877805,85.71642632556006,-0.095460051979535,4030,349569025.539678,84.95121702955217,-0.09411355309206071,347626318.2589607,90.79173495173356,-0.1048179950260193,528
97,Mean,2511408626.4440312,66.60649233928194,-0.04598531626511737,4030,2627274568.3321342,65.70380357443827,-0.059188490778925296,1535626420.861007,72.59364395762012,-0.004267620994477195,528
97,SN-24,3058398279.154922,62.086377356827526,-0.5512396819471614,4030,3164460430.313597,60.99870873663783,-0.5366029693499135,2230747668.4209704,69.30042187937364,-1.1192354240564724,528
97,SN-168,3171676377.081898,62.5184820759376,-0.6682785259324213,4030,3080907684.21774,60.62739864198103,-0.4565308913879629,3718033845.05144,75.06123621555102,-4.8871484480541705,528
97,MA-24,2441908083.9918756,63.141530906644164,0.011106665188473808,4030,2550362094.385796,63.17330554398374,0.0019184695572544985,1540074082.0402095,62.9307832173199,-0.010093400567940503,528
97,MA-168,2515371354.024062,65.57261576189131,-0.04928882088770159,4030,2628774258.6310897,65.29295570285302,-0.06039803932112986,1567771240.540751,67.42748228983102,-0.04675175125251174,528
98,Mean,914855009.945372,77.85467345034752,-0.00222554927447538,4029,950334962.3949211,76.42413897192516,-0.010028409685967077,631000826.4739894,87.34009240670494,-0.28935893011679314,528
98,SN-24,1035027294.7358729,71.5368792868271,-0.28281648977990104,4029,1071527974.2606438,70.69915722746623,-0.28406557425716406,749295497.447104,77.09154771452104,-0.8181102790949375,528
98,SN-168,992608388.7443458,66.51613318632891,-0.17982287104250116,4029,1016056194.4728032,64.51199403154602,-0.15455767150848665,820350174.9969801,79.80494224105414,-1.1792774575371476,528
98,MA-24,903810485.108723,72.05966426024148,0.021826982204539713,4029,944663661.945968,72.29445292081526,0.001990684267850318,562272666.5674422,70.50285535745947,-0.023783015186975343,528
98,MA-168,943857511.8344215,74.58989381400468,-0.06677738791393284,4029,988131782.3737422,74.77024083956525,-0.09196800082329037,568942535.7802392,73.39407007065701,-0.04821600013292304,528
99,Mean,348784212.2059774,136.56236430564448,-0.15636621210840396,4030,347038414.4068322,134.2643717124628,-0.15559457843283764,360149207.4419565,151.8039742702698,-0.16158157629256764,528
99,SN-24,303491416.0165672,99.52996372551112,0.124462844981306,4030,300639433.90350676,98.22194093163506,0.13275404117532097,321768194.7541659,108.20552399853025,0.07280513820385748,528
99,SN-168,273972822.0586462,95.20811867571844,0.2864954887017598,4030,276400594.1462737,93.27620955655618,0.2669588762494324,257291243.68110213,108.02165226531375,0.4071636826302256,528
99,MA-24,345370302.2461697,121.44991041629095,-0.13383990648522448,4030,343096312.0134273,119.31381435481725,-0.12949027095200383,360089409.91914195,135.61772936947435,-0.1611958809585834,528
99,MA-168,348825386.82771635,131.1423836503539,-0.15663925056660766,4030,346887857.09333986,129.35493399654908,-0.15459212182852977,361413379.82691485,142.997778892067,-0.16975050478945697,528
100,Mean,351307911.72237056,95.88921265289892,-0.11452654869361334,4030,366567305.1240775,91.77341492300783,-0.12889856628924523,225303698.61963826,123.18755289925988,-0.02927070512717389,528
100,SN-24,349769818.36825293,67.87761689503942,-0.10478869097966759,4030,365414742.27625483,65.84235576137178,-0.12181074899707367,219378627.99409494,81.3766405505397,0.024153291017942058,528
100,SN-168,313975168.56692463,58.964070074103525,0.10976398167182988,4030,324678389.2368427,54.03639028194179,0.1143660970518321,230743234.4822699,91.64727960469138,-0.07957028452800285,528
100,MA-24,335830425.29522264,81.2451576818146,-0.018484996950387744,4030,349311288.01020104,79.29928519799944,-0.025115282809076822,226983712.95915872,94.1513043453007,-0.04467778941909861,528
100,MA-168,353324240.6855197,92.82952614950702,-0.12735689568024422,4030,367890863.0608126,90.66116311012328,-0.13706547102566935,234858211.93540397,107.21135827814692,-0.11841882887694588,528
101,Mean,2377165494.984068,88.56649643393351,-0.06538944833745552,4030,2486917811.927997,85.57296254326445,-0.09357105844804581,1452636320.7195864,108.42133674666641,-0.05438946120542876,528
101,SN-24,2377192045.7589345,66.58270591627861,-0.06541324733118725,4030,2487428945.761675,65.10125975835786,-0.09402062586535131,1447153085.6100724,76.40850978945754,-0.04644452186441783,528
101,SN-168,2017167601.5655255,59.84486462432894,0.2328619503764231,4030,2042083698.426829,55.49539666501957,0.26265418577728206,1843404943.9374168,88.69304036959679,-0.697965081354605,528
101,MA-24,2292859253.7702007,75.53967756390085,0.008838672237453604,4030,2399109903.974148,73.95306791151279,-0.017710908194542574,1396674703.9640253,86.06298628106558,0.02528467621393604,528
101,MA-168,2426484268.9768248,84.27745083560791,-0.11005504737734229,4030,2542399357.28934,83.09636472407732,-0.14290907841391487,1437939719.8371575,92.11109394655512,-0.03316246424993485,528
102,Mean,211632632.5683294,123.50436264145175,-0.1340523023828173,4030,217669714.80418965,119.92893065481658,-0.13619182951648767,166127968.40767395,147.21868615886936,-0.12573763124756487,528
102,SN-24,219862864.7486978,89.977374704285,-0.2239722761099998,4030,227072494.89071032,90.13700222193455,-0.2364732030629937,164219174.89789736,88.91863310048058,-0.10001702617739294,528
102,SN-168,207684798.73732513,87.76317734701922,-0.0921372901609594,4030,213007837.31108692,85.63573056777007,-0.08804488424532786,168167267.98698702,101.87362928059976,-0.1535451919232822,528
102,MA-24,207661255.53207105,111.18941413015237,-0.091889694235199,4030,213070517.2065057,108.82061216257569,-0.0886853167712014,167417027.4945946,126.90067263479936,-0.14327558537898555,528
102,MA-168,211270838.31066978,119.54027588370435,-0.13017820320037887,4030,217015816.44003507,117.58241001813165,-0.12937564904015497,168273382.58005393,132.52596956028682,-0.15500143962462465,528
103,Mean,104417783.3740521,76.47457526433679,-0.07520228544880903,4030,109791401.07647707,79.44384478015442,-0.07884926925272295,57170444.15916839,56.78067025601605,-0.06290707483936075,528
103,SN-24,128356001.78722389,70.25590203934006,-0.6247015729278074,4030,134988119.42523825,71.85191805926358,-0.6308544812804959,69937658.1078596,59.67020487689273,-0.5906489260540337,528
103,SN-168,127963511.0861753,73.3708025485981,-0.6147806453217486,4030,132581834.38334881,71.94905513700616,-0.5732298005405565,91617667.0128461,82.80064996411897,-1.7296729891396763,528
103,MA-24,97045740.43257704,63.29986660007266,0.07125990394377257,4030,101947925.50285959,66.21498579769933,0.06979021615553627,54293397.62069276,43.96511767945041,0.041380618050232854,528
103,MA-168,100971333.4998886,69.91868791107959,-0.005396626089167356,4030,105984355.27045298,71.60416921125334,-0.005327683250222037,57568128.71327619,58.73960549969998,-0.07774592783868162,528
104,Mean,999016477.805282,65.80260895585077,-0.028946606754068238,4030,1000163003.760773,62.337804282208886,-0.04498066659302746,991378495.8217679,88.78318843898306,-0.009740022211656596,528
104,SN-24,1033641959.5868688,49.620378075019666,-0.10150836008732833,4030,1031196055.3051705,48.189097453339244,-0.11083401494504264,1049720360.6836265,59.113455228665224,-0.13208183972920073,528
104,SN-168,906807810.3723589,47.30888721112026,0.15223000744583604,4030,863687039.8919437,42.38935443354669,0.22074519398360548,1152677352.160886,79.93806105025405,-0.3650422768966899,528
104,MA-24,954590984.1777059,55.80627270382421,0.06053156538307736,4030,957427715.2561139,54.98149796836274,0.042412046343110577,935558460.5232133,61.27665361970698,0.10076657208564299,528
104,MA-168,1005216104.3435756,61.46614889633941,-0.041756962279794196,4030,1009861743.8052471,59.67332117315591,-0.06534561937256433,973842758.3816273,73.35721459063603,0.025665097603972398,528
105,Mean,1737672561.8159397,69.11184566959354,-0.013356825722302679,4030,1795654518.7609756,65.03455726080448,-0.04064022253083155,1288679680.5019174,96.15476992637252,-0.7115779250257135,528
105,SN-24,1888402360.4557402,60.23663218151366,-0.1967834621294715,4030,1973201098.889419,59.2096220901192,-0.25660198059283124,1180748142.302424,67.04835441648223,-0.43688250498302716,528
105,SN-168,1933079485.2169516,64.17754340862331,-0.2540819982545264,4030,1984953082.3300433,60.79095281662676,-0.2716146845497065,1545566367.574599,86.63936206993365,-1.4619658946472627,528
105,MA-24,1669459635.6312284,61.26120825521,0.06464094224184191,4030,1751393493.2026424,60.91712319068161,0.010028923195053108,963375652.2579274,63.54337851274481,0.04347120781843383,528
105,MA-168,1716983298.7198908,64.04473061608559,0.010630195727239222,4030,1797245010.508956,62.71276382065093,-0.04248452240093692,1037911715.6993276,72.87910129338137,-0.11026728577453948,528
106,Mean,1451086003.6504154,46.21308775795011,-0.016382833578208578,4030,1476044277.2603254,44.70077553928331,-0.03679957784124688,1273224391.0103521,56.24361311736524,-0.13440523941806237,528
106,SN-24,1466756174.7457159,39.442076057863304,-0.03845304793228377,4030,1503178068.6262455,38.75200827254572,-0.07526844871115101,1197465564.836019,44.01900292184466,-0.003423784298291155,528
106,SN-168,1548192389.261199,41.896033765355114,-0.15696673237853953,4030,1508804479.553731,38.952779495824075,-0.08333299502035252,1787601636.043678,61.41739068182803,-1.2361442261292606,528
106,MA-24,1391518611.8377695,44.154180761522014,0.06534990607482094,4030,1428442353.816468,43.4824088797022,0.028994972688891396,1116116916.6666372,48.60975865950121,0.12827860433646343,528
106,MA-168,1443770628.947709,45.95698977847883,-0.00616086241747249,4030,1473055271.842127,44.657964721742196,-0.032604768986449706,1232043389.6597176,54.57287187827367,-0.062209863853165404,528
107,Mean,557397368.3270746,146.3107660341687,-0.2054868107657284,4030,568706988.6599191,143.89345409100778,-0.20011169463500278,475626516.7482968,162.34377062687614,-0.26051676285752823,528
107,SN-24,456629424.80883586,98.461528596312,0.1909778307909228,4030,465641947.4068803,98.32404027754178,0.19545798074795384,391638248.5490057,99.37343028633713,0.14535312943189016,528
107,SN-168,424530606.735514,91.50104139051561,0.3007207393794905,4030,441350033.1470758,90.68556790504636,0.27721211504813315,289191894.07071066,96.90973106118477,0.5339969719059305,528
107,MA-24,544550558.0627552,125.39634146529197,-0.15055941389937133,4030,554675536.9467673,123.47536474227951,-0.14162261230066608,471929150.6089855,138.13736510921183,-0.2409952396920383,528
107,MA-168,556923081.724609,143.1265233060286,-0.20343619830045445,4030,568081532.6791894,141.24984444921697,-0.1974734141395622,476342888.3103463,155.5737379964724,-0.264316712449963,528
108,Mean,2255043162.0857925,44.410387653785556,-0.10938799064225613,4027,2297984931.596021,43.810357339308396,-0.15579046902256155,1946679723.1335864,48.38672490824694,-0.009652217949449815,528
108,SN-24,1705658451.323633,30.879517281056078,0.3653155127209654,4027,1725099783.5938413,30.285896680103114,0.34865183042975867,1570753575.7374797,34.81337804381069,0.3426466095413393,528
108,SN-168,1990086972.8222828,35.0212318323613,0.1359918158696366,4027,1881894697.3143744,32.683410930970105,0.22486848843717389,2595491221.0647125,50.51372299517909,-0.7948242212003198,528
108,MA-24,2029482400.55798,40.81355549116243,0.10144571065823027,4027,2065279490.5523334,40.09003806363246,0.06643960270356364,1774098359.73028,45.60822874670671,0.1614322001974945,528
108,MA-168,2122648056.0509815,42.425015423010024,0.017053847172728287,4027,2137495004.2560523,41.21824986124902,1.1576456867556928e-05,2021505110.2284346,50.422122810513294,-0.08876081057669039,528
109,Mean,2757796224.7778945,45.11290715091468,-0.020214547778844683,4030,2803281367.4768515,43.62594079421472,-0.04483887413426513,2434697887.7818384,54.975324160693596,-0.15374592791650343,528
109,SN-24,2539649207.1356506,34.35248198698497,0.13480374096654446,4030,2587762265.60166,33.30349884057311,0.10964194268917682,2193989937.9016967,41.30994217398182,0.06310852715100201,528
109,SN-168,2488165718.956525,35.183820832502704,0.16952651496660975,4030,2397176218.8488655,31.993304138346446,0.23596040980241184,3023118732.2286534,56.3451645123043,-0.7788135618965388,528
109,MA-24,2553241060.6183796,41.31512450407066,0.12551813672600165,4030,2621026838.9583135,40.478289628076496,0.08660447849254871,2047612880.1390052,46.86549521568344,0.18395195489446814,528
109,MA-168,2725890572.641297,44.04349181903772,0.0032551466047396893,4030,2784803794.384026,42.70276998622849,-0.031110348887511075,2297214703.4415975,52.93593094498077,-0.027124758692226525,528
110,Mean,1143147867.0694811,136.5053172698165,-0.052185387307898345,4030,1215231367.8309674,137.52907295835473,-0.051172237846684565,423376466.73687965,129.71518010833742,-0.17847866247467703,528
110,SN-24,1493334107.9997206,106.57394525141927,-0.7955661705635857,4030,1590855796.104349,106.12428124148359,-0.8014307398949176,484903178.5599465,109.55637586277318,-0.545889178497839,528
110,SN-168,1507457432.3858976,99.30581247440257,-0.8296901920149611,4030,1604893857.3610795,99.87939195188716,-0.8333634533433991,510937350.99186295,95.50150313699525,-0.7163410875737899,528
110,MA-24,1111680317.289517,100.99380395332014,0.00494456057833248,4030,1182754247.4087687,100.76384261381806,0.004262248707706973,392720348.8784017,102.51903995888154,-0.013993345724597539,528
110,MA-168,1142081296.8016133,130.32986268010922,-0.050222900815929394,4030,1213948886.1708791,129.8075573759715,-0.04895472141993373,425801955.16224575,133.79409217838628,-0.19202015242021964,528
111,Mean,517401667.2131638,87.49344915821075,-0.21816658420937562,4030,523766815.9460915,87.32899007649213,-0.2118605318593385,473021279.19142747,88.584236476731,-0.27199226824256595,528
111,SN-24,586139637.40545,87.8083716334778,-0.5633391978339952,4030,598043830.2681913,86.99547101208339,-0.5799477000851101,500061919.1110758,93.19999658825682,-0.4215779599262288,528
111,SN-168,572662301.757649,84.63337409114182,-0.49227280172544896,4030,589385679.0661912,84.17275481086342,-0.5345316159455438,446148892.3032938,87.68846636298821,-0.13157346059704955,528
111,MA-24,481399608.95264924,81.44667137898782,-0.054538647754592606,4030,487093746.038188,80.96888724445472,-0.04809775197616051,441779009.1525571,84.61561084704621,-0.10951523153230114,528
111,MA-168,493173971.0162673,83.02440536619191,-0.1067545822159921,4030,499365679.0130314,82.65419517806556,-0.10157497950363137,449955517.0421303,85.4798524851663,-0.15096542454397777,528
112,Mean,196598823.25116897,110.2052389635518,-0.0851975412898398,4029,203770757.36830387,107.10833932907914,-0.08459367694709785,140041410.68186626,130.73979506258362,-0.10409678282816603,528
112,SN-24,210731962.144078,86.05892462194771,-0.24683158371726566,4029,219178587.47231096,84.89032770306457,-0.25481469615300845,142583341.10691082,93.80751896476937,-0.14454208122472956,528
112,SN-168,206446023.32233387,87.62571465499825,-0.19663035774874538,4029,216637711.80545598,86.23100494468274,-0.22588990501186745,118443548.14256923,96.8735909728288,0.2102002203520832,528
112,MA-24,192191214.05111194,94.33660910776503,-0.037084237271091114,4029,198683747.89812917,91.11607126610465,-0.031117212248985338,141810875.88457602,115.69097081922912,-0.13217424039192083,528
112,MA-168,196734754.72173092,100.22670036162096,-0.08669870484117714,4029,203518355.4316617,97.07435563737104,-0.08190846337881652,143879184.3558616,121.12889520934613,-0.16544055052026319,528
113,Mean,2418277044.4203534,46.415639674709574,-0.026512218021395917,4030,2464570169.303267,44.188564900307526,-0.054002904066842605,2085382813.1156168,61.18688183371711,-0.14129718352382503,528
113,SN-24,2433528851.7481923,41.51043352165284,-0.039501248757489726,4030,2470083922.7785373,39.99845027470938,-0.0587242246649573,2175582859.3237424,51.53877695119075,-0.24216252451924825,528
113,SN-168,2198218316.2908916,39.65745678313964,0.1518089984862674,4030,2110700960.536738,36.03482814751808,0.22694063098340744,2708014533.6946115,63.684815650462866,-0.9245497728315795,528
113,MA-24,2256037458.757575,42.06384975183293,0.10660271395220366,4030,2315511439.619015,41.53942391765781,0.0696351495040991,1812839169.285846,45.54214382622928,0.13752658313785904,528
113,MA-168,2399471358.5773063,44.720832104114464,-0.010608989150976855,4030,2458932852.507947,43.63978915986736,-0.04918668666730541,1959946794.5603719,51.890931329026124,-0.008128121926096687,528
114,Mean,636215913.3999552,115.74347880772528,-0.10008641619170677,4022,611118562.5552517,116.09329014760456,-0.12687427103338922,782258123.0583869,113.42862876693331,-0.01829309644741617,528
114,SN-24,694548833.7859565,94.522365584806,-0.3110622703057151,4022,622777398.7590365,93.31249689648111,-0.1702811195525724,1052640338.8241836,102.52857997307707,-0.8438800010872312,528
114,SN-168,678365671.1600863,89.71376400910809,-0.25067788656557566,4022,578247314.0644692,88.39443489980255,-0.008908452409392753,1136977708.7938697,98.44432444076253,-1.1511789351823962,528
114,MA-24,601867071.105362,97.60536518915366,0.015492762911360813,4022,571060533.3693097,97.050339842597,0.016014258317946783,775472056.36414,101.27820337261764,-0.0007024016374836961,528
114,MA-168,638346250.3641014,112.93286376723348,-0.10746591847795495,4022,612575811.9561819,112.26185661522325,-0.13225487913386735,787915340.0477185,117.37320276178598,-0.03307475296881468,528
115,Mean,1027773264.7209517,130.5160423956308,-0.12928454905603304,4030,1082055862.8812158,129.36812157260027,-0.14825279863027996,544709863.4258381,138.12971421807936,-0.019565383257379887,528
115,SN-24,1038356283.2083477,97.89528409837519,-0.15266085362444648,4030,1090196469.1446953,97.58350035828808,-0.16559503772428652,588485384.5959259,99.96321337448325,-0.19002467233473452,528
115,SN-168,1016903454.912345,98.67857790176112,-0.10552406133304748,4030,1045260208.1588507,97.32657380554862,-0.07148718893671391,803893258.6907375,107.64584749444319,-1.2206564542515808,528
115,MA-24,1003652613.299546,115.18992590740855,-0.07690053591493862,4030,1054052887.2818985,114.50237445278061,-0.08958960685513384,565209070.0666068,119.75016301745984,-0.09774848859061858,528
115,MA-168,1037604543.9698722,122.09658503757011,-0.1509924730387009,4030,1090723625.542975,121.02155921469837,-0.16672253988726715,571645357.0075846,129.2267752491171,-0.12289193798443265,528
116,Mean,479924852.5271016,54.92149208002869,-0.03354724616157023,4030,492422033.764791,52.23793433345113,-0.054026114207184506,386951531.7323255,72.72039213403362,-0.044051299925997656,528
116,SN-24,576801570.9412235,60.48836970605206,-0.4929206423826875,4030,589448104.9351535,58.33622933589421,-0.510315110665827,484640160.4632791,74.76260375206117,-0.637749583794682,528
116,SN-168,583597375.7814041,62.952508842370406,-0.5283066916887824,4030,592504725.7426747,59.71606050924002,-0.5260193941476041,520675854.114171,84.41849759733753,-0.8903558882132869,528
116,MA-24,458479882.4200211,52.74286091281755,0.056755194741667014,4030,469489069.61755675,51.133901916683314,0.041863494379165256,377417790.87743574,63.41440334551076,0.006761753099885248,528
116,MA-168,468097859.9346841,53.85590947485317,0.016765372374701215,4030,479358129.74090445,51.82926328477875,0.0011584258017353077,385169108.2322856,67.29779386432403,-0.03445497908695838,528
117,Mean,257454433.5075901,116.74405507356826,-0.2626607247561181,4030,262774512.8208414,117.36693807380662,-0.27206220646435897,218920249.51873624,112.61273638638123,-0.2046037532156051,528
117,SN-24,251242202.13081706,102.39726514333773,-0.20246129047806205,4030,256803171.91644707,102.01528440713739,-0.2149058907195347,210675403.05870306,104.93078131412106,-0.11557817702828532,528
117,SN-168,240872588.9720503,99.92076115789196,-0.10525040578920519,4030,245245583.57713702,99.625280400319,-0.1080114825707128,209571292.55922782,101.8805596674005,-0.10391574326658493,528
117,MA-24,221548926.3220967,95.90460801497149,0.0649706976165425,4030,224298327.0548305,94.91608245189727,0.0731831106725096,202370034.1582211,102.46107870036157,-0.02935399176700182,528
117,MA-168,249771972.6836736,110.78377622790529,-0.1884292427888452,4030,254116556.96726194,110.08590401655287,-0.1896187357216721,218783214.86855087,115.41246653880715,-0.20309616503979844,528
118,Mean,12604884.496552398,50.77076496118269,-0.07666172754605993,4030,11387716.265078,38.92446802551106,-0.012897237062728939,18776965.450560562,129.3422268337623,-5.028876403826816,528
118,SN-24,13883050.309107423,48.99067179185018,-0.3060846620680069,4030,14543909.138893098,45.01851411935052,-0.6521687989763059,8254583.195475587,75.33630847574003,-0.16513396946029024,528
118,SN-168,15020031.626942864,56.307668140327394,-0.5287737913702315,4030,14853465.792273443,48.976872061823954,-0.7232477164876612,16081181.876027336,104.92972849434071,-3.422028057441775,528
118,MA-24,10581228.48337302,38.103790480971625,0.2412936496183844,4030,11140803.344683146,35.084418970171896,0.03055064205453617,5598460.062957438,58.130000766616774,0.4640519004994703,528
118,MA-168,11192211.827903818,42.150904850757385,0.15114526247604254,4030,11609716.497535432,36.903775058184316,-0.05277445923124202,7881882.454303086,76.95289070983105,-0.06229582297272662,528
119,Mean,2591635839.896424,38.51021965253039,-0.005931145417454875,4030,2510228069.196149,35.81931941534036,-0.000293024340740633,3077546601.508208,56.35781933177182,-0.19155615026074568,528
119,SN-24,2735198260.2104654,35.317693236070866,-0.12046404170320413,4030,2651053171.2109404,33.76130759532996,-0.11567513424241715,3238420806.932247,45.64053890628798,-0.31938578029168174,528
119,SN-168,2814159696.088198,37.76202949483756,-0.1860903655270587,4030,2706042716.091117,35.17484565551492,-0.16243900185615145,3446447324.0830474,54.9217223079206,-0.4943369213602409,528
119,MA-24,2396389120.9653325,33.11209539861341,0.13992766356329223,4030,2355885811.3534718,31.8353579468533,0.11893215784778066,2649403327.089848,41.5801532699466,0.11691727014674524,528
119,MA-168,2562062150.863858,35.59510208944548,0.016895640591981342,4030,2509434285.929761,33.91418670928144,0.0003395001157152633,2886937892.530397,46.74390069045781,-0.04852820800674573,528
120,Mean,469026448.45961815,50.07906933532591,-0.07128223208859774,4030,473719976.74367815,49.515205262122734,-0.08079066392942624,436621050.3846087,53.818940517821176,-0.02223622110534129,528
120,SN-24,532211017.6217568,52.998160315558486,-0.37935786985368103,4030,535096497.2198921,51.540411296456114,-0.3789940809547876,512661938.4364638,62.66679112028678,-0.4093020243809742,528
120,SN-168,550960305.9175258,54.34826807086848,-0.4782567049089952,4030,542924003.9652996,52.24510572728931,-0.41963360907703384,601550333.4089278,68.29765164513795,-0.9403758861189244,528
120,MA-24,452379594.17845714,48.670523649150994,0.00341292918117464,4030,455934707.1621672,48.09726684296011,-0.0011600067114503343,428053325.09085274,52.47269284475797,0.01748842595573985,528
120,MA-168,463252766.6746764,49.50404327162613,-0.04506975394759416,4030,465232347.7709105,48.74353221959215,-0.042408618601493586,449902628.10913426,54.54819043871518,-0.08537292902283022,528
121,Mean,1110697.2831809628,23.19853974827564,-0.00278002484380635,4030,1163766.6312437796,19.8593386000204,-0.00011208310625754336,658078.9673194803,45.346044333862444,-1.8084279551679878,528
121,SN-24,1506501.2752021246,19.768506256365374,-0.8448168744750408,4030,1608344.5602174546,19.568761032289544,-0.9101833815671929,406841.17062628514,21.093331587262252,-0.07338879291705713,528
121,SN-168,1550080.6117168206,26.345549531217017,-0.9530925505890881,4030,1518975.1726655194,23.086664674134198,-0.7037984715805674,1742390.3948540082,47.96035023103527,-18.687845957527454,528
121,MA-24,1072282.5082506607,14.936541608613329,0.06538510456564994,4030,1146462.0704845348,15.086162347612614,0.029409009599491998,241172.0751025749,13.944170722296107,0.6228090132617192,528
121,MA-168,1088860.0023874305,18.68255809919995,0.03626341658631804,4030,1155297.9189536911,17.55384322094556,0.014390557652477098,443528.7869273747,26.168845037925117,-0.2757068613701854,528
122,Mean,245812457.14417675,96.4548690751528,-0.06291968889554655,4030,250507442.26633915,94.24734214141338,-0.0771454851808433,212057632.72199032,111.0964587000683,-0.0031183986257796725,528
122,SN-24,304701417.2947458,86.15476710346705,-0.6332084727782628,4030,310360494.182241,84.15083262151865,-0.65335445294959,264115623.0763735,99.44601436820804,-0.5560822948182296,528
122,SN-168,296962211.0278969,82.65070770817671,-0.5512973543762123,4030,298477064.76058054,78.8659906212623,-0.5291673982634144,286712310.2194597,107.75313050812801,-0.8337370443340346,528
122,MA-24,245577138.38062376,91.40258433507978,-0.060885575358139876,4030,250258511.86165434,89.7770386413591,-0.07500581990002275,211926048.4447559,102.18413929608315,-0.0018738911241227285,528
122,MA-168,249561581.8075275,94.9150558488517,-0.0955901903154448,4030,254365475.1361727,92.93595562449671,-0.1105789278169127,214999454.13192067,108.04158801872121,-0.031143462803665978,528
123,Mean,1401176280.6258945,76.54676091763486,-0.04904101934325866,4030,1442254696.0924294,75.2378377905081,-0.05912503136364333,1090222906.0520892,85.22829271914614,-0.002295341704177556,528
123,SN-24,1603540538.7820308,58.41701681487675,-0.3739369514324682,4030,1656106016.203366,58.15762498235371,-0.39649562196891,1197866595.0645165,60.13745279498228,-0.2099906509270837,528
123,SN-168,1561442881.0513895,56.741777807827866,-0.30274411627032993,4030,1594131490.9786944,55.329343927263174,-0.29393240959138534,1324365808.7700932,66.10985252323992,-0.47904377170623014,528
123,MA-24,1386355890.9082713,71.55879546880145,-0.026966745351973076,4030,1424370660.2385888,71.21796001868705,-0.0330214690598718,1101497963.3785055,73.81941241255261,-0.023133969062274273,528
123,MA-168,1417504521.1731877,73.011830078873,-0.07363292611153249,4030,1457836565.7595718,72.66637229556024,-0.08213386166348413,1113620208.637533,75.30310499773927,-0.04577754814615287,528
124,Mean,653406544.288499,96.83258755345425,-0.2505117628668041,4030,669727169.7500738,96.94251375200344,-0.24860567387991117,532647931.1891911,96.10349371383452,-0.2827317667411777,528
124,SN-24,666234180.9526191,86.50073084342102,-0.300093664738992,4030,679535378.6398238,85.06934210489658,-0.2854453361972564,570212746.8000164,95.99452509022515,-0.47004017569438794,528
124,SN-168,627669136.1447434,84.68134368512138,-0.15393771883454654,4030,643933224.6050739,84.86694556237022,-0.15427990657597568,506751653.97037745,83.45032517352016,-0.1610360660178014,528
124,MA-24,557886605.1356871,79.5124562549741,0.0883824242176362,4030,569461240.7241524,79.02007746011877,0.09727013950805674,474016210.22736603,82.77819591327597,-0.0158784521024411,528
124,MA-168,622946733.0716733,92.3267827944111,-0.13663924418446705,4030,638251660.3010017,92.2855596049815,-0.13400083595911383,509938240.8625347,92.60019872127174,-0.17568377265552604,528
125,Mean,637033473.9415699,43.20030235795385,-0.0022092645150266765,4029,646109557.1279874,41.22535218294232,-0.011429088660610986,573228840.922908,56.29556857521776,-0.18633576238880267,528
125,SN-24,754538434.7651987,48.9341705572107,-0.4060366442528498,4029,766923815.431574,47.516286804702766,-0.42504165085544154,666618643.9377278,58.335706575260424,-0.6043771506161852,528
125,SN-168,786963557.2696801,50.0045903570958,-0.5294776983588734,4029,779535850.7605791,47.61661774142476,-0.47229655490867817,834543542.6069239,65.83847696214188,-1.5144879499152566,528
125,MA-24,607148998.1331313,40.08481798481965,0.08961630424724187,4029,622313477.9028499,39.426549970589456,0.06170041673662496,494981232.8382509,44.44958373826653,0.11543648451104827,528
125,MA-168,636614335.4601516,41.6277251585931,-0.0008908839435175508,4029,653891149.8129919,40.95908054840383,-0.03593863048240298,507386735.4869845,46.06129481820033,0.0705419883194437,528
126,Mean,628437497.7158316,55.459102694333076,-0.00031334172758534784,4030,625472885.0947012,52.11062121535497,-0.005793401015454114,647757169.5581938,77.6681597764946,-0.14420079862466628,528
126,SN-24,728838046.7225968,55.16967503524812,-0.345469790084564,4030,720657506.8311478,52.75737600981395,-0.33521018666895985,780930023.3651433,71.16943107136647,-0.6630374498044289,528
126,SN-168,717588425.1524923,53.586475786351215,-0.30425565837467117,4030,688333496.9015622,49.75438186860185,-0.21811871648856163,887542647.0059042,79.00312900596919,-1.1481086806641647,528
126,MA-24,623635448.2973413,53.235724927486636,0.014915544308489737,4030,624703736.8341354,51.25388391207568,-0.0033212599839147483,616503089.4249086,66.38043560167067,-0.0364498760879024,528
126,MA-168,638885471.4211814,53.52273506072077,-0.0338508858434341,4030,643854546.5937067,51.572492802239445,-0.0657794471634423,604895361.4319806,66.45786458572383,0.0022119512394597196,528
127,Mean,328272160.22761506,129.51545777618324,-0.11744643974775437,4030,343163996.38420796,127.04016255710411,-0.11967752127273767,203578081.17057726,145.93304083909047,-0.1262913827746983,528
127,SN-24,358923828.3210835,97.14330226952066,-0.3358669110540333,4030,377351099.70385385,96.83741345192398,-0.3538818483410213,197075091.01323193,99.17213302562587,-0.05548532575756271,528
127,SN-168,350073365.90656555,95.12495275135252,-0.27079866674904673,4030,368491945.774504,93.01950199710059,-0.29105732272785634,186465910.7155528,109.08951438277357,0.05509614362393889,528
127,MA-24,314091242.2835245,119.59437141662646,-0.02298735267998775,4030,327419834.38415927,118.14511072824227,-0.019294063094667413,204797145.83187035,129.20670272481084,-0.13982066819648775,528
127,MA-168,327851851.110569,124.92888923441656,-0.11458678665346955,4030,342544495.1937085,123.5247841782672,-0.11563854596027756,205320875.88946274,134.24172239092232,-0.14565787501824,528
128,Mean,1354075622.8112907,93.55146844429576,-0.06142980920605945,4030,1417128595.2032516,92.37497659277675,-0.06478510806334858,821336208.4331579,101.3546397776661,-0.04359691122801079,528
128,SN-24,1774097898.0910406,84.27425444527647,-0.8220513135496181,4030,1855870354.062559,82.6489916825981,-0.8261595312455445,1085664072.2399094,95.05393284470772,-0.8233992800491592,528
128,SN-168,1699061262.55053,81.34983587446558,-0.6711811087982154,4030,1773425678.5797865,80.05030163810464,-0.6675137774703876,1083550965.1559196,89.96909514669288,-0.8163081580164642,528
128,MA-24,1311445587.1948745,87.85472803321701,0.004351616071798903,4030,1369988916.5159755,85.86756843989772,0.004875192446713639,823836817.1199058,101.03471457830055,-0.04996117487715912,528
128,MA-168,1341741107.8122768,91.94444371401632,-0.042180378824375975,4030,1401794541.4317749,90.59278494134776,-0.04186674148518743,841126864.5018297,100.90942292213244,-0.09449518412183244,528
129,Mean,560126624.1833421,93.64724933858146,-0.1639459773099765,4030,555102156.3529549,90.39945050452229,-0.19765217590465034,592374051.2547032,115.18852115084515,-0.03492439012722692,528
129,SN-24,537967532.3502967,79.37088459241528,-0.07367421332433799,4030,530400332.82824296,77.56264520046778,-0.09343370007276697,585688035.362634,91.36416934733987,-0.011694232657648795,528
129,SN-168,441529990.1450576,71.5899226384133,0.27676271627317717,4030,415425438.6790128,66.801509481723,0.32923398068013465,585937156.1573526,103.34943565873425,-0.012555058411397813,528
129,MA-24,540247195.0367686,88.91910346331198,-0.08279298290018078,4030,530427849.12900245,86.60476114672853,-0.09354715411541425,601329759.980551,104.26915420701499,-0.06645360167821379,528
129,MA-168,557058683.3864846,92.02200043089516,-0.15123050251370662,4030,549163069.3695027,89.32159589612931,-0.17216169898356481,606832170.392111,109.93263808383075,-0.08605985894012846,528
130,Mean,564581660.3231006,52.35959773011095,-0.01858209049180881,4030,568966220.6677564,49.83556938937103,-0.04095378282902984,534591270.1543079,69.10040691433663,-0.10739714672577394,528
130,SN-24,633670401.5334759,54.0475662516913,-0.28312612194718434,4030,633697267.3898611,51.72273251123867,-0.29128513046094295,633492182.8664919,69.46720215901165,-0.5550422586508703,528
130,SN-168,653790858.4233572,56.128379380034424,-0.36590404221442263,4030,629597771.0055072,52.71256047210896,-0.27463208071309,795850623.7957933,78.78405706100969,-1.4542725910959455,528
130,MA-24,546712888.0739807,49.742551858029316,0.04487299009477863,4030,552566799.7955176,48.52886847160605,0.01818863261869552,506175646.3186385,57.79239886419275,0.007199088128163278,528
130,MA-168,565302806.556537,51.7918630468542,-0.021185844073702054,4030,571573588.8635207,50.081167081985136,-0.0505162794253835,521807376.5091458,63.13818363202741,-0.055067155694169756,528
131,Mean,487548060.3657804,50.589497384524925,-0.006545300533089771,4030,503859644.5041805,47.05555244766361,-0.012328311456741625,361171531.68552226,74.0286549013589,-0.03755498375321631,528
131,SN-24,655999696.9445338,45.74026802634912,-0.822240677093097,4030,686162969.9204571,44.15605714676929,-0.8773998750258072,402271401.0146448,56.247666701137966,-0.28713000635064523,528
131,SN-168,636527571.2051648,45.95677781900132,-0.7156666102008815,4030,666519566.1172688,43.06006101653655,-0.7714464845881932,382046813.52959865,65.16947145959146,-0.16096001537360394,528
131,MA-24,484664916.46594125,44.73384121627353,0.005324029122879548,4030,502521459.6235615,43.34588435937533,-0.006958230616713745,343486223.8010227,53.93957021789747,0.06156813543904094,528
131,MA-168,489979325.87174225,47.64078171087008,-0.01660904918196615,4030,507248598.09806544,45.59308958025572,-0.025991922910746812,354764000.9575888,61.222254895361495,-0.0010670967843668944,528
132,Mean,790056463.9649961,117.49449838760614,-0.11533955402994933,4030,819791138.6955506,115.36149281209525,-0.11939773033290346,553804229.3095344,131.64181945851362,-0.09532596436002927,528
132,SN-24,743311561.0908982,87.53219328241944,0.012737552418822795,4030,765938155.6992779,87.18225938571629,0.022840649427501747,570977270.5307708,89.85315636244677,-0.16430962290488238,528
132,SN-168,662892913.0453961,82.85254152535589,0.21480487447278596,4030,675259536.2505274,82.5123216318455,0.24051459040666623,574167499.5570889,85.10907574329799,-0.17735669621458272,528
132,MA-24,773723207.2559243,99.90762291054912,-0.06970023100787048,4030,800940611.4297619,98.08789323669654,-0.06851005343487859,560702179.9543064,111.97711783068497,-0.12278172623211225,528
132,MA-168,793103156.5483383,108.01788529043665,-0.12395830202597335,4030,821525700.7612975,106.72077332107696,-0.12413971616763386,569764318.1711793,116.62107869327312,-0.15936808802321956,528
133,Mean,193981518.44885942,86.19983141256449,-0.09225433275796235,4030,202478461.88526508,83.57631865716994,-0.10202410675867268,123635288.75942017,103.60047851368518,-0.031707370245848576,528
133,SN-24,218694441.30176017,86.77656040492703,-0.3882847589412517,4030,227964237.35907778,84.36472309758027,-0.3969049959792168,142707781.10716763,102.773254060852,-0.3745702657472625,528
133,SN-168,206187104.777884,87.782462425607,-0.23403099468967414,4030,215124824.0797483,85.02732644265835,-0.2439831134656627,132430014.52507626,106.05611055493682,-0.18370775098316372,528
133,MA-24,190299944.6075167,84.87060116592468,-0.05118799090891346,4030,197950509.384237,82.05082742390421,-0.05328688346995247,128503289.29964511,103.57296412909834,-0.11455146468637123,528
133,MA-168,194904069.59411183,86.47109048200593,-0.10266827987503291,4030,202495830.76848847,82.83352184622589,-0.10221318117981437,134079627.58491622,110.5975400321986,-0.21338110584676606,528
134,Mean,587455880.3888044,85.15084616018244,-0.07474752257398243,4030,619616971.0923697,81.99410334844823,-0.08623481875743111,296011233.99553335,106.08818200619213,-0.006918480977433639,528
134,SN-24,765058294.9456323,90.04197034311578,-0.8228250925150318,4030,807516141.6720341,86.94354436617587,-0.8449284821944287,377451389.4780723,110.59251536441043,-0.6371933881656817,528
134,SN-168,716109080.4661227,86.63120589117187,-0.5970345192376081,4030,751318954.9552394,83.02075403808044,-0.5970768055712257,412456757.0335684,110.57780132588051,-0.9549460227548092,528
134,MA-24,574269846.2675377,80.96077437836459,-0.02704144125997532,4030,604566046.6659538,77.85656771397309,-0.03410494939842623,304808789.0271766,101.54966024711275,-0.06765981348277195,528
134,MA-168,584536937.7016048,84.0000092413389,-0.06409367546548239,4030,615148170.9236034,81.09692338737138,-0.07062303934183212,313224801.5353241,103.25494609852484,-0.12743161937313685,528
135,Mean,230307856.5383693,75.0339885750102,-0.033941967517977734,4030,240994409.70551175,68.72926226575002,-0.04675767189003843,140128867.25324968,116.8505634519593,-0.01940248113738563,528
135,SN-24,290333748.85807246,69.05316331686784,-0.6431367176524252,4030,304774467.8565734,66.0000965547011,-0.6741307712430615,165211134.5598792,89.30285990987517,-0.41699752239902876,528
135,SN-168,298708586.8264292,72.67812986104683,-0.7392982952646527,4030,297343675.54812235,65.8079136872317,-0.5934910435767602,307608205.2422129,118.24535910479798,-3.912315986408098,528
135,MA-24,221161884.0961964,64.94883351630429,0.04654715498605766,4030,233415429.86916983,63.027062350096855,0.01804555845284772,109397952.98459792,77.6951263648998,0.3786892684542905,528
135,MA-168,228825160.7255549,71.6899653777602,-0.020672018849958507,4030,239880279.21069023,66.62093899537692,-0.037101606557849554,134140367.8346931,105.31066687606759,0.06586541953413028,528
136,Mean,764724383.8776944,88.28415192545512,-0.03770975772778451,4030,802340589.62648,87.05357303802188,-0.05122644036450774,440264335.36337596,96.4460596220294,-0.020278520808968414,528
136,SN-24,908073818.7570329,73.29765141463413,-0.463215634226926,4030,953510103.1417431,71.95107244002938,-0.4846679974634769,513411995.73198956,82.2289384772589,-0.38747049158107294,528
136,SN-168,795442926.4174415,65.90239491956031,-0.12275260741788263,4030,830217442.835972,63.78220137099157,-0.12554394611528075,507720040.85400456,79.96473925116584,-0.35687657469060574,528
136,MA-24,763122811.3385645,81.09565105080836,-0.033367730335438495,4030,800508738.316457,80.2866295260393,-0.046431737836076126,441169512.7745009,86.4615476033486,-0.024478190786627607,528
136,MA-168,787324245.2466624,86.71470767938585,-0.0999508382686396,4030,826137037.0033684,86.01771443553545,-0.11450734375787852,452247824.7163179,91.33756817174203,-0.07657602843351041,528
137,Mean,3054015115.7582717,70.33580325418122,-0.00043954414558466937,4030,3190971157.439372,64.98539217507265,-0.000547650092961316,1911607148.7103817,105.82281007054144,-0.3602304395769418,528
137,SN-24,3604857217.519235,57.90925701325036,-0.39387754108627293,4030,3810988344.902724,56.59007882361139,-0.4271422388092363,1690028834.5821788,66.65880629377247,-0.06317174526424196,528
137,SN-168,3809389480.528515,59.694221793270884,-0.5565362576128043,4030,3964126939.107769,55.58854566220931,-0.5441416057992368,2556056879.916144,86.92542976860726,-1.4319588677931718,528
137,MA-24,3064556088.9099984,56.494317511540125,-0.00735752269093215,4030,3233585691.4744425,55.86824295425596,-0.027450168631997007,1526645641.9771194,60.64680444261808,0.13245565733214737,528
137,MA-168,3086023342.6235504,58.995681204691785,-0.021520058005513043,4030,3249577741.516962,57.31601874936189,-0.03763803239655572,1628116319.811239,70.13616968682295,0.013297890688870329,528
138,Mean,876341922.1502962,77.04908521043436,-0.09041996419755916,4030,917251483.9091442,77.70186858718388,-0.11139554216176117,530385822.7440367,72.71945001085695,-6.656121209758226e-09,528
138,SN-24,958850025.5090309,73.9921469912962,-0.3054131610817501,4030,999388182.3858836,74.31794773384672,-0.319350614820203,626799147.5984149,71.8312488844554,-0.39660304185448814,528
138,SN-168,911788062.1258328,70.58584271666203,-0.18041419151632332,4030,943651158.9489903,69.41894287013564,-0.17629096076750428,662751332.797612,78.32539435025187,-0.5614116262473106,528
138,MA-24,826457266.7578286,73.27303294659899,0.030188289607389174,4030,859346545.8542836,72.4233131649932,0.02449730001693351,561506277.114079,78.90886377081016,-0.12079302744374631,528
138,MA-168,898201431.0736753,79.51764334839338,-0.14549738996004713,4030,938104910.3514475,79.44554597303633,-0.16250444690632282,566360081.813965,79.9958346523714,-0.14025362314505707,528
139,Mean,535174360.1783152,122.90025247137089,-0.14289097225471914,4014,536334742.76009357,120.84910434725936,-0.14405889392726334,527169047.1303902,136.92978514839945,-0.13498344578000276,512
139,SN-24,495207171.181994,90.82946866527422,0.02143865688444091,4014,485562026.4672954,89.88129352283714,0.06229560645562082,556716035.7709329,97.31483848717784,-0.2657769532870329,512
139,SN-168,469828396.1409843,88.70985810471919,0.11916872046420934,4014,462398884.39525646,86.23953568526909,0.14962579964348688,517794781.14604014,105.6064774658798,-0.09497715829863251,512
139,MA-24,523944842.6930448,111.40169726971239,-0.09543180176409938,4014,523665353.73469526,109.52535962937013,-0.09064698535609983,525852520.70901775,124.2355535518972,-0.1293216191366442,512
139,MA-168,534260427.36899716,119.41669613071102,-0.13899080905055028,4014,535424510.58369035,118.00791825922828,-0.14017894556408317,526229242.07174075,129.05251665011068,-0.13094029340465663,512
140,Mean,107188892.82524244,178.91195944548483,-0.00028915959496433885,1916,107188892.82524244,178.91195944548483,-0.00028915959496433885,,,,0
140,SN-24,85070974.66067502,81.95043119706199,0.3699299889784049,1916,85070974.66067502,81.95043119706199,0.3699299889784049,,,,0
140,SN-168,137042144.7963189,107.02727583726563,-0.6350622290590651,1916,137042144.7963189,107.02727583726563,-0.6350622290590651,,,,0
140,MA-24,103371099.55198628,72.58899003103025,0.06969733745293416,1916,103371099.55198628,72.58899003103025,0.06969733745293416,,,,0
140,MA-168,105901915.04274434,88.41676829616934,0.023586850711576846,1916,105901915.04274434,88.41676829616934,0.023586850711576846,,,,0
141,Mean,397897516.82138103,100.33972518741649,-0.018722100221584936,4030,418500986.61834955,90.05403329529639,-0.048832483274300786,216236565.2412871,168.56035588098587,-2.994726194467643,528
141,SN-24,431255200.65782905,72.50630692916297,-0.1966908242748644,4030,460591821.4937204,73.13803345158615,-0.27041496604181225,111569748.82498299,68.31633291112131,-0.0634612245895072,528
141,SN-168,431855368.0801222,75.75746601811649,-0.2000239532773589,4030,437117891.8610745,69.6311718174791,-0.14422207799270081,395181401.5187637,116.39057641704107,-12.34202478320545,528
141,MA-24,361295074.11066777,68.63159969451074,0.1600811054874537,4030,386026500.23703325,69.75476332533212,0.10762499797958269,89155414.26816717,61.182131824934174,0.3209149127502796,528
141,MA-168,379557964.4584193,77.40341154620486,0.07302187016689232,4030,405570230.75242126,75.8924741468562,0.014979437146447339,92776044.98976004,87.42481831233931,0.26463922854615296,528
142,Mean,153552845.57696855,83.47514399408269,-0.07258656139657393,4030,161420894.7752632,81.19268313694693,-0.07832796051244095,84507014.84888704,98.61373854273702,-0.038818395559629515,528
142,SN-24,191990037.03166425,76.62719384333214,-0.6767719415177296,4030,203213182.1782242,76.43394602389407,-0.708972676048041,86266416.68466565,77.90892464574151,-0.08252423399255715,528
142,SN-168,182691720.17325708,72.16136784177667,-0.5182886424325299,4030,193212184.8510219,70.29403116120614,-0.5449000557788106,84537122.12569603,84.54661984056072,-0.039558726155555224,528
142,MA-24,149320704.8707294,77.21903394218641,-0.014277230192190515,4030,156777691.60793525,76.12640259612587,-0.01718488237774296,84601083.29496403,84.46599412003495,-0.04113239092717369,528
142,MA-168,153335108.14845988,81.86019730185156,-0.06954686965016887,4030,161067866.57104242,80.82205961622121,-0.07361650219255589,85944879.3132373,88.74572414858913,-0.07446957419265554,528
143,Mean,374394121.4313835,101.31897691336775,-0.10304629877332228,4030,389710864.2998502,98.6433072316599,-0.10915483382339408,250091877.59503698,119.0655587795436,-0.06671610320085808,528
143,SN-24,469266244.0966274,92.71095029315882,-0.7329033041626776,4030,489563725.386002,90.36865209157729,-0.7503528732526603,301875344.5913036,108.24642056198171,-0.5541930580045518,528
143,SN-168,457485405.384252,91.62536661161363,-0.6469870611777806,4030,475271266.98177654,89.47280007063185,-0.6496441401081707,315054365.2686266,105.90242726789808,-0.6928585834983843,528
143,MA-24,369309245.2185062,97.62391868730579,-0.07328747017572979,4030,383368527.6096189,95.21323951181482,-0.0733467946767925,257298808.03054076,113.6129309459599,-0.12908132879054057,528
143,MA-168,374563376.5115579,101.71851313643711,-0.10404384857231386,4030,388909449.0861047,98.84131926533209,-0.10459771384812866,260100374.37093127,120.80171945577376,-0.15380291461337103,528
144,Mean,497685314.82527214,98.46929742274465,-0.11187299872974044,4030,515392573.1276333,93.32656660028758,-0.14117255834033937,358761775.2710693,132.57884920351103,-5.286049599217968e-05,528
144,SN-24,500508096.183999,91.00729849512916,-0.12452145346314314,4030,515769697.72753024,92.23823846606535,-0.14284321376159625,384235509.7282877,82.84299588486681,-0.1471114756061045,528
144,SN-168,522881690.1712962,94.36832263382627,-0.22730470733273123,4030,527068370.55793107,92.3982825427002,-0.19346288466360662,494216298.8761169,107.43476278368136,-0.8977751504262472,528
144,MA-24,489623347.4190095,93.73999315424463,-0.07614246392536539,4030,505486415.089014,92.87435436507373,-0.09772608543204386,367467741.1919851,99.48140800211675,-0.04917773869754427,528
144,MA-168,503264465.42779976,96.24971151412943,-0.13694135768007687,4030,520310416.10808986,93.30164265940844,-0.16305445161856746,370878984.00224906,115.80300153161593,-0.06874741373028015,528
145,Mean,364702203.457526,90.61618259135984,-0.2792657789145534,4030,382336980.8390716,92.91322446237857,-0.29655332931955014,213614157.6121933,75.38087836350464,-0.20325358553433537,528
145,SN-24,312516392.4092022,64.74293669187297,0.060645300273702185,4030,325533281.53575295,65.47788554041196,0.060085035338684145,206349596.12188652,59.86833277599513,-0.12280501867151705,528
145,SN-168,264195598.1749319,69.9012801125952,0.3286713792613005,4030,263775393.26462755,68.1130900121966,0.38288467665836234,266965898.27701142,81.76158642243585,-0.8793543636137422,528
145,MA-24,325628228.8716045,81.3176700178655,-0.019830748438851797,4030,341039353.2142319,83.09094930975314,-0.03158914581168393,194653581.3356947,69.55626077508042,0.0008702382727409086,528
145,MA-168,342544677.32518876,91.17663907572665,-0.12854389326494142,4030,359747290.66144353,92.72584808069212,-0.14787034372649455,192891167.52108067,80.90139298597462,0.01888078281729,528
146,Mean,321377290.4917462,90.57146224706794,-0.05773258617744781,4030,297247781.6823805,87.03237056308119,-0.09440445594879843,449765062.3463436,114.0447559541165,-0.00017609424574316357,528
146,SN-24,394829993.27377677,87.44461115067791,-0.5964884728991455,4030,383385297.426509,85.44646408906833,-0.820587330319932,463641395.6379526,100.69747291158086,-0.06284380602257089,528
146,SN-168,377523402.11481965,85.27939283891051,-0.4595980362942098,4030,360702534.964353,81.58085941406831,-0.6115322356167756,474219985.4727077,109.81019597110264,-0.11189747188978183,528
146,MA-24,315287274.3629941,86.51954205999,-0.018024894968633687,4030,288363751.4784122,83.07314038793996,-0.029963754995083747,455193827.4974218,109.37806224089766,-0.02446650965781294,528
146,MA-168,326449381.114071,92.43383967967638,-0.09138307233880427,4030,302235766.2121531,89.00606119534291,-0.13144206770728828,455560286.96754724,115.16884015720628,-0.02611669273181616,528
147,Mean,934347005.168339,124.71159058257231,-0.14034882283087513,4030,973117257.9967419,121.45819708146041,-0.1462535178787252,618470938.4719118,146.28996944790143,-0.11214825518860638,528
147,SN-24,875736749.7042687,96.83918611459276,-0.0017710402453181562,4030,908880588.2808573,96.45666688355394,8.291738616272859e-05,612049159.6606457,99.37627389318725,-0.08917258731422817,528
147,SN-168,834350652.2900697,92.92095200709987,0.09067623299406413,4030,864811794.9714272,91.08545130938928,0.09469787343250602,594011199.0535787,105.09504943774853,-0.0259196689762049,528
147,MA-24,911814109.242886,111.47274373447473,-0.0860102869075321,4030,948022975.4402369,109.21437175968933,-0.08789769692422622,620282295.1529269,126.45156694602493,-0.11867223891127643,528
147,MA-168,933061146.9005392,122.21383614938155,-0.1372122622885037,4030,970753710.4358321,120.50866478008354,-0.14069214375765693,628213105.7115518,133.52351443589953,-0.1474613737181394,528
148,Mean,416700989.9833236,121.78032892908124,-0.06285033403653517,4030,409956862.16327655,120.20832569908622,-0.06937708097152084,458930165.4403648,132.20675944317674,-0.03202818992908307,528
148,SN-24,513481736.73952353,85.65640331187613,-0.6138867340821872,4030,494958628.9581484,84.51303045558387,-0.5588070141838037,622540246.4473699,93.23991040039034,-0.899036085295376,528
148,SN-168,492852048.2848553,83.02324020058043,-0.48681242077230924,4030,475995266.3928365,82.44523193454862,-0.4416499424510145,592641572.3214688,86.85692381354151,-0.7210067609930293,528
148,MA-24,415090506.47468084,105.92394374010749,-0.05465071250720466,4030,408189598.35373205,104.41015304528428,-0.06017709868564869,458238272.32002485,115.96427520463557,-0.028918719263380632,528
148,MA-168,416410276.1564403,116.18933325622265,-0.061367844132451665,4030,409631743.23168784,114.45402082034502,-0.06768160077220076,458841640.683065,127.69892445024426,-0.03163008476830398,528
149,Mean,310792394.395504,132.61261848325404,-0.2277735436216468,4030,317759221.68742156,133.8215033165009,-0.231060933445717,259899582.8701329,124.59459824455992,-0.21179793420819193,528
149,SN-24,313233902.8866993,101.64279621723455,-0.24713948607453307,4030,318697434.00344414,100.62338426203756,-0.23834129898975132,274255360.1512602,108.40412323825714,-0.34936453509590826,528
149,SN-168,280882083.36204267,86.47539822560589,-0.0028259915202779595,4030,283540413.0338183,86.15951001414713,0.01980347436239649,262570158.89377868,88.57055071903119,-0.23682933374892445,528
149,MA-24,262927589.2749438,93.35083368993595,0.12128138820811873,4030,266665740.46036696,92.59319279554748,0.13300284739675716,236644052.14746755,98.37594431900504,-0.004639453513708425,528
149,MA-168,314740087.21801,130.64657256631332,-0.2591620553356573,4030,321195463.14777213,130.05866093985082,-0.257830229806822,268017261.21226272,134.54594096758555,-0.28867846988068524,528
150,Mean,206854917.50560725,119.18487389688872,-0.15859530031914004,4030,217486765.08084673,118.96678774848996,-0.16863890274145632,113427739.12228256,120.63134679782135,-0.11321569277608501,528
150,SN-24,234165835.7258029,104.55616431647282,-0.48472878551156606,4030,245456948.74642572,104.90548636944925,-0.48855653858013937,137532141.6169196,102.23925933631462,-0.6366249968965967,528
150,SN-168,218593810.84597802,96.94155809777803,-0.2938257367428987,4030,225749104.89582,96.87505439834979,-0.25911890953366346,163387927.27673334,97.38264892239475,-1.3098336041513385,528
150,MA-24,199882541.5508639,110.58505262737319,-0.08180700423910636,4030,210013148.90755448,110.697124280702,-0.0897017433917573,111406062.10022749,109.84172889639304,-0.07388658024179251,528
150,MA-168,204800884.52496505,120.33012513156642,-0.13570024398024882,4030,215392211.30761853,120.67285182973268,-0.1462376306745341,111470943.74908279,118.05696434183488,-0.07513778362915557,528
151,Mean,253270435.64688662,126.75529922955153,-0.16439247526262846,4030,255925345.16554213,123.2812671984253,-0.16416253053504737,234903260.59393287,149.79707986024118,-0.16730899491160645,528
151,SN-24,234406326.3636559,97.96301093805691,0.0026007147276732034,4030,235382004.2057897,97.56455479042849,0.015232891700243112,227829332.44262025,100.60580152327412,-0.09806239133149375,528
151,SN-168,219582869.9904411,94.50463841619445,0.1247596933695101,4030,219856311.05701998,92.8910084612271,0.14085810947073096,217760560.53752512,105.20716133720907,-0.0031507298634132486,528
151,MA-24,247878154.94702008,115.36591901476956,-0.11533904298755071,4030,249900021.91126108,113.65828792492599,-0.10999139011580561,234026241.8086414,126.69191158414873,-0.15860889590878435,528
151,MA-168,252635145.67420903,125.69344540890998,-0.15855840215954875,4030,255078959.14896232,123.61765691730623,-0.15647512026406307,235786114.12225145,139.4612698361758,-0.17609984337250006,528
152,Mean,311979620.9398581,118.20399071982092,-0.0001511293924991719,4007,306241977.0739423,122.31293547362101,-0.003891630181260153,349024944.1098921,89.83849439181247,-0.0920222557661392,507
152,SN-24,304544708.72376245,92.93662792973993,0.046950859144500035,4007,299818714.0791054,94.39944350361922,0.037778918083561486,335357962.39565367,82.8382955656816,-0.008174715978281899,507
152,SN-168,294120223.80865985,88.67447440536775,0.11107943603950099,4007,276522314.8391192,87.23293329083263,0.1815017385966704,394754321.6238804,98.62594166547208,-0.3969225996028056,507
152,MA-24,285293805.6151102,92.58620097829429,0.16363112574678518,4007,286360690.1613044,94.91067886184656,0.12222300509982675,277816979.3804403,76.5395094744816,0.3081114760971584,507
152,MA-168,340101336.41367865,117.23687223025556,-0.18858393098309145,4007,336298474.9342053,119.59223687365694,-0.21061817401068406,365275378.28350645,100.97695851841179,-0.19607759562514926,507
153,Mean,170806020.01805606,81.35632151989552,-0.0749160425501818,4030,175999098.18085057,79.14092434552543,-0.09659973090088991,131261265.49842702,96.05011111202437,-0.0003048916506207533,528
153,SN-24,206329529.6669171,78.93163213319002,-0.5685233002376417,4030,213441067.64487058,78.1630521782002,-0.6128100432460915,150904649.33690858,84.02929691041416,-0.3221004698223202,528
153,SN-168,201021502.15487364,76.0543165008287,-0.48885781898924363,4030,194543960.3806383,73.56708029641142,-0.33987028399962793,239591817.17725736,92.55109905361174,-2.3327534098747797,528
153,MA-24,165124976.48105475,74.35016766086828,-0.00460129953510946,4030,169665952.53374994,73.31444871236367,-0.01909964261537045,131083567.08955573,81.21965205038188,0.0024016534725765926,528
153,MA-168,172766412.05810827,81.17315663252535,-0.09973190868318182,4030,177938510.14143744,80.05683717440523,-0.12090072452572653,133482339.36688389,88.57723000816297,-0.03444364825203072,528
154,Mean,81175803.62432547,102.85496364950521,-0.0011578847149760207,4030,81834992.60668314,100.67820980418023,-0.0012508184340351836,76660343.01246388,117.29244843421742,-0.0006058590604034464,528
154,SN-24,99121605.14466165,81.29304841767464,-0.492746395082444,4030,100788439.52703089,79.7561809407346,-0.518749792136354,87264001.9469072,91.48643838783369,-0.29655748644897395,528
154,SN-168,95286273.73818572,83.15893060354897,-0.3794630310632561,4030,93008216.98566036,81.0518974311056,-0.2933242677288779,109199302.77560842,97.13398774350476,-1.0303048692844508,528
154,MA-24,81521069.16708106,76.40700922471792,-0.009692458201075116,4030,81795496.16148719,74.36487556186718,-0.00028457395328551627,79676990.36070472,89.95161545067123,-0.08090460606912986,528
154,MA-168,82640188.60316373,80.71752788566407,-0.03760481370184632,4030,82934909.4118938,78.51936713403484,-0.028346651625682506,80658176.95568325,95.29699559817463,-0.10769023948340406,528
155,Mean,253196639.7601891,83.7372524904924,-0.09283823154014614,4030,260744672.7040962,80.99206857877147,-0.11831200929609298,195905961.34123814,101.94489275345964,-1.4926719191565851e-05,528
155,SN-24,292647707.7305576,79.99976264322835,-0.45992403243035884,4030,299129693.39093345,77.42075987481759,-0.4718079762454923,245358579.19677642,97.1051938837102,-0.5686052908567254,528
155,SN-168,290104231.58500654,79.05805024963658,-0.4346571650596356,4030,293160914.86461496,74.54597194362348,-0.41365761576341176,268952658.01831824,108.98475143838256,-0.8847895305799696,528
155,MA-24,253071820.67352325,82.62895712434963,-0.09176101781750123,4030,259634341.54925984,79.91433081089579,-0.10880805365696533,204276979.2972283,100.63392180184071,-0.08730161654030422,528
155,MA-168,258640962.35354054,84.61638506050065,-0.1403406852151683,4030,265361863.52580714,81.5930054547539,-0.15826815807963235,208654578.37709376,104.66917933952547,-0.13440208625464511,528
156,Mean,972718253.3974279,48.19178521910682,-0.03148527966058978,4030,995731766.8932569,45.77395437370081,-0.06203958479796068,803566307.3945172,64.2282314702656,-0.16080630840021248,528
156,SN-24,1115014513.0028164,47.55695016383936,-0.3553452673542785,4030,1145632983.0588393,45.98161512458347,-0.4058759321121803,885531819.2538911,58.00547915526757,-0.40969339109197134,528
156,SN-168,1059094313.9635886,46.632089819337494,-0.22280773174750657,4030,1025377002.6263355,43.15510472044482,-0.1262197119975621,1260093866.1214612,69.69345689570518,-1.8544478741957486,528
156,MA-24,930476972.3364941,45.64495761827415,0.056156123782255984,4030,958349621.6731561,44.63058877112935,0.016206541726800805,718752269.1886482,52.372835843086804,0.07130142478734691,528
156,MA-168,966965255.3052634,47.30656023324017,-0.019320226624412795,4030,997860381.2205085,45.97622092090718,-0.06658516447168727,729658144.1990867,56.13013650556999,0.042904685368235884,528
157,Mean,207653014.7949272,113.88102142830753,-0.12229383490570944,4030,206479144.65912122,110.12686803285614,-0.12979783173731807,215276839.2484206,138.7807282291994,-0.08122093429531474,528
157,SN-24,206773549.57587868,81.89902259539527,-0.11280754593587838,4030,198674380.9083415,79.81962233300422,-0.04600097353158694,254037978.54604724,95.69080236602682,-0.5056260686450589,528
157,SN-168,188043754.92609626,81.55885779215345,0.0796607896760767,4030,178391814.88140315,78.80447327177274,0.15666873821197513,242525548.25669828,99.82752178907249,-0.37225499127110306,528
157,MA-24,204938228.9416646,104.99227411262855,-0.09314067196368492,4030,203301990.93123657,102.73863344309714,-0.09529628681790436,215476433.66840333,119.9397165836493,-0.08322677671077172,528
157,MA-168,206727369.978599,112.72112021521603,-0.11231054556067188,4030,205346092.9554349,110.9074823250244,-0.11743235007322284,215664984.21557906,124.75021091872193,-0.08512334013913936,528
158,Mean,86141719.27326526,106.85321582244678,-0.10257868593330799,4029,74223488.45993969,104.10222950408982,-0.14135492883493983,141848829.0262162,125.1339636153994,-0.038456722899895546,527
158,SN-24,93289864.96299699,90.84585924109273,-0.2931575829128146,4029,69276670.75840315,89.01419714925429,0.005712426796987691,186128968.07868508,103.0175492707288,-0.7879889537912133,527
158,SN-168,89012321.34140502,85.60478731847371,-0.17728815943276466,4029,63196793.515989885,83.01955850809082,0.1725760612257694,184484187.07339087,102.78404973585675,-0.7565284404321251,527
158,MA-24,84723107.83711074,101.49202381150498,-0.06656242284977676,4029,72306845.82936428,99.40361178172631,-0.08317051298784861,141895181.08768457,115.36985859003426,-0.03913550854340242,527
158,MA-168,85977357.57026678,104.57369592616304,-0.09837517518261851,4029,73971904.11796403,102.47059793297386,-0.133630679143953,141959734.19781578,118.54912130025883,-0.0400812022139847,527
159,Mean,139709570.20471057,131.99925771701177,-0.027823851191311366,4030,149695473.11667198,128.88320355775343,-0.03229121807349755,18730046.317792866,152.66672299300166,-6.917508594650457e-05,528
159,SN-24,183354705.8049159,89.6459319876952,-0.7703147975493732,4030,196441943.34655872,89.04534137039644,-0.7776789996595195,25530443.170467332,93.6293947562185,-0.8580998393116992,528
159,SN-168,162979298.40450487,89.43226061355983,-0.3987215500825638,4030,174397525.74283087,87.85454217907565,-0.40108839700457444,31811052.690960698,99.89659765440007,-1.8847515850182006,528
159,MA-24,139105842.95202845,107.85050693742897,-0.018959969777147423,4030,149036983.90384185,109.38717369183823,-0.023229386748350844,19254682.414486088,97.65844827466135,-0.05687848791417105,528
159,MA-168,139845046.92786822,116.36344496817172,-0.02981818444762374,4030,149828693.65145424,119.27544719574585,-0.03412939766364631,19370754.476259414,97.04936958755697,-0.06965915264035538,528
160,Mean,125230153.14607178,79.13263888157424,-0.005907390869463125,4030,133291060.1070904,75.95545648762216,-0.009466256978881704,43137734.97962806,100.20554180509727,-0.089468023191144,528
160,SN-24,171364768.37154534,68.30736057439472,-0.8835764516871065,4030,182925489.47745237,68.46755063314004,-0.9012455651564817,46902480.831928626,67.24488787415586,-0.287927573353683,528
160,SN-168,169118621.78766406,72.62309403744676,-0.8345224771565933,4030,180266531.0017159,70.26662262444513,-0.8463752296373797,52609849.83504608,88.25256920474159,-0.6204436610380129,528
160,MA-24,125865802.65528223,63.35573798203053,-0.016144977969239527,4030,134160819.17536333,63.50764249277751,-0.02268330237816052,39194782.706300355,62.34821980658376,0.10059285352934833,528
160,MA-168,126138058.92789435,66.48601440655634,-0.02054571346131584,4030,134375973.717906,65.49577837063839,-0.025966099772513518,40947398.78799543,73.05382993266363,0.018359544930232397,528
161,Mean,316666510.3659785,85.59241789593548,-0.1600990543234191,4030,329654772.2321756,82.19693477843322,-0.15986175961684324,211186941.37428254,108.11321690633875,-0.19965830132015205,528
161,SN-24,284927411.1889823,70.424464456855,0.06079744646297913,4030,296807006.1459512,68.99453125137754,0.05976634523615321,188009119.5926566,79.90860477045739,0.04921729253778173,528
161,SN-168,253480997.06487003,78.78567531370814,0.25667008038617545,4030,265683487.9683033,74.81694139126147,0.24661559850496695,149112661.4832732,105.10860371599647,0.40192935474250846,528
161,MA-24,305737114.5905952,91.4577481880059,-0.08140189310989632,4030,317946873.3248139,89.4213219268964,-0.07893830710537708,207287030.73135194,104.96449963953138,-0.15576011772684595,528
161,MA-168,312348085.84631085,95.71072048498912,-0.1286739406897961,4030,324932188.2562525,94.31999551333601,-0.12686779268858372,210643586.75275543,104.93480921743077,-0.19349313474905472,528
162,Mean,36871189.66563722,137.07560809191477,-0.06434628294078504,4030,37457707.68588538,136.4767869956418,-0.07069794562997056,32715988.60648628,141.04733437818004,-0.02753489356821226,528
162,SN-24,48074042.904819965,95.85575877315334,-0.8093806442551525,4030,48580849.1695371,95.20036577199369,-0.8010044282312481,44566970.46014642,100.20270250432965,-0.9067893085135346,528
162,SN-168,48431022.909830295,90.40171179059902,-0.8363519920488822,4030,50196456.10109304,89.47037889007858,-0.9227848458150663,34506497.8916253,96.57884780882368,-0.14308427697217407,528
162,MA-24,36610721.95126324,119.20896129827692,-0.04936175756060557,4030,37164524.68527986,119.38704144541614,-0.05400274665029636,32701043.661083847,118.02783123145588,-0.02659633440754261,528
162,MA-168,36857106.7692246,133.75536535706172,-0.06353338723237245,4030,37432127.036102846,134.9022058261753,-0.06923604106874914,32788979.473108795,126.14885906381201,-0.03212496285960609,528
163,Mean,201913473.9504741,145.0106995301361,-0.03868803550664279,4030,215097118.95467466,143.38062234495524,-0.040097189236665276,65612568.080858365,155.82230995154382,-0.07483592599717426,528
163,SN-24,269031597.71082336,100.31714521216782,-0.8440008155048593,4030,286798888.5141156,98.62888389696522,-0.8490968710069495,82929626.22406462,111.51466628383331,-0.7170680894906432,528
163,SN-168,273061691.2753045,92.36216763686501,-0.899660877668911,4030,290922241.51238054,89.2437622783751,-0.9026486008502772,88047324.58456682,113.04522741987948,-0.9355323272102871,528
163,MA-24,201609445.84399217,132.81965314948314,-0.03556241340474431,4030,214719676.795879,130.63125790075148,-0.036450166039973864,66668105.80134925,147.33435042421468,-0.10969679892546558,528
163,MA-168,202284781.50283486,142.66067997831416,-0.04251172611846199,4030,215447366.98089597,140.97953231885057,-0.04348717960254378,66710909.17907038,153.81101918937765,-0.11112218873214763,528
164,Mean,1069402280.1920182,77.76291337440901,-0.03573992411578897,4030,1098000017.312277,69.51086617516066,-0.06828288209422362,855871259.3995625,132.49524157851448,-0.16844134842640002,528
164,SN-24,1260895271.4060524,69.62429684955038,-0.43988078989143986,4030,1292372204.4526744,67.268084192386,-0.4799832264906896,1028009343.088494,85.25205579915196,-0.6857150151496267,528
164,SN-168,1236264029.5101278,70.95221388661548,-0.3841749068515645,4030,1230071513.9503117,63.97752870476404,-0.3407329966965602,1276576239.2004871,117.2123417404861,-1.5994624304696985,528
164,MA-24,1039627537.075121,68.72395169666406,0.021132173757308137,4030,1075027965.0943725,65.57369537641998,-0.02404985217490374,764403505.2306343,89.61826539646466,0.067958239712133,528
164,MA-168,1072108005.7947092,73.7211115831659,-0.04098766546521748,4030,1108732317.0349076,68.75510965577661,-0.08926860947973436,787184844.3521664,106.65849557884259,0.011575549903996785,528
165,Mean,798758860.7898055,85.28461387310578,-0.0002497758886541579,4030,809364901.5913068,83.05764095233663,-0.0015682992670724705,724494070.4110569,100.05518048017696,-0.026348608351664193,528
165,SN-24,996218305.9169766,70.66369377916718,-0.5559159058755687,4030,1013831825.1963601,69.81295507907694,-0.5715336187615654,870419912.8071136,76.30628265741706,-0.4814358935647767,528
165,SN-168,964250499.3346117,70.3007600806886,-0.457661991802103,4030,959915912.1132718,68.82223402445562,-0.40882878870021844,992520934.5997013,80.10719615820346,-0.9262141936534962,528
165,MA-24,798482658.8919884,74.10658274812397,0.0004418549257422244,4030,808439814.673425,72.49735406677298,0.0007199349341091565,729006749.837957,84.7799138884482,-0.03917412861981595,528
165,MA-168,817436841.4100236,77.6624618675182,-0.047575901593161385,4030,830460597.289224,76.52031752896504,-0.054459487454221245,725159211.9934922,85.23782071905826,-0.02823400820790778,528
166,Mean,218110673.23495778,90.88253914188394,-0.15605647840538772,4030,219685982.25429872,89.18530631412885,-0.19395024575031394,207359615.85205242,102.13956445021397,-0.014013339539068026,528
166,SN-24,271168572.67712784,90.41318967849364,-0.7869151279247346,4030,272486588.9095385,89.95789539520676,-0.8368420004710644,262259121.87142485,93.43296350438514,-0.622021156092847,528
166,SN-168,757474128.9557335,93.69175414409646,-12.943147574866229,4030,803648980.8337244,92.57363757713162,-14.977702601926696,309289989.325877,101.10774698029124,-1.2559373580437456,528
166,MA-24,217303681.88236123,93.0327958799103,-0.14751767844533448,4030,217613405.20886278,91.03057787619275,-0.1715284139902573,215238137.63801444,106.31265847274882,-0.09253097877086969,528
166,MA-168,221359990.937588,94.36813915415779,-0.19075790122093106,4030,222020997.52952987,92.62887367423292,-0.21946583043882173,216924837.59950835,105.90394921229567,-0.10972116971651347,528
167,Mean,926904757.2037295,86.64045872732602,-0.14673880969175523,4030,936000125.6487135,85.75376321629312,-0.1454802278579841,864159331.4333638,92.52153387815419,-0.15698941377592757,528
167,SN-24,1033287370.414048,72.7003005100099,-0.4250710937271396,4030,1044537396.3917531,72.45546018636733,-0.4265393947126932,955323226.6415241,74.32422250507858,-0.4139772142471858,528
167,SN-168,1048315665.9297829,74.09293841005757,-0.4668254629943003,4030,1061025108.3735589,73.60770463110715,-0.47192982645536485,959768737.0791149,77.31128820908103,-0.4271674635947018,528
167,MA-24,893338260.8132162,83.17228122009632,-0.06518773751492168,4030,902338533.057254,81.94456040288973,-0.06457139009318746,831180091.4803822,91.31523254937179,-0.0703652528215093,528
167,MA-168,907410533.276356,84.77196085278727,-0.09901070097351639,4030,916696776.4024942,83.39170289552273,-0.09872040828795559,843234241.2295474,93.92662631934124,-0.10163621560136171,528
168,Mean,863247433.3170487,55.01950839197735,-0.03490468133490254,4030,892174997.9787699,54.1812236301455,-0.050743302814586944,639056568.8273956,60.57949558124835,-0.020397762729002622,528
168,SN-24,1005066475.7585384,54.78434040119483,-0.4028761580707614,4030,1035389449.020723,53.82974482826871,-0.4151549786994355,774456786.3739727,61.11576785647384,-0.49859842079422956,528
168,SN-168,1025555454.6086996,56.47960496374797,-0.4606563721103787,4030,1040000032.5607635,54.54248225520677,-0.4277863947575029,924053000.5451816,69.32771807986782,-1.1334607348530934,528
168,MA-24,843409127.1921908,52.87538702504596,0.012115086681034004,4030,871410069.3450403,52.705561050012605,-0.002401439147932116,626789860.8089985,54.00177067005889,0.018399397651379434,528
168,MA-168,864452265.505409,53.9333784612586,-0.037795524821709225,4030,894124453.3804973,53.54857110044002,-0.0553401927187509,633391257.8996413,56.485642433960614,-0.0023860660155936575,528
169,Mean,511353587.2117022,70.33569677015201,-0.023412936363881087,4030,525794373.6740024,64.45288483069098,-0.05696575249919156,402672154.1531769,109.35389262619846,-0.42154767127322024,528
169,SN-24,609409962.2844396,74.26335270153268,-0.4535413385306437,4030,634608056.2425365,72.22003241740794,-0.5397145319174896,404314143.24085414,87.81582928298135,-0.4331646891912253,528
169,SN-168,633217012.3467791,78.71743760662746,-0.569326965220275,4030,639785238.1802768,74.23917091375503,-0.5649392285276065,587797915.5423661,108.41988070973201,-2.029104913512314,528
169,MA-24,508558474.8960116,68.14541300584236,-0.012255349404464821,4030,532470243.51839757,65.46307005472805,-0.08397616291627275,305823624.93319887,85.93625583690739,0.18002559646847205,528
169,MA-168,518232245.69023895,69.17243051562866,-0.0511317471586612,4030,540078998.6093334,65.44566288717381,-0.11517654354208973,339433503.30416363,93.89049914223652,-0.010107615080272359,528
170,Mean,284632708.63896054,99.81281730855204,-0.14175841939732559,4030,286686082.1939234,99.35796758635539,-0.1511686213858474,270619473.21328026,102.82964254933363,-0.08672136407167219,528
170,SN-24,328957879.1747523,79.4068651611537,-0.5250539151680937,4030,327881809.757709,78.70639130816359,-0.5057759998830247,336007774.68748885,84.05281105731166,-0.6753238423207817,528
170,SN-168,341999887.8551807,80.80001834459071,-0.6483769719772157,4030,339607283.455847,78.3609884763273,-0.6153986493353023,357463894.7643996,96.97706872083783,-0.8961141633006835,528
170,MA-24,276092735.49820703,96.88880592510827,-0.074272778003728,4030,276714631.9924553,96.14062789083273,-0.0724819015418281,271931962.5340411,101.85115341759499,-0.09728800164842832,528
170,MA-168,280436737.72259223,99.00726417614005,-0.10834361631419553,4030,281713763.08644336,98.49152818095126,-0.11158289055887805,271814950.6729595,102.42792223513845,-0.09634388249604098,528
171,Mean,422292589.2044851,71.07963901903908,-0.0680030129440563,4030,341586146.6271282,70.93017348760398,-0.11887729380379963,766308617.6073612,72.07098047942884,-0.009629520973304828,528
171,SN-24,517235534.01233155,64.7934439960006,-0.6022204262959543,4030,375613932.27426225,63.46994139189519,-0.35289891266202233,1051760613.9684663,73.57167528307845,-0.9019032848196484,528
171,SN-168,506236799.572239,62.78456679314115,-0.5348042088980103,4030,355017675.2096207,60.96973650388312,-0.20859811825227004,1058343081.075097,74.82156617378817,-0.9257839883567578,528
171,MA-24,411264170.5434094,65.86248892473337,-0.012948366250402854,4030,324699904.53797233,65.50632744731955,-0.010988659716373306,769212333.6887479,68.22475690561069,-0.017295445124984044,528
171,MA-168,419263757.4401465,70.07908660961863,-0.05273776338708669,4030,336189855.51832086,69.52291168874117,-0.08380505252705994,769436460.6762426,73.76795890680212,-0.01788835444384551,528
172,Mean,798040428.7285703,98.28280119168717,-0.1823498490771458,4030,833741447.637295,97.20506124464636,-0.24077564722647948,500479134.8909305,105.43099303740107,-0.007752789377041935,528
172,SN-24,989215257.6351383,102.11597551058973,-0.8166774537250467,4030,1034924219.6982973,103.34511111744038,-0.9118225423569695,604063074.352307,93.96364048181887,-0.4680695591105182,528
172,SN-168,1025332234.3982034,105.8273112720951,-0.9517556067194841,4030,1053384121.8048894,105.3919845307154,-0.9806330075234537,815198124.7927953,108.71464886359448,-1.6736736762602358,528
172,MA-24,767389771.58743,93.57081342615768,-0.09327200204141528,4030,801316200.0493749,93.95398335240417,-0.14614172353412913,485692763.34623575,91.02940986230308,0.050914536600258575,528
172,MA-168,799116887.2415308,98.41747508338702,-0.18554168975732543,4030,834512121.0444129,98.19908057751533,-0.24307054271884243,505048996.88634235,99.8659931886194,-0.02624033959652894,528
173,Mean,1492161061.451752,128.45113044230135,-0.16413377532184037,4030,1514346396.6935863,127.84835072762242,-0.16681372158992303,1335720531.1451201,132.44911256503917,-0.14739631713554524,528
173,SN-24,1677442374.9601285,107.13040266412544,-0.4711830205992358,4030,1698469713.440964,105.30870391803973,-0.46779932913076827,1530682834.3473792,119.21295760501967,-0.5067898024434123,528
173,SN-168,1709775441.9456778,111.36642318827374,-0.5284443611861982,4030,1753677117.5784402,110.51335727891617,-0.5647693875199402,1383777375.7929115,117.02444745829301,-0.2314440938415685,528
173,MA-24,1391087731.706806,105.88623337005012,-0.011767035009513371,4030,1406589573.8316844,104.49775457457338,-0.006667061518064843,1283540374.020794,115.09542416883714,-0.059500867562146675,528
173,MA-168,1478356003.4261217,126.06222859598009,-0.1426929364876932,4030,1497705661.4247885,125.1722629620221,-0.14131102782388805,1342979692.6913512,131.9649930848452,-0.15990157996371357,528
175,Mean,1340138155.428371,73.0562609275624,-0.10616172246161915,4030,1355768611.7384264,74.3299747259738,-0.10520647258866211,1231456503.7861881,64.60825766612922,-0.11430729784458427,528
175,SN-24,1242581191.8342311,48.007640391259336,0.049025146914723705,4030,1243942385.491022,48.18093293082225,0.06959335907718689,1233514951.7886152,46.85826449438558,-0.11803566451327985,528
175,SN-168,1318550136.8500912,52.54886320025557,-0.07081088653790046,4030,1290707237.2593699,52.00322867901919,-0.0016771342205512685,1490109522.8766723,56.167825498304346,-0.6315605719364406,528
175,MA-24,1301142569.4604177,71.77949152251605,-0.04272372075845765,4030,1318900571.9471045,72.97928746467134,-0.04591497893639285,1176596747.9154353,63.821754042539034,-0.017236906919648742,528
175,MA-168,1322924586.6462185,72.76721381256804,-0.07792776218436859,4030,1343083629.8444343,73.89325903965587,-0.0846219295986439,1180536806.3061638,65.29863353745135,-0.02406113713766267,528
176,Mean,388172338.09706247,74.01588897254179,-0.10709859449673487,4030,411426365.7785472,72.55680397034588,-0.12011210431709363,165385541.68202424,83.69338078634865,-0.0293155723971934,528
176,SN-24,473275586.5880702,69.94151616045798,-0.645755583864047,4030,501937077.660402,67.97662268125654,-0.6671543388679559,196474757.6659796,82.97382101682797,-0.45267006352211925,528
176,SN-168,490959983.8622963,71.21770990621235,-0.7710438916689502,4030,519457397.64327216,68.6478042352554,-0.7855709939722382,223744156.56341296,88.26280395865776,-0.8838957520519388,528
176,MA-24,366264867.3174069,65.72723955104787,0.014338808547500026,4030,387690329.57683194,63.96937284876909,0.005402901694756768,164342309.31933197,77.38642362563166,-0.01637092734668344,528
176,MA-168,376112118.01350653,71.00268787477488,-0.03937384728389892,4030,398062004.34742796,69.24662925948158,-0.04852478872442534,169566329.3136741,82.64987967545137,-0.0820135536677411,528
177,Mean,73373860.96111141,135.2496362635214,-0.00014029954039962433,4030,75849744.28967641,133.83133378680546,-4.5033164042251883e-07,54159490.99234054,144.65663488749738,-0.016844022879593634,528
177,SN-24,84973563.13902535,84.63465015321539,-0.3413615137139272,4030,87833475.35272118,82.87241943633833,-0.3409484656133097,62790138.8356351,96.32277888522948,-0.3667468407184924,528
177,SN-168,87428008.99236703,81.12417348116006,-0.41997062018043163,4030,90723329.86940439,78.02133421622844,-0.43063853089631765,61236412.282719776,101.70398996939973,-0.2999440744113193,528
177,MA-24,75275399.53091563,93.61926829082856,-0.05265078991791694,4030,77753800.4308356,91.62075501909193,-0.05083663411097494,56132557.18500407,106.87455896814248,-0.09228217629356128,528
177,MA-168,76124147.09546888,96.27993336085184,-0.07652237723556654,4030,78670897.34858938,94.41540766393086,-0.07577181436212244,56392934.95012224,108.64654129762702,-0.10243904896464073,528
178,Mean,514491499.9616461,52.4808275199101,-0.10677533786643423,4030,518764974.6552362,51.95804660629625,-0.13189304473435715,485195561.14237607,55.94821153406863,-0.008748136008761342,528
178,SN-24,488821829.50279164,47.18812753369088,0.0009108344981171301,4030,483782448.9749983,46.010080283350185,0.015616521417877172,521013605.8884776,55.001615167579324,-0.16318083140083606,528
178,SN-168,498022313.4716331,47.77384354686033,-0.03705232118330848,4030,469116347.71030986,45.507372983862936,0.07439597664292663,658366936.8057859,62.806381258255925,-0.8573131437130772,528
178,MA-24,477937825.28523666,50.303730404176996,0.044906539812379354,4030,477980321.17813003,49.609915996746565,0.039086859775701255,477655872.3584038,54.905507023156886,0.022359127516839217,528
178,MA-168,492316608.2114997,51.22963357289998,-0.013425992231911321,4030,492946818.5070687,50.28695738855519,-0.022031390440064635,488116095.671183,57.48200478042919,-0.020928587234124496,528
179,Mean,1047904784.9084631,75.44968129238154,-0.020835316295336304,4030,1068520666.2253116,73.69427025982695,-0.026656040513640678,899284188.9608295,87.0925779514842,-5.992600831117301e-07,528
179,SN-24,1199435132.3502147,61.589314841638355,-0.3374130926201746,4030,1232486532.6296093,60.0310753852679,-0.36591438604376214,951592717.8611563,71.92445608445894,-0.11971775432005405,528
179,SN-168,1145304706.7873275,59.27457050728949,-0.21942229325642582,4030,1154096091.643585,56.44318349498023,-0.19768622552239523,1085193946.067024,78.05395936544673,-0.45620014272626186,528
179,MA-24,1046480641.9665895,67.86621054298759,-0.01806249277952321,4030,1067435542.5652676,67.01279363334322,-0.024571882264029288,895164323.229575,73.52656284900009,0.009140962732402724,528
179,MA-168,1071794711.9395871,69.90046224140623,-0.06791149029595345,4030,1093899495.274485,68.903650368314,-0.07600417918719815,911717008.3240565,76.51189250574141,-0.027842232354658103,528
180,Mean,252215921.46270066,94.47196050108822,-0.11335154992069829,4030,262512496.57200348,94.22943769521198,-0.11747406032392971,168702752.4707128,96.08051138400225,-0.09511227607134898,528
180,SN-24,301209489.4628437,90.02315126741608,-0.5879053830801282,4030,313248026.1543424,89.2632700112226,-0.591161171712701,204119745.385021,95.06312126588124,-0.6031876050345641,528
180,SN-168,308626530.86268204,90.38439293145305,-0.6670699967649081,4030,321014124.9410618,89.36180397343789,-0.671035863048804,208609722.86520556,97.16679166434898,-0.674493256381153,528
180,MA-24,250735768.95354182,94.61289483060263,-0.10032228067049287,4030,260201088.66739225,93.08946405999397,-0.09788210111762052,175476753.1323569,104.71716482808647,-0.18482303934730515,528
180,MA-168,254440329.1278129,95.85837402604926,-0.1330764634883268,4030,264009957.46687827,94.8980958079856,-0.13025932941182483,178418539.46218053,102.22749205570629,-0.2248820502527804,528
181,Mean,1261378479.60907,94.63942932712641,-0.05373833770272052,4028,1336404526.2958624,93.24879670223442,-0.06294679446312235,546914713.0105289,103.85763801485741,-0.0010029119278442966,528
181,SN-24,1686725777.0208757,92.5177025609388,-0.8842169688323793,4028,1786198304.4399092,92.51758067959675,-0.8988689644091523,745022975.3358715,92.51851048650155,-0.8575283850395066,528
181,SN-168,1675937875.1423,91.06719220393146,-0.8601920259500129,4028,1773612361.847572,89.70436433898033,-0.8722035524679599,758491958.9156212,100.1010890359938,-0.9252985740469089,528
181,MA-24,1228364891.3446088,86.20462127963422,0.0006980454181464424,4028,1300077890.2592092,86.98853667891109,-0.005945369490554242,554016072.8430722,81.00821238291265,-0.027166521681389222,528
181,MA-168,1258776955.070987,91.88255291805596,-0.04939626390258001,4028,1333125197.488136,91.11635585913098,-0.057736582691110705,554192802.4405407,96.96151069502079,-0.027821952773409153,528
182,Mean,46083.93232545903,41.06525815512924,-0.04771241693409589,4030,41884.32811463915,38.412414915317534,-0.0235531307392689,67631.45518023576,58.660441916153104,-0.3105065593705474,528
182,SN-24,41624.77511180644,34.45849742902057,0.14523480311642012,4030,36479.437396475245,31.07897610902171,0.2235677815202458,66317.9616556672,56.87342860825538,-0.26009727890628054,528
182,SN-168,62717.6149379073,47.862363730889136,-0.9405377665975303,4030,58870.1678389173,43.63470917718381,-1.022077667584214,83882.26961838113,75.9026028351998,-1.0159607885689321,528
182,MA-24,26091.372068037275,25.567028917229795,0.664156562448158,4030,22168.611810555845,23.813279047783734,0.7132626402341726,44004.410895874564,37.198907786169414,0.44520293137520583,528
182,MA-168,43208.968322209854,36.99777650726166,0.0789338442066354,4030,39435.72558073112,32.976942133247725,0.09262469276610152,62732.02819731484,63.66626510157377,-0.12750997600101743,528
183,Mean,162759034.45460564,118.95023221767514,-0.1560914732308758,4030,165451054.63720784,115.96518340352213,-0.15487898611898587,143632527.76078883,138.74879461760665,-0.16893222961479593,528
183,SN-24,159381549.85972556,92.79038165437574,-0.10860818269936567,4030,162580955.19455385,91.71573406932578,-0.11515886458701297,136273027.5920873,99.91806317491522,-0.05221269061734568,528
183,SN-168,151687323.76905015,92.2226629722704,-0.004154564372988334,4030,153194980.44905,88.55890550775675,0.009883106609029024,141281027.49067003,116.52281191304084,-0.1309708601863666,528
183,MA-24,157974164.1516469,103.53774539616003,-0.08911595629310032,4030,160019328.19474724,101.66138306077079,-0.0802947985023692,143674453.12201613,115.98286073429082,-0.16961473599797694,528
183,MA-168,162821997.7836935,113.70436763159233,-0.1569861141679918,4030,165106631.7619679,110.66877681693725,-0.150075720014609,146771583.8821149,133.83815367879296,-0.22058404226677641,528
184,Mean,494229115.9282654,82.45845383295121,-0.10780713472996695,4030,514512025.3804385,80.82694363684173,-0.12289891883149084,329482257.2290227,93.27956880790448,-0.021500697283040493,528
184,SN-24,551383245.549416,81.62746496735919,-0.3788424164969275,4030,573778909.3162596,79.27402164726675,-0.3964930075890807,369987625.7259917,97.23685607903279,-0.2880982814014783,528
184,SN-168,537127914.4143603,77.01457584231963,-0.30846753120074255,4030,548754133.1787943,73.75677396375391,-0.27733617811876976,452517516.1635274,98.6221936050793,-0.9268388379963275,528
184,MA-24,479939098.0231124,80.42906902118553,-0.04467154638034021,4030,497894099.6704567,77.72296217190305,-0.05153459071348521,337481002.8520668,98.37752770714621,-0.07170008256916827,528
184,MA-168,493902182.1279145,82.11628316415853,-0.10634198509151616,4030,512955250.52233666,79.46905895844893,-0.11611401944044819,341616548.0487454,99.67419825581577,-0.09812657588831142,528
185,Mean,291213451.7821779,117.87564867740544,-0.28984890367270144,4030,302978913.2307828,117.0198482185796,-0.29328817398872475,196054294.7565481,123.5518100539361,-0.3214452730984665,528
185,SN-24,311953408.193376,101.67576711595885,-0.48011494654101283,4030,325588290.9916382,100.81501555725552,-0.49350972778315194,199146258.40935722,107.38476703751022,-0.363454857471597,528
185,SN-168,297441130.8355553,93.46624066399148,-0.34560633097829063,4030,307285086.5822735,92.26991409413331,-0.33031186899028264,221332732.63091505,101.40096726937654,-0.6841770808648591,528
185,MA-24,246820667.81231153,89.87843804330787,0.07342832311105785,4030,256769403.49019462,89.1055903488851,0.07112549311803928,166405159.17151368,95.00440892563451,0.048015154861661746,528
185,MA-168,277036579.30620736,110.1835121790502,-0.16732075387705914,4030,288023750.7950904,108.5259217878849,-0.1687647446762337,188604043.22429523,121.17760602348385,-0.22292115700812798,528
186,Mean,381559848.37332803,85.55558458010096,-0.1333923286546892,4030,398248481.7886558,84.94776778509177,-0.15469243332635219,243458427.12026802,89.58697551972631,-0.01791470940539064,528
186,SN-24,329035782.2696315,69.21517303638832,0.15716765721279669,4030,338931738.9067044,66.64788775206354,0.1636606291158741,253814976.20911482,86.24288717598183,-0.10635946090022208,528
186,SN-168,368388546.66885453,69.20432119894495,-0.05649433448692487,4030,384364238.612177,66.53270725032455,-0.07558319988237483,236534238.33264923,86.92400310816585,0.03916283333764525,528
186,MA-24,314634189.8631149,72.34466878345714,0.22933300324812944,4030,324494690.3038243,71.4490170165865,0.23339216797317974,239155419.6792594,78.28514697963328,0.01774958544999905,528
186,MA-168,361776276.27485687,82.38013223378566,-0.01890830547320288,4030,375261781.0016094,80.63781100523897,-0.02524281175883125,254869993.3490857,93.93620977615402,-0.11557604917724729,528
187,Mean,384253418.24487525,63.69040173021156,-0.03091703746721608,4030,367823506.27406543,61.911345031884565,-0.035753267194368776,479172718.5991041,75.49013005888797,-0.013170764614602648,528
187,SN-24,490503143.58929694,65.41009819418218,-0.6798551225282361,4030,466715673.60679245,63.793675198024445,-0.6675625140118178,625792177.5005606,76.13114617248593,-0.7280597000951665,528
187,SN-168,507843718.9997952,68.27638847683909,-0.800729207614072,4030,418424416.0119221,65.0974677931179,-0.34032892279664884,898474611.4859135,89.36082073894448,-2.5621327575326953,528
187,MA-24,378260638.73531544,61.26301203003429,0.0009883770473384512,4030,362908264.9483915,60.11177692896826,-0.008256591740734676,467494614.0616492,68.89866605263501,0.0356122047051457,528
187,MA-168,381937515.1323012,63.21259409604261,-0.018527769887468404,4030,364934183.5123747,61.29676163396511,-0.019545104193581242,479693008.4298593,75.91949803959449,-0.015372178063491893,528
188,Mean,180297204.86015978,66.42682478909985,-0.02865960575433224,4030,192341383.25598708,61.02708574912244,-0.03578788880829009,52337833.48315082,102.2410030428893,-0.020575961007593735,528
188,SN-24,248592558.9158299,70.6009685969859,-0.9555546071162817,4030,265283520.54577616,68.24752141598405,-0.9703614561719891,70072021.32503809,86.21038531643363,-0.829376700020305,528
188,SN-168,250221872.54025757,74.83051777994424,-0.9812726192567991,4030,265387147.2934746,68.63955497741941,-0.9719011072482622,103675156.09347764,115.89254758002363,-3.004637853522059,528
188,MA-24,176783190.96982342,55.75124388847335,0.011047038004838194,4030,188724030.9258966,53.99160445990366,0.0028057478019529736,48006911.30134021,67.42218570447903,0.1413397030942044,528
188,MA-168,178823907.1260403,61.3409276196217,-0.011916918836667456,4030,190792102.47507277,58.040279506671155,-0.01916886144808272,51360343.064188965,83.23272627786561,0.017189733988227318,528
189,Mean,470954112.0822345,146.76920484608536,-0.1346113992889384,4030,472514294.7200921,144.66935876338874,-0.13797928102452617,460472297.47547734,160.6965930688191,-0.11322046235188132,528
189,SN-24,513925647.43212736,106.753882515054,-0.3511094744026009,4030,511437097.20583034,105.82939425582578,-0.33318035321786343,530135542.78071254,112.8856209313745,-0.47552988472624724,528
189,SN-168,495821907.67760557,101.41079035538579,-0.2575966737048492,4030,507137963.6292385,99.93713267225107,-0.3108611632007148,412992268.4563334,111.18493657951021,0.10451563400977526,528
189,MA-24,464860378.359804,131.578299646233,-0.10543960148716347,4030,465534674.02994066,129.767103641915,-0.1046088524969615,460363062.86683416,143.59119435669055,-0.11269236205665334,528
189,MA-168,470471543.2866582,144.95975650934696,-0.13228740411931095,4030,471784291.7762619,144.00611943298065,-0.13446579360329203,461670165.9455234,151.28482666357954,-0.11901983906138303,528
190,Mean,86622778.8668611,119.59766572627231,-0.06781291776072917,4029,91073380.06799123,118.4110030408578,-0.07128620776574057,47414644.6236672,127.48323066805878,-0.05443402747133552,527
190,SN-24,110980655.52137698,97.02882061373978,-0.7527723682974528,4029,116812670.84613892,96.96145036288716,-0.7623919935655734,59064776.85866949,97.47650679682492,-0.6362571149302954,527
190,SN-168,107317022.16287136,91.11454233001525,-0.6389593169346446,4029,110502701.08535388,89.1115073504351,-0.5771332617770184,83101391.2707195,104.42503283948336,-2.2390004050563053,527
190,MA-24,85632497.33024782,102.40976208947099,-0.043537754360882586,4029,89930852.92805956,101.47836040181022,-0.044575963476166214,48148332.11282905,108.59907653005551,-0.08731882677741987,527
190,MA-168,86924133.67691478,116.50655720819655,-0.07525553982979338,4029,91324037.41084534,116.2221196609907,-0.07719123248339566,48416655.36264834,118.39669058640352,-0.09947151641097274,527
191,Mean,172415965.97921696,121.53763157169399,-0.19940535596582643,4030,180848797.8992119,123.37874407310545,-0.20403417493396203,99843245.76701312,109.32631342786262,-0.2251747485827944,528
191,SN-24,176439564.77158618,63.57357992859627,-0.25603858264912205,4030,183739519.6381888,64.11144755789059,-0.24283282347456203,117012597.06566708,60.00613212975401,-0.6827743844388441,528
191,SN-168,183120505.06288013,73.05833988127614,-0.35296007018807307,4030,191067884.10895374,73.81408828225608,-0.3439494990683465,117511927.37610832,68.04578135810992,-0.6971669046804239,528
191,MA-24,160355959.68380484,79.39265738228457,-0.03748358733397894,4030,168311433.259939,81.13780137979488,-0.04288110217392482,91497575.93716735,67.81785761091872,-0.028915790291481613,528
191,MA-168,163698459.0424705,85.2404706442688,-0.08118548591921648,4030,171888840.27295718,86.97029102351101,-0.08768446102875482,92557916.48305789,73.76730593194657,-0.052901623300561695,528
192,Mean,32584393.419462424,80.83921688102275,-0.6240235751628214,4030,32819324.56750285,84.49494556767401,-0.6928041229380122,30981134.74809636,56.59231941766536,-0.3013630325214194,528
192,SN-24,27042636.702651355,46.42787535986789,-0.1185904713809891,4030,27074618.44655629,46.99263665494399,-0.1520521009975524,26829550.409755606,42.682053285329104,0.02404315438935012,528
192,SN-168,29523939.524883572,55.292410467497334,-0.3332809136745356,4030,26510596.64510695,49.784984323822705,-0.10455268172381227,44627142.51457601,91.82083159467264,-1.7002376218981077,528
192,MA-24,19152720.84035111,34.34223068244847,0.4389080921459415,4030,19496272.555974804,35.050237371803526,0.4026201003752542,16696102.907609247,29.646322678430735,0.6220502606854907,528
192,MA-168,22135225.75174676,41.88250184929491,0.2505529418954452,4030,21364823.90529428,39.04797155493326,0.28262528448898716,26687872.477344193,60.682738763792024,0.03432334640704782,528
193,Mean,608011896.3754535,53.64270735568017,-0.07145825926721638,4030,625760958.2805612,49.461617172730115,-0.16126203920244064,473747043.22213227,81.37410474335277,-1.1748202555196707,528
193,SN-24,577962982.6503159,49.44689019510483,0.031831049295309444,4030,603444300.5000318,47.5941415747374,-0.0799102956237725,366572474.5590699,61.735385779435795,-0.3021171136385623,528
193,SN-168,651063895.400141,56.304894211667666,-0.22856553537615687,4030,660395557.8652174,51.706505810062296,-0.2933664430594285,585417877.0026476,86.80405364807294,-2.3209497571543807,528
193,MA-24,474368038.9734845,42.30242363976567,0.3477982736901991,4030,496617898.77349436,40.900939084773654,0.26859480912796974,285889617.58455956,51.59787612382253,0.20799647996624226,528
193,MA-168,520201973.9936915,46.37734196999065,0.2156767392529998,4030,541969799.8441344,43.87371217230109,0.12890910120539378,342428358.66369593,62.98285627209076,-0.13623926389369334,528
194,Mean,235907657.42989948,98.88755972782877,-0.09449617882123906,4030,173834588.48257905,96.58852565830028,-0.17906378601030837,473650800.2757688,114.1360773632242,-0.029178266772935446,528
194,SN-24,294029575.35789096,79.53258370794666,-0.7002477426797693,4030,192136311.10572603,78.66582545818574,-0.44040231093908244,644213854.058007,85.28142346298976,-0.9038563474467269,528
194,SN-168,285763915.0698637,74.19570172039475,-0.6059978073813901,4030,178942755.49046817,71.022294272534,-0.24937598601829158,641019054.2844069,95.24356702798622,-0.8850198765957544,528
194,MA-24,230106054.87523857,90.2424411004036,-0.04132493215169708,4030,164894585.0933598,89.4531045434047,-0.06090794414229572,473069211.2767291,95.47777561292277,-0.026652392112461953,528
194,MA-168,234645809.60554832,99.72481672872723,-0.08281877942476568,4030,170997129.5593079,98.60736220383866,-0.14088679444523877,475712861.00196373,107.13641852069667,-0.03815892379757302,528
195,Mean,100843212.34847677,100.73246981105133,-0.02831131695677125,4030,68817964.94197905,96.56626143613964,-0.06228240496721971,214958283.66035727,128.36516247949976,-0.006437430673622124,528
195,SN-24,132295610.45847897,86.79520335223548,-0.7697916486443346,4030,82149301.8189658,85.10291283906962,-0.513714915347514,298037468.9316803,98.01944838463488,-0.9347290016108465,528
195,SN-168,132638285.73998614,87.18666918819231,-0.7789718366785772,4030,114788575.79514468,83.73801115664243,-1.9555184298187487,216530991.99692962,110.06015484441897,-0.021218185176854254,528
195,MA-24,100319729.7230449,89.54014272478898,-0.01766298644379294,4030,67638035.5947777,86.92601742772482,-0.026167624606849182,215571829.48888913,106.87852679736238,-0.012190888708674574,528
195,MA-168,101371839.41959502,93.88889758400404,-0.03912053184593711,4030,69313667.49376653,91.22477264013949,-0.07764096981151791,215798079.547606,111.55890810183287,-0.014316662048981632,528
196,Mean,271987119.03160596,110.36954110636165,-0.16686858182004127,4030,277504863.91112614,108.62856328736015,-0.17324929166229674,232093324.41991648,121.91670838314808,-0.12645787162040256,528
196,SN-24,263847675.4499939,91.69149392815666,-0.09807452811206097,4030,269964162.4669803,91.11788522847303,-0.11035367182599543,218997450.43527606,95.49599708401294,-0.0029234208680060103,528
196,SN-168,229271209.99260038,82.81865356897012,0.1708667745490795,4030,228523627.04819575,80.3965295245546,0.2043696918774316,234169207.81068796,98.88357478780182,-0.14669845975675,528
196,MA-24,263060773.37174043,101.07254496984856,-0.09153447722530528,4030,267834063.9357015,99.95311871437525,-0.0929007493270464,228895737.5444412,108.49722441429476,-0.09563290398711222,528
196,MA-168,270836219.0400083,111.06107083496697,-0.15701438185141847,4030,276272823.87114817,109.96757987635424,-0.16285465346927697,231569040.04121497,118.31373245819003,-0.1213744232250118,528
197,Mean,110324729.15516067,140.53953024103456,-0.0885251701670633,4030,106144555.68860224,138.43344163717825,-0.09429278819710318,134808106.0204022,154.50832245827877,-0.06572688009037408,528
197,SN-24,139310220.15099242,100.33507761399068,-0.7356361735195855,4030,131943150.21077667,101.00944795986548,-0.6908761090144,180724917.47803593,95.8622652063133,-0.9153580696692893,528
197,SN-168,133679885.24104144,96.95776149382155,-0.5981769548858296,4030,126917267.28580539,98.06640641332262,-0.5645142213108887,171927385.4865394,89.60459007697922,-0.7334208788964305,528
197,MA-24,108937399.84417316,118.85214803361373,-0.061320972324052425,4030,104574492.8327521,117.78650500992318,-0.06215922202803936,134334720.695872,125.92010611877338,-0.05825531636233294,528
197,MA-168,110270144.27491273,136.5625070332491,-0.08744830702372863,4030,106079697.09394714,134.512144690042,-0.09295588292016088,134805841.9775861,150.16169060505058,-0.06569108356304931,528
198,Mean,455126819.4396591,104.24989072935603,-0.09638899199890205,4030,481114557.022697,103.0424852193462,-0.11443605868611151,213926574.61886698,112.25809924461039,-0.0012124616766544527,528
198,SN-24,481117145.9121924,83.61914275366921,-0.2251844585196514,4030,508038204.53014475,82.61175291284255,-0.24265595592991995,234209573.14729062,90.3007321903642,-0.20006855702447446,528
198,SN-168,429730656.7221086,80.40519070792486,0.022554650987508973,4030,432892249.2802694,76.65104648337243,0.09776892575910445,408141721.0223359,105.3048366821344,-2.6443388827500045,528
198,MA-24,444132432.0322577,98.93461803085182,-0.044058386382999526,4030,469065416.09213287,98.16117815938487,-0.05931467418857572,215030637.83637053,104.06451657228608,-0.011573533579216866,528
198,MA-168,455844542.355082,103.10468749444766,-0.09984967123426447,4030,481553689.71001154,101.55827452003936,-0.11647136871782515,218977394.42758837,113.3613886997088,-0.049047950299225596,528
199,Mean,542154124.1330513,120.67941921601819,-0.19517055510056536,4030,559296955.332192,119.15456137179518,-0.19802524359246587,410724805.2577965,130.79315438736108,-0.1897212151182861,528
199,SN-24,598821596.7654153,96.42421030349884,-0.4580729850063059,4030,617964238.3082792,95.2786212837011,-0.46253997436771166,451772140.1139367,104.02241626435433,-0.43940243134918133,528
199,SN-168,529152171.02846736,82.92686954328333,-0.1385327250852333,4030,545150095.5827233,80.29619355835503,-0.13818601217529403,407443922.2145472,100.3750273069556,-0.1707900664596811,528
199,MA-24,523590792.4634109,113.32234520903421,-0.11472657542662401,4030,538915248.6740195,111.77486856128303,-0.11230016910005225,407619367.32628644,123.58610130832348,-0.17179856656196857,528
199,MA-168,537717882.3459921,121.42550322058565,-0.17569132243465724,4030,553672915.2767957,119.89697045639976,-0.17405276874351916,416708904.6592482,131.5636125769854,-0.22464130480339484,528
200,Mean,554212688.0566064,74.12204908176659,-0.1846917056327524,4030,577548871.6126691,71.62499613733247,-0.22053588861122475,363288831.54941094,90.68394190640355,-0.013479685781889517,528
200,SN-24,611255064.9513423,72.11550361536062,-0.4411107603576472,4030,639867610.0094281,69.51149533024542,-0.49814320274367585,369054342.93256176,89.38678583974219,-0.04590344956935333,528
200,SN-168,627863969.7211026,76.89568236104365,-0.5204899101170566,4030,651519330.2488395,72.32557927326984,-0.5532010863326013,439867115.8820772,107.20723731063447,-0.4857780772781428,528
200,MA-24,498911739.484442,66.05133221849316,0.03993670623943224,4030,520292388.04504776,63.78484624168139,0.009469121032045114,323080235.76467586,81.08397216318026,0.19844793568799968,528
200,MA-168,509460363.54346615,68.20759786519778,-0.0010902271696453525,4030,528337717.50024265,64.49984602702045,-0.021401063783130114,360016464.7796571,92.79954282219983,0.004696157678861224,528
201,Mean,645563880.326336,110.64247009902427,-0.057250217593573405,4030,672460207.5007244,109.69923088291334,-0.061381496147248304,426178209.14670706,116.89857565739636,-0.031095287772324953,528
201,SN-24,865343520.2977567,97.20333734409769,-0.8996624074102433,4030,901615066.2550714,96.3329837384591,-0.9080100240325295,568977599.0325065,102.97602356937495,-0.8378355944542379,528
201,SN-168,857099611.8464303,92.16557867508415,-0.8636396138703073,4030,902812468.8220415,91.19409360119262,-0.9130813083776488,448358098.11428666,98.60902702502379,-0.14121207552711534,528
201,MA-24,642948820.0708699,106.85230380824638,-0.048702114716969724,4030,668775297.3926017,105.23069196566426,-0.04978116810254596,434384624.97127104,117.6077672035541,-0.07118679899115588,528
201,MA-168,649122575.9245709,111.69765212465543,-0.0689386099740068,4030,675628259.5171703,110.45482046372612,-0.07140568011523385,434128618.4032622,119.94082726968264,-0.06992455336485714,528
202,Mean,328407038.75163925,148.1561824146176,-0.0009311408587662218,4006,350207469.49191505,142.47967834629898,-0.0001254404383612684,101983961.29165684,185.54800277373184,-334.820285641696,528
202,SN-24,406038377.5061429,72.12629956422947,-0.5300775922412466,4006,435761310.0715037,74.04816007656511,-0.5484636004745842,7239869.859811616,59.46677141668522,-0.6924065286610255,528
202,SN-168,420667240.11796683,89.44944168444675,-0.6423158037220928,4006,451450386.0418166,89.78612976581938,-0.6619720756292813,10937011.288802527,87.23163648176875,-2.862250993273688,528
202,MA-24,318386590.2082693,72.65751083845424,0.059218381525873776,4006,341694244.0396175,77.22706750341712,0.04790783537226462,5252169.363542573,42.557287200687306,0.10932222214618181,528
202,MA-168,323979866.9175528,83.03408349944374,0.025873556118467644,4006,347696431.2505832,87.20747696454406,0.014165230446806065,5574412.931906598,55.54343487895337,-0.003324565712695682,528
203,Mean,554041386.0585862,107.72175830369524,-0.13227011417003687,4030,589323020.7349446,108.39233496721931,-0.1621893588587111,198507702.75849873,103.27410778160943,-0.005627316126630699,528
203,SN-24,376988882.6578213,86.37365834449251,0.4757689789268793,4030,395926525.1070885,85.03263372958746,0.47543503809795573,212222309.65385115,95.26810569562402,-0.14938204399191135,528
203,SN-168,415736492.6966303,86.48951499650737,0.3624680916641746,4030,399835921.0362692,83.07257532986797,0.46502473969363745,508771581.56116664,109.15262619455883,-5.6058396068842935,528
203,MA-24,507040441.05478895,89.79388285945065,0.05168890984412422,4030,538901632.056577,87.14065195960981,0.02817273362115913,189893880.71026632,107.39163780498578,0.07975328772323365,528
203,MA-168,543051623.1274636,101.8543467820775,-0.08779701427881603,4030,577878747.9537072,100.21007879978139,-0.11748969883146398,189677058.6555348,112.76007874041285,0.08185357521090741,528
204,Mean,1011351340.2794844,132.25315370386025,-0.022148323772469114,4030,1084532776.7044516,131.4752472099695,-0.024321294137233718,74352688.21891585,137.4126774569007,-0.16352522636098965,528
204,SN-24,1096068084.3070772,100.16279582946251,-0.20056278249206327,4030,1175267249.4078856,99.20800087133331,-0.20288499015038508,90804032.00587203,106.49554572220583,-0.735372534884696,528
204,SN-168,1347769021.1558037,95.50519443580151,-0.8152679990042162,4030,1445012963.8668306,92.91178202544893,-0.8184205232515183,123283844.60641634,112.70619871810219,-2.1988567518041267,528
204,MA-24,996963085.3195442,107.3518672264571,0.006728514780792061,4030,1069108558.1603389,106.30962931987253,0.004607303814386232,72792872.20841414,114.26458909929647,-0.11521901349964447,528
204,MA-168,1005729704.5680277,130.442515775406,-0.010816603123934287,4030,1078484609.3601196,129.18002244094913,-0.012928384656148095,75826000.2651148,138.81609845962558,-0.2100930027252399,528
205,Mean,349655515.06283253,99.81126325957023,-0.11299167753959627,4030,363133166.74498004,97.35528067407296,-0.12726940008983534,241953915.25425136,116.10075381716757,-0.029648493693106737,528
205,SN-24,384204364.0974509,81.34840107182009,-0.34380340976099477,4030,397358784.5085888,78.81013152316011,-0.3497754387826648,281821599.8571099,98.18366614645517,-0.396922241426263,528
205,SN-168,349000769.9671381,75.84959724232078,-0.10882732991341193,4030,339574543.58541006,72.10972679976344,0.0142514759571436,406018936.277285,100.65457127610074,-1.8994542352571324,528
205,MA-24,342989946.80028874,90.26910366380199,-0.070961683826682,4030,355045892.3115984,88.61918144052005,-0.07761807967005163,248647906.54818586,101.21233780382728,-0.08740992946301973,528
205,MA-168,351151610.3065601,98.337148414832,-0.12253652303110218,4030,363911306.6090179,96.60372531910257,-0.13210571449701325,250583174.49472454,109.83420841718896,-0.10440278633448474,528
206,Mean,343422124.6251428,115.75612423295397,-0.13653855201652854,4027,352589569.4412708,113.33925289327547,-0.13739730144984774,275054308.8947563,131.77247426616455,-0.13785718712556716,528
206,SN-24,382881324.9931747,87.21716503858256,-0.4127196916747522,4027,394312901.30726707,86.03306616026615,-0.4225097309104686,296177488.38094,95.06406271894075,-0.3193345730370103,528
206,SN-168,362036404.0841659,80.13858287586314,-0.2630836564133119,4027,373861805.69987017,76.35967257703395,-0.2787789269211096,270926544.6031146,105.18102063268778,-0.10396160052934822,528
206,MA-24,335212432.55376863,105.65694214321088,-0.08284891482937695,4027,343648110.2952156,103.13655179489638,-0.08044133936818154,272795676.11305654,122.3593016673632,-0.11924668321059273,528
206,MA-168,343120366.8518602,113.48589949787211,-0.1345421246313554,4027,351875473.8057447,111.56227844595125,-0.13279485124220947,278223844.499669,126.23353218853708,-0.16423203772463468,528
207,Mean,200288075.86296692,140.9503755459292,-0.12833306643032105,4030,197284614.75899464,138.46787447895676,-0.13304969444508452,219169416.19280022,157.4157519408866,-0.103647377352176,528
207,SN-24,196374032.40780303,100.02812149209647,-0.08466404241617531,4030,186326601.99601647,99.50960481088887,-0.010676690463675031,253112746.20346025,103.46722266177282,-0.47196832859675597,528
207,SN-168,189639295.59663853,94.75831995565474,-0.01154170673148669,4030,179660325.44702953,93.94550190080227,0.0603483388019832,245775566.10611755,100.14939728158913,-0.3878669832819652,528
207,MA-24,198979001.7413458,125.80734065931442,-0.11363179603587814,4030,195613857.8423896,123.21098992752194,-0.11393989496723211,219999515.4834983,143.02783358116542,-0.11202328896561498,528
207,MA-168,200920535.40431792,133.60009007895513,-0.1354703034831768,4030,197813617.39000678,131.74829334235892,-0.1391342020778874,220421695.93868196,145.88227222206126,-0.11629534347024828,528
208,Mean,669418607.1024767,141.49029106421048,-0.2738191470631306,4030,687869680.9468414,141.5940913320739,-0.2708987043256299,531054468.4896945,140.80182792394965,-0.32340666710190646,528
208,SN-24,665376871.850137,104.08253053670538,-0.2584837578708046,4030,679962227.3596976,102.40866808029293,-0.24184724293253934,559088837.558133,115.18455008662292,-0.4668200109654268,528
208,SN-168,655352533.9823147,99.31466139813396,-0.22084963864417517,4030,658925967.6883727,99.54840016029034,-0.16619680659834857,631139554.5611101,97.76437135064981,-0.8692439391814422,528
208,MA-24,538575793.4233062,95.28797027478451,0.17547111822652572,4030,547241084.8587385,93.92593581111906,0.19562976393369047,477135738.1102736,104.32176703947474,-0.06831438739989437,528
208,MA-168,665444798.2389623,135.7605862639217,-0.25874072087659483,4030,681846995.1445138,133.8089047551081,-0.2487412658504462,544285314.6768641,148.70526172578755,-0.39017161540777057,528
209,Mean,758881673.3021675,57.355194310085764,-0.0014949284265655116,4026,761472041.715105,51.67478169112921,-0.022413674160379315,741491951.3957914,94.98792791067294,-0.9928495406460498,528
209,SN-24,866933074.5719328,60.292131639679155,-0.3069885075958063,4026,899504794.5694381,58.497322544038674,-0.4266770979992469,608602898.4445478,72.1827418982974,-0.34254750235184517,528
209,SN-168,930387055.9207467,65.54737103209335,-0.5053169219600844,4026,928769005.5329981,61.25802411675342,-0.5210172950822896,941036371.8039392,93.96429434622043,-2.2097739454098804,528
209,MA-24,738422329.4682865,54.192660937434276,0.05177747750349848,4026,772639713.7295109,53.14762188354608,-0.05262281493148846,450249513.1594416,61.11604466944349,0.26520171822901073,528
209,MA-168,772089929.7807964,56.98904092290763,-0.03666014151192143,4026,800220931.5912658,54.85841311362203,-0.12911594093087575,550540286.2068511,71.10445015942472,-0.09860061269119202,528
210,Mean,306193850.158376,80.63497316169457,-0.10918508984028863,4030,318936991.37768704,79.72528051037254,-0.12454692724942196,202283734.42708018,86.66857858769788,-0.021362122223665292,528
210,SN-24,328905313.8471134,74.00184940948026,-0.27983173738504274,4030,341310367.2559031,73.34033735099479,-0.2878543738561128,230293430.04569617,78.38937825193504,-0.32379555662121007,528
210,SN-168,318427992.4553929,65.62676580890377,-0.19959203405303505,4030,327926074.92141145,62.87719697445231,-0.18882984323279195,246329413.2066408,83.86348940407231,-0.5145735458171643,528
210,MA-24,290506974.6368693,74.65232456926536,0.0015548246940840782,4030,301829365.6228351,74.90413187277751,-0.007142165910262399,199779497.5525067,72.9821935524102,0.003769908848292425,528
210,MA-168,301233000.0280928,80.05977604080734,-0.07353495410959043,4030,313253520.74041706,79.89607325117322,-0.08482508417442558,204328521.49392116,81.14554719478213,-0.042115384602501305,528
211,Mean,445513269.76599634,122.88046092348455,-0.1256862455894452,4030,471197440.6576779,122.1643284625689,-0.14232148699413183,205714313.5778706,127.63026372296673,-0.026582915051907685,528
211,SN-24,562494574.9601027,94.59235803625377,-0.7944557262740384,4030,594663768.4501061,93.82735698074363,-0.8193885513839096,263635173.81791508,99.66628549155016,-0.6860549162068548,528
211,SN-168,552016129.6826247,93.47530843277035,-0.7282223086504636,4030,586321535.6741712,91.72426057552981,-0.7687000679646094,213804095.0157493,105.0892660010589,-0.10891191145797041,528
211,MA-24,421646076.1422105,96.95011374320774,-0.008305642448291461,4030,445039280.8154927,94.21742166429462,-0.019011746691918407,208117607.00600722,115.07490097872623,-0.05070949682131376,528
211,MA-168,427328889.97650504,103.5854748881744,-0.035668054874475,4030,451070206.05993396,101.06322300300481,-0.04681704255282648,210456456.46835008,120.31450159624997,-0.07445818331492049,528
212,Mean,165242494.6018171,43.60840801696414,-0.0584779367073216,4030,167817112.96533027,38.88725477297055,-0.025953006071624873,147029381.91159022,74.92181457087614,-1.938283495169884,528
212,SN-24,206486183.3180601,34.609436810325136,-0.6528000531253484,4030,217112836.89353502,33.716322658644884,-0.7172201723709748,113050439.1847808,40.533084081507454,-0.7371204791509312,528
212,SN-168,213903062.7111752,39.46921736434108,-0.7736679983709853,4030,222248865.00664535,36.47476861244394,-0.7994263712719585,147009163.10475615,59.33012556347701,-1.9374754321712926,528
212,MA-24,149278436.2244713,29.059702743180914,0.1361616545636718,4030,157112010.78263125,28.776701266886167,0.10076386301930573,79780896.71416757,30.936731474211594,0.1348662410177427,528
212,MA-168,158873142.0024193,31.515508685674547,0.021548522078358112,4030,166701475.78283972,30.372476796968982,-0.012357411238508309,91302707.83369929,39.09675428083912,-0.13305958344048285,528
213,Mean,234758118.26408392,90.89672522397643,-0.04002827495779093,4030,249170735.2795735,88.37745151978474,-0.04658349489562896,94081201.39259396,107.60599892109619,-0.000923083765540067,528
213,SN-24,303160440.0380078,86.2816645314526,-0.7343988010163152,4030,321924422.6210116,84.30334089938853,-0.746978920919549,118794911.29167241,99.40304589412011,-0.5958448676320347,528
213,SN-168,317253527.2198794,82.64262345743516,-0.8994017142633974,4030,333529890.6530178,81.16313581630206,-0.8752075205029342,174341585.62959164,92.45543731964753,-2.4371380785420813,528
213,MA-24,230147920.1066325,79.49941052710666,0.0004189459414398744,4030,244146826.17988122,77.76012615719476,-0.0048054451348260585,94500606.840969,91.03534587451475,-0.009867023407725828,528
213,MA-168,234863149.76296365,83.73970802762986,-0.040959106791026434,4030,249206641.25548208,81.86070978963109,-0.04688514596461002,95441402.56941228,96.20230618950809,-0.030074466344784945,528
214,Mean,326090815.85275835,128.99929148755334,-0.09378375935851335,4028,341268467.63423043,127.43454504152088,-0.10096686385157372,197600493.14316395,139.39431484155668,-0.0503349031728515,527
214,SN-24,318585278.51185185,98.08524998108372,-0.04401260746646751,4028,332845965.6057676,97.48831658269621,-0.047293764626871404,199453273.8939484,102.05083599200348,-0.07012396020341538,527
214,SN-168,278776350.1413384,94.55275391962903,0.20059623087856904,4028,285595187.17741835,91.31753665917867,0.22894795696612902,228365056.92213303,116.04515549237415,-0.40284940499136024,527
214,MA-24,324390361.46416754,110.78547655808948,-0.08240607038868553,4028,338929439.1840494,109.85195353782433,-0.08592669476738446,202881947.7742617,116.9871162050502,-0.10723182640854478,527
214,MA-168,330316454.5552542,114.86715722029517,-0.12231496212214243,4028,345273189.5902667,114.06556374331981,-0.12695775594173675,204893473.66044584,120.1923541138261,-0.12929654639765653,527
215,Mean,877707085.3477292,86.46797193069506,-0.0019607202184541705,4030,921727917.145293,81.65471261850175,-0.006964998483601104,494960591.950836,118.39227895967414,-0.22490529677266524,528
215,SN-24,1192764524.4856515,87.32567249425848,-0.8503799555604141,4030,1251630186.6990848,88.3886089132821,-0.856782138295382,684338970.8465674,80.2756661695981,-1.3415520306123732,528
215,SN-168,1101784946.554883,85.11685472995289,-0.5788655784324941,4030,1153171231.2270806,83.40739859991217,-0.5761461681522493,667374091.8622063,96.45495201670028,-1.2268960944683105,528
215,MA-24,898634455.0618103,75.36163939731124,-0.05031028918046476,4030,948868543.6612887,75.29605898492512,-0.06713899672094836,438166921.8925579,75.79660645067523,0.04006805353466547,528
215,MA-168,901362790.7891399,79.22350217333442,-0.05669764541854505,4030,950670853.2794969,78.13753039065195,-0.07119675897231303,454716172.9003467,86.42629229256563,-0.03381319249434367,528
216,Mean,202924822.78560182,92.05273418717982,-0.19642118856770208,4030,204299469.86919424,94.06150124409236,-0.19628334661669933,193560420.0246006,78.7294345028852,-0.1979907242846135,528
216,SN-24,193846681.9472937,67.83514548098746,-0.09176832032255788,4030,194580705.6603848,69.026723839189,-0.08517336505649276,188906034.4186455,59.931911749128055,-0.14106926120991758,528
216,SN-168,175501795.0990212,75.29712282446344,0.1050951311373628,4030,177085301.92949015,77.21315579369845,0.1011967996464902,164613952.47198093,62.58888900199943,0.13352980349747634,528
216,MA-24,190602688.04599166,82.3328834533246,-0.055532931351244263,4030,191794242.26912168,82.1960540659691,-0.054315783977527454,182502804.32078055,83.24041473082268,-0.06502408214471123,528
216,MA-168,195235251.2446352,89.04949015756799,-0.10746552670923726,4030,196626845.17819896,88.94074086698919,-0.10811593420883114,185741686.490773,89.7707780659145,-0.10316154087548512,528
217,Mean,233222384.15200815,176.41085899912056,-0.18960429723909278,4030,235323540.23627037,175.97677086690942,-0.17539882804278006,218776114.85864156,179.28998142147583,-0.32010902450925904,528
217,SN-24,221169849.26835042,87.60629513764233,-0.06982786855088308,4030,224136270.62500155,87.5283007371324,-0.06629847881359385,200386371.57843545,88.12359890769105,-0.10750667329943209,528
217,SN-168,205624955.72013605,89.1369071327818,0.07527264174494863,4030,207409185.8538763,89.01419534048009,0.08691653089618534,193374660.25776917,89.95080239157079,-0.0313572268699045,528
217,MA-24,215442568.049954,94.73269928415455,-0.015138028390343727,4030,217177502.99895424,93.63413052949275,-0.0011154820328174164,203561546.27824596,102.01903977435461,-0.14288220597074197,528
217,MA-168,219839233.66093612,100.61664800413337,-0.05699386336773027,4030,221918932.55535948,98.98897803376445,-0.04530545347867254,205513460.20657867,111.41229239093616,-0.16490505987386084,528
218,Mean,216316231.9886982,56.725186967269146,-0.010966106754843663,4030,220483505.10478553,54.395177196525694,-0.02353527945641476,186332162.17159694,72.17915328761684,-0.07690916694400052,528
218,SN-24,278306534.93530875,64.28484204968848,-0.6734208872640786,4030,285833398.3473412,63.55611941155275,-0.720190533510572,222016342.18206817,69.1181501533843,-0.5288796962550606,528
218,SN-168,280703471.16125333,66.3711124244773,-0.7023699453693562,4030,272123921.31359977,64.16386563211574,-0.5591361775479757,332043390.23587364,81.01084399048119,-2.419740137677581,528
218,MA-24,215320945.23014164,55.082282814479754,-0.0016844512112828003,4030,220109670.8914184,53.48138565398034,-0.020067372636663805,180369461.41489786,65.70035451157989,-0.009088934471377375,528
218,MA-168,219956134.36218193,56.32076959902095,-0.04527492965661528,4030,224957116.65513125,54.323014942264116,-0.06549172596545749,183366295.0495757,69.57102870501046,-0.04289947056721721,528
219,Mean,376465364.49139243,129.3300045330212,-0.23278089087163134,4028,387277553.13617253,129.0519381130436,-0.2319800379376309,294936287.27132726,131.17324784726665,-0.2601331688840458,528
219,SN-24,407314102.30464053,104.01908060404365,-0.4430943769191502,4028,417616408.05072826,103.21647320947156,-0.43256430857137973,331011765.59178865,109.33939477260857,-0.5872556684858004,528
219,SN-168,383748538.0388594,97.38529570710939,-0.2809415372549997,4028,390945621.3309411,97.23170335721763,-0.25542775581826804,332120278.1280029,98.40342681434655,-0.5979044679467211,528
219,MA-24,340380736.2261404,102.46038827254242,-0.0077801211726666875,4028,349605945.55395424,101.05090072115956,-0.003960529925091549,271412988.9056773,111.80358226845159,-0.06713970893496302,528
219,MA-168,370925796.3494071,127.48971011395085,-0.19676785719552692,4028,381774889.4738042,126.8809778641661,-0.1972193835466325,288884873.63743824,131.52486707275122,-0.20895359133496672,528
220,Mean,145048161.47997186,116.86036940563889,-0.12269413979476296,4030,152317053.95960942,112.62119209587833,-0.1302115053325541,81869115.04661857,144.97703406242186,-0.08633410669789976,528
220,SN-24,157355120.63065904,78.46773453410944,-0.32129185989113607,4030,165495253.69636238,77.09010077126231,-0.3342393581277472,85614989.24386577,87.60499483238728,-0.18801749414954272,528
220,SN-168,145175344.78442296,70.60543196105279,-0.12466383799521852,4030,150211614.30131888,66.69431156835009,-0.09918220404751166,105872283.59035383,96.54623426265286,-0.8167191085743299,528
220,MA-24,142747525.82980776,100.9837313789668,-0.0873620662436636,4030,149606827.60974872,99.07027524712376,-0.09034889896265352,84120401.67339231,113.67487413221357,-0.14690091316212417,528
220,MA-168,145547642.9738463,112.29834598543889,-0.13043957349315782,4030,152608074.98605502,110.46612808167842,-0.134534455665545,84981332.78533815,124.45067003651667,-0.17049698379724432,528
221,Mean,106740312.82496421,120.59530709718074,-0.19657532200182537,4030,107043410.15870413,122.31352862849786,-0.19821266050158592,104707791.19598724,109.19907262242216,-0.1858326237426562,528
221,SN-24,105164565.35647409,96.00838404795596,-0.16150734832494007,4030,104394005.68828969,94.44250863901438,-0.1396333657778983,110138988.47499946,106.39417132468591,-0.3120414779946674,528
221,SN-168,103276307.41021211,100.00859066067459,-0.1201714573392143,4030,102994803.90730704,98.76619750105516,-0.10928888577687479,105124322.03861286,108.24885741254431,-0.1952859471758166,528
221,MA-24,99336819.5649305,102.09641253521305,-0.03634319896801097,4030,98803816.83478001,100.68123027923073,-0.020848923970487432,102802075.52268575,111.48271605879283,-0.14306035815423823,528
221,MA-168,102494738.26085357,107.86674684520226,-0.10328125812059974,4030,102391885.27906087,107.30124063943688,-0.09633962347431613,103174323.19952515,111.61750959632029,-0.15135341904896538,528
222,Mean,806214128.034288,96.56374792152168,-0.19607170573923893,4030,842206171.1789131,98.68088056426157,-0.20843555047381157,506429071.2186682,82.5217052797127,-0.12955361626314565,528
222,SN-24,723480192.2958564,76.713030966806,0.03681502634653777,4030,750637245.3000634,76.51388490357279,0.040053844774645575,507842268.8537537,78.03388231802323,-0.1358664834136798,528
222,SN-168,745063205.5113796,78.3922318125377,-0.02151004379992849,4030,762787304.2739309,78.07309420746041,0.008726339280783812,614704531.1808226,80.50893615530404,-0.6641881413626392,528
222,MA-24,720337387.3886242,83.02994212806318,0.04516502020357638,4030,748508076.35635,83.31603828755574,0.045491861151092605,494409399.0665018,81.13238767627736,-0.07657187754511474,528
222,MA-168,763644781.8808168,88.7312768396886,-0.07309750463784281,4030,796428365.0421917,89.6322654764347,-0.08063764561678366,493894395.1260599,82.75540144975517,-0.07433021307334586,528
223,Mean,254832468.85602304,117.91662573851048,-0.1667226188881532,4030,258135718.05363387,115.9910053454004,-0.16421304778690393,231734635.40452236,130.68844887614588,-0.1882991765483808,528
223,SN-24,219838920.6266968,89.14379950409527,0.1317050801343771,4030,224005608.5257266,88.0382324239771,0.12329387031934436,189902922.3498253,96.47655691806092,0.20199209349464176,528
223,SN-168,188895389.06929103,84.81606649600496,0.35893685793175,4030,194638072.6703998,83.42440539653762,0.33810080962705447,145165921.67861506,94.04636416709334,0.5336915880422415,528
223,MA-24,247636300.84360293,106.6155275747654,-0.10175926140182301,4030,250131145.47412387,104.33103652670843,-0.09312997349430385,230406287.0298265,121.76758751850687,-0.17471509394332063,528
223,MA-168,254541751.33901262,115.25221144296927,-0.16406210055511727,4030,257680392.07205397,113.98942661463214,-0.1601095557650849,232655185.34242013,123.62772748243269,-0.19775880203965124,528
224,Mean,354468345.7099218,103.46347500545481,-0.2041832149796221,4030,364342497.55304766,101.95163964229282,-0.22309416627703538,280307195.66922826,113.49083758460881,-0.0936027198566518,528
224,SN-24,316084970.94363886,69.47238182731658,0.042485529769162755,4030,323981608.9188562,68.69430783685092,0.03287870022211359,257655176.52153274,74.63301651407927,0.0760066765668187,528
224,SN-168,252576298.09719938,61.44058238259254,0.3886036525917519,4030,247355422.2986757,58.2959502144375,0.43625448130613176,284791764.4729324,82.29759346759052,-0.12887522360185266,528
224,MA-24,337814886.5938634,95.17173460970832,-0.09369246526418529,4030,345542451.8700844,93.98343281228682,-0.10012758305892544,281237144.54922855,103.05323630396997,-0.10087104285407666,528
224,MA-168,351337123.50244415,103.65706751247264,-0.18300269780562517,4030,360568774.81031424,102.66829167214586,-0.19788868032683582,282573958.416671,110.21519818070036,-0.11136152997053594,528
225,Mean,812396231.262571,72.7518341208493,-0.004236086868933064,4030,826890555.0250546,65.72495135064862,-0.031633650509778954,708798485.1032145,119.35816643380915,-1.6246621951406053,528
225,SN-24,1041294549.790117,78.51865398741994,-0.6498604581375536,4030,1099389199.4506705,78.67246572924121,-0.8236116975405865,509364453.05794036,77.49848595738563,-0.3554550556971219,528
225,SN-168,1078061819.3738027,84.99439613766671,-0.7684278842610561,4030,1121744832.5744402,82.37697497948552,-0.8985305604815073,724475905.5180582,102.35464025878507,-1.742052383742534,528
225,MA-24,806252802.8387651,67.49241239295814,0.010894769846494734,4030,852388714.6052457,65.84640829736836,-0.0962379168213705,377490919.04115564,78.40965925423741,0.25554085050493636,528
225,MA-168,820400087.2531722,69.25168863943779,-0.024121348160427214,4030,862906843.9501178,66.35198961737501,-0.12345909431929503,445514068.57291216,88.4841620774375,-0.03693301021446094,528
226,Mean,170563700.53918475,81.85985685164817,-0.018087178289173833,4030,182935458.70443782,78.97067451118062,-0.020518993878641867,9221095.371180048,101.0225776022492,-0.02619503546406543,528
226,SN-24,206352111.49681485,82.49319495900038,-0.49014861184988234,4030,221322550.19317365,83.77544668092372,-0.4937455905097874,10783235.08241994,73.98856327306189,-0.40334040023799256,528
226,SN-168,240715596.9244757,82.0305215296116,-1.0277770803400106,4030,258194484.3123239,81.84602143881803,-1.032915024565559,10263067.508687403,83.25423235907962,-0.27121571449109094,528
226,MA-24,166487339.48922846,77.38966346305307,0.02999454923875966,4030,178561813.46427998,78.07910895893043,0.027695085931853436,9209774.10990373,72.81686398092717,-0.023676746753163558,528
226,MA-168,170072829.2813104,80.2790060028525,-0.012235632988399026,4030,182408533.78482595,81.13580171552044,-0.014648481431913218,9253389.944086943,74.59624352981632,-0.03339560378038664,528
227,Mean,402293323.8494341,71.49070840719945,-0.020129426647103932,4030,426766265.0585654,68.06967563191021,-0.025175231535250697,165130543.202907,94.18096745845503,-0.0055294761033382045,528
227,SN-24,559924581.9726118,77.55200424266842,-0.9761899823391122,4030,594416570.901913,76.22130720081876,-0.9888395916253327,222342235.626227,86.37795318311824,-0.8229884758150476,528
227,SN-168,557664160.8121198,75.8619982298071,-0.9602663915873404,4030,591166417.1908106,72.04206040810125,-0.9671498788671711,236033848.48659497,101.1980252215001,-1.0544168198307058,528
227,MA-24,402143744.36494595,69.14406491235215,-0.019370964814166225,4030,426484025.76906955,67.15050807129215,-0.023819693038205525,167173416.27876845,82.36648168771606,-0.03056270599275912,528
227,MA-168,403334843.32078433,70.81767811069993,-0.025418403424886993,4030,427653903.45163506,68.21342981806657,-0.02944422520333534,169239965.0031801,88.0905522031281,-0.056199215746558506,528
228,Mean,180062233.3978797,82.08742790498565,-0.12068733465227233,4030,179119257.61983755,76.92786737293041,-0.12175386082046713,186195750.83913657,116.3086040096399,-0.11419629459129976,528
228,SN-24,188409405.1928197,57.66406824237711,-0.22699941488594622,4030,189550680.4176431,56.6205783098012,-0.2562142258536413,180657408.98687902,64.58509427245448,-0.04889914832360076,528
228,SN-168,187696749.04927936,53.11221768192591,-0.21773475092011063,4030,175955349.6142119,49.97016175657737,-0.08247521789991774,252090735.7922342,73.9521416413399,-1.042377183324695,528
228,MA-24,174113267.00393498,79.35041284789992,-0.047859192645247406,4030,172497961.8968324,76.97115388120869,-0.040353537096241565,184469226.20938608,95.13102819137077,-0.09362903122262156,528
228,MA-168,178471191.3007658,85.11662461297307,-0.10096989506570386,4030,177286708.32859194,82.03356386303888,-0.09891819694407422,186136674.90976292,105.5652586021198,-0.11348938544513643,528
229,Mean,565083584.0698005,69.59985101888998,-0.0618891546073157,4030,582174535.6458858,68.23586068987325,-0.08147028162400027,435051356.3152798,78.64662020869427,-0.0018248615399101276,528
229,SN-24,702723418.3254148,63.32993222160902,-0.6421871767060257,4030,719871461.6100315,61.45561296401727,-0.6535528969836351,576212099.5017682,75.76149669146947,-0.7574197315472868,528
229,SN-168,694547688.6530528,63.61511034109629,-0.6041979017299473,4030,705141998.1446645,59.933275011149,-0.5865776887159337,619712604.633556,88.03516209389063,-1.0327848263503792,528
229,MA-24,556727373.9178417,67.8473830126808,-0.030715850611394924,4030,572688832.6759964,66.70758481010179,-0.04651536214523033,436324491.7613041,75.40718093963464,-0.007696926878036248,528
229,MA-168,564255123.8333383,69.4596858851531,-0.05877779875296829,4030,580286285.2008777,67.83799905248554,-0.0744662822429929,443494271.8393194,80.21564665788372,-0.04108641840984384,528
230,Mean,786311059.3244745,46.37221038832309,-3.665129634455866e-06,4030,800090098.7484694,44.132329224629764,-0.005647835011120206,687970239.7166349,61.22839189448599,-0.4601075416036535,528
230,SN-24,906015209.7664356,47.48278428134414,-0.32765061421661024,4030,943790314.5296934,47.13780624559001,-0.39932683708578787,597830857.2780899,49.77087723818303,-0.1025599058755684,528
230,SN-168,897409295.643395,48.385805892916586,-0.3025486446630543,4030,899902644.3323793,46.00023387708499,-0.2722111191035512,880693314.3276261,64.20829301307236,-1.3927368565043547,528
230,MA-24,768317476.3544372,43.591883564053084,0.045239930234213355,4030,801684650.4144263,43.56234809273922,-0.009660271485996574,492802280.28926307,43.78777981507797,0.25081174935190553,528
230,MA-168,793286233.7358972,44.94120181405598,-0.017823934972241773,4030,823453170.4867793,44.30024819688532,-0.06523626474365152,553008647.3309883,49.19237523703257,0.05657064538666956,528
231,Mean,215779780.97997966,101.71470560837224,-0.07366220557619418,4026,227442611.64513057,98.8821597670494,-0.07864458918916006,110971979.73592843,120.48032180713592,-0.04947525553217913,528
231,SN-24,262236650.23821536,82.88516233494431,-0.5857435261097139,4026,276809238.30613345,82.07138215604641,-0.5977023085215838,129331898.9082992,88.27645602014297,-0.4254659365621294,528
231,SN-168,258146948.8779692,76.66922964745142,-0.5366684065712157,4026,268618956.1421452,73.50498215201546,-0.5045548199660259,173477328.9848783,97.63236930471476,-1.564667030930618,528
231,MA-24,213053093.30693805,92.32969656251416,-0.04669911718641906,4026,224351185.92112172,91.38083673725433,-0.04952174524971387,112480975.91571766,98.61589290486043,-0.07821082308784044,528
231,MA-168,215449991.48143658,99.60612407615083,-0.07038282568491816,4026,226925043.16865528,98.90468800938876,-0.07374104688292449,113085665.58384274,104.25313801844946,-0.08983475231250293,528
232,Mean,194879141.3688145,71.97779040288339,-0.04551718566204821,4030,204279477.89675426,68.85145700701015,-0.06381587082196871,114415736.91186196,92.7134334944517,-0.036575741882658885,528
232,SN-24,256748736.92979285,82.61590195678554,-0.8147512011255906,4030,269187433.968433,80.38047971058856,-0.8472537289347164,150099513.74277097,97.4425093548572,-0.7839722216855796,528
232,SN-168,259507852.49011073,82.19489099967669,-0.8539647329475424,4030,267971975.13975626,79.3322764094219,-0.8306096247077117,194247702.45150277,101.18139913428325,-1.9877296597131284,528
232,MA-24,191634724.75371033,68.37610295385493,-0.01099469215752591,4030,200835369.7726715,66.38260985286556,-0.028246848780648648,113021159.31488402,81.59809696837146,-0.011460745421328244,528
232,MA-168,197628206.540144,71.87497163901418,-0.07522244087560925,4030,207314979.00470504,69.79671871269382,-0.09566641815356114,114192889.8907018,85.65914161623742,-0.03254180624049674,528
233,Mean,277034625.7551669,117.84066203258774,-0.1142610915473612,4030,279107011.14419806,114.5088540515481,-0.1113194311422907,262876161.5539217,139.93913087652862,-0.13689412566086445,528
233,SN-24,322984670.998378,99.96282940441449,-0.5145467399376189,4030,331001122.66569114,99.31876829164283,-0.5629905397364092,263717375.63375595,104.23461352738121,-0.14418197978295932,528
233,SN-168,354077389.53181916,108.11558901963339,-0.8201838133581894,4030,360756732.7855672,103.72416764623136,-0.8566340283449352,306109053.3050638,137.24202396215964,-0.5415938233320827,528
233,MA-24,261478846.4333196,104.5933777036294,0.007359526110478964,4030,262384544.9647821,102.36091854956561,0.017858828981986763,255390446.0916137,119.40033216865093,-0.07306716623157428,528
233,MA-168,270614620.0002201,111.21838802819681,-0.06321567293242891,4030,271684327.8282767,108.73051823747724,-0.052995679715409194,263409768.0016916,127.71937289012838,-0.14151432209885373,528
234,Mean,329378779.9401084,69.94531590219437,-0.01650382194195621,4030,338144352.1996454,65.35591986392339,-0.03347019955015895,263972926.31896162,100.38483280754464,-0.11052580051782201,528
234,SN-24,396165358.5570703,59.80258658952451,-0.4705194647431119,4030,408889409.48107755,56.55256135910163,-0.511142452183371,298338428.220455,81.3586251443369,-0.41849651690434,528
234,SN-168,393836071.9034081,63.1611034458471,-0.45327822071644497,4030,401683324.28601027,57.73134616407039,-0.45834839177375364,337197359.1351213,99.17437996247972,-0.8120835102573325,528
234,MA-24,333164621.3955504,68.86785940801532,-0.040005265443192606,4030,344358029.23654103,66.10926205732588,-0.07180088005407459,246370900.9221561,87.16446532111092,0.03263871520566797,528
234,MA-168,338527482.83186907,70.45000506310215,-0.07375610667168875,4030,348773440.5348585,66.8414478819048,-0.09946268176373874,260564551.43194094,94.38403394293763,-0.08203309041519935,528
235,Mean,157056302.80367276,98.06373482140326,-0.04858430294986471,4030,161386030.10654485,94.61817589164949,-0.05533310732442409,124586901.26206668,120.91666545018676,-0.010888322391567451,528
235,SN-24,160568233.9850275,80.11388604366088,-0.09600333171018693,4030,165330574.50553852,78.10319038000159,-0.10755176952347001,124451306.06822258,93.44997735831016,-0.008689102326974174,528
235,SN-168,144479637.28362277,75.18084363828348,0.11262763799617259,4030,146406528.51547095,72.25464758740402,0.13148250375774173,130983842.76880582,94.58906062726045,-0.11736191992245293,528
235,MA-24,154021648.05377698,82.68485618190408,-0.008454120784433083,4030,157394601.44363427,80.35194689054333,-0.003777253465568009,129444429.29269554,98.15805379240665,-0.09125222334590544,528
235,MA-168,159274844.77453414,86.99226053339937,-0.07841766638765924,4030,163283862.48125446,84.3066623345231,-0.08029960099907307,129582419.68787201,104.80469404185524,-0.09358005758753718,528
236,Mean,1679381279.2593966,129.17443354263008,-0.05776496055732139,4030,1692263833.6171157,129.00827288193832,-0.05762138104175918,1591299120.3746076,130.27650671259715,-0.05898843825469191,528
236,SN-24,2231208866.61799,109.89469248340018,-0.8671147742818428,4030,2181445066.9921002,109.38620220181244,-0.7574486247709256,2536679550.847793,113.26729279802197,-1.6910315468442998,528
236,SN-168,1967105385.7524192,101.02224946540157,-0.4512619744943027,4030,1964268302.746834,100.7287752589872,-0.4249370969828421,1985819961.0453463,102.96873937233921,-0.6491771803322524,528
236,MA-24,1669620947.7510715,118.62555816584572,-0.04550552242554229,4030,1681253043.7095227,119.11932346432567,-0.043903234450661355,1590318094.56222,115.35062241721536,-0.05768312143076604,528
236,MA-168,1683456168.2342105,124.98053949740857,-0.0629043581479054,4030,1696125087.157355,125.58855536569673,-0.06245325557400583,1596886560.8937721,120.94782818917918,-0.06643822932403265,528
237,Mean,249434109.13241267,103.05781644808813,-0.02771903984439361,4030,264150684.94852218,103.3407115163066,-0.02859383854330888,109940789.97228338,101.18149347668455,-0.036216270577532184,528
237,SN-24,341764981.6950395,92.0807711259531,-0.9293803138318126,4030,361956332.39860857,90.78107616891916,-0.9313135795340242,150201456.81454733,100.70109639022003,-0.934109199651842,528
237,SN-168,336873228.64042157,86.70847779404858,-0.874544340882218,4030,349679090.6169616,85.65492976943356,-0.8025186390769492,234884370.6479298,93.69621488155204,-3.7297799922880532,528
237,MA-24,247988624.87772316,90.46444912800142,-0.01584217770237628,4030,262631571.9798572,90.74171763714128,-0.01679710836390025,109117788.2973955,88.62544473594126,-0.02076039245241801,528
237,MA-168,249528715.76638916,102.26645465660931,-0.028498784668651966,4030,264197211.7486215,102.49259091131687,-0.028956218028616254,110834246.97178757,100.76658881572695,-0.05312676565833052,528
238,Mean,362943388.5101581,60.02293898307042,-0.035992308175226695,4030,354784676.99768263,52.98713836565816,-0.006136737627880251,412996994.4575449,106.68841959325552,-1.8443566322442275,528
238,SN-24,441235406.9108285,60.211741199106214,-0.5311560758140064,4030,460064690.6119546,60.639590903712445,-0.6918626532508199,286580414.4370902,57.37399562044902,-0.3695669868438525,528
238,SN-168,459920630.78340244,65.23618290476911,-0.6635832324158377,4030,466428772.9458257,62.271346166427364,-0.7389935222211437,414174387.9253295,84.9006871806646,-1.8605974311459752,528
238,MA-24,343822363.0248677,49.721637062540644,0.07029108924113792,4030,359465299.269062,50.22657534139449,-0.03285948630129809,212710227.36365512,46.372595675142605,0.24548650872762978,528
238,MA-168,350956472.1906622,51.158360494261046,0.03130900257746738,4030,364370572.70378083,50.25561291160605,-0.061240677614164074,243983136.91048187,57.145902226188696,0.007318592934956625,528
239,Mean,281723164.3309238,115.66042727413566,-0.18457605002213207,4018,287517549.338407,113.72965674989857,-0.18714892397124006,239929193.77150625,128.42252789835433,-0.17104567602084364,528
239,SN-24,274208430.0811528,100.13499907341186,-0.1222237015820411,4018,279416258.23435825,98.8992767712533,-0.12119159184175476,236923754.35864723,108.30293626002809,-0.14189154542483906,528
239,SN-168,260869135.48742387,95.80049135442306,-0.01569480255759581,4018,265781684.16129285,94.90445820045159,-0.014440513465122873,225724877.86335263,101.72313473957537,-0.03649329951458502,528
239,MA-24,273361122.0027134,108.35833270416025,-0.1152990413301842,4018,278275384.61950326,106.74570061616623,-0.11205449643164656,238343770.4735103,119.01758646760553,-0.15562055026984356,528
239,MA-168,281966767.8804559,114.98007237409695,-0.18662552076273498,4018,287245721.0047812,113.03698266992073,-0.18490524758559457,244220558.30865523,127.82360091117073,-0.2133108603392042,528
240,Mean,197201203.85717392,149.07035556389854,-0.2849679348823595,4030,199882228.26821586,149.68465515100618,-0.30085933557967093,178402181.85721087,144.99596701455968,-0.18978264798299715,528
240,SN-24,191458630.5791779,109.46581783939942,-0.21122008317466956,4030,189860724.423716,109.10058857076652,-0.17368685518657556,201736756.28170046,111.88822863249099,-0.5213788515653417,528
240,SN-168,179191157.2318005,98.73939232289766,-0.0609778446814655,4030,179260471.170044,98.35404470472157,-0.04628750918547575,178730746.8851947,101.29523959345201,-0.19416915207644747,528
240,MA-24,167864680.27097788,104.18786010298713,0.06890965784654024,4030,167762339.0151607,103.53731113661556,0.08362988220155199,168541893.4532459,108.50267540645922,-0.06189859222486027,528
240,MA-168,193167466.23716733,141.90221020048403,-0.2329377022908572,4030,195553385.6905254,141.74368264479696,-0.24512413781446796,176528308.12357652,142.95365622324164,-0.1649197962495621,528
241,Mean,157199057.94584605,111.29168475383298,-0.03235028947313734,4030,167943264.21279088,104.58076953616622,-0.04000286925403085,39259763.55748509,155.8023383376757,-0.024444292290880076,528
241,SN-24,217296734.07377446,99.0928266095588,-0.972575359092273,4030,232358950.7166563,101.71585449841464,-0.9908024686919239,47923755.501121365,81.69539542248839,-0.5264925014441546,528
241,SN-168,218572620.67408976,105.41608756953202,-0.9958078415371285,4030,231621181.10960072,102.48662977341863,-0.9781804301636974,93870726.51379836,124.84593833087507,-4.856704953350961,528
241,MA-24,156893247.47549385,96.64621599779683,-0.028337587978763512,4030,167706039.565073,101.31535423052685,-0.03706687691233923,36555622.37071838,65.67780294662158,0.11181925816436444,528
241,MA-168,157140309.85235125,102.02579628085044,-0.031578818201190906,4030,167919400.74613413,103.75838989671793,-0.0397073371803931,38125300.96254796,90.53423786651715,0.03390563480324926,528
242,Mean,296153196.54473215,151.5180151893198,-0.012428464267777661,4028,306942128.0750243,150.76710033534363,-0.013560504522867944,210680047.9167749,156.5174521068569,-0.005026500769416131,526
242,SN-24,416391814.0327949,134.21390366049505,-1.0014090701198368,4028,431522646.78220516,135.88279364319757,-1.0032901940196273,296588864.79272676,123.10277681748299,-0.9917754726817372,526
242,SN-168,407812816.8853366,133.1467679770889,-0.9197878521015073,4028,428647335.2116865,132.83728139429005,-0.9766825835487325,224241563.56581062,135.2072661005898,-0.1385783526616451,526
242,MA-24,296123664.56216484,139.18152116341034,-0.01222655843416165,4028,306901565.0002116,138.92733191074464,-0.013292633740614068,210755579.4567916,140.8738610167093,-0.005747260116949038,526
242,MA-168,296230530.8578121,148.09963626545144,-0.012957283023505628,4028,307018568.36273533,146.5543380645404,-0.014065397770394394,210771058.6290338,158.38791440155487,-0.005895001940163569,526
243,Mean,136987182.02523306,173.10218991742556,-0.013280719232148686,3847,144011282.38110337,169.55774979510082,-0.004496559588886395,61566666.754221104,199.9940470062244,-3413494418.4639425,448
243,SN-24,124431342.09839743,72.17991549441952,0.1639553232107035,3847,132377841.76426671,71.59876594769284,0.15123783726724271,1426.4203167909832,76.58912823844616,-0.8323268535240522,448
243,SN-168,110321402.11894274,79.71573907858311,0.3428122480159813,3847,117366805.39344314,80.40023005835576,0.33281544254654283,1297.5104506798937,74.52246934588851,-0.5161062690699665,448
243,MA-24,121902936.72480612,64.56108636017694,0.1975864540409037,3847,129687966.04031867,65.78987927606565,0.1853805477307372,1059.936881160294,55.23816867913746,-0.011737674808704801,448
243,MA-168,126247732.7479642,74.52475496937161,0.13936879226133225,3847,134310231.70709944,76.66950846624778,0.1262773085219161,1102.4133079910564,58.252395291063195,-0.09445222633005024,448
244,Mean,421147575.1199837,92.34085462665558,-0.1671051293587995,4030,439674561.1893159,94.34218858266544,-0.17092351437658593,267555686.39288628,79.06685554721143,-0.1706208617026459,528
244,SN-24,398400356.10949194,78.45219504799654,-0.04443352754357566,4030,417203263.1755802,80.89165402191259,-0.05429280613080523,238762487.2360439,62.27229859600049,0.06777643458493021,528
244,SN-168,339899006.6040713,76.9988271982353,0.23977672915188553,4030,352584968.8547494,77.40018146766549,0.24700266773043444,239301720.7792656,74.33681460061317,0.06356091590486401,528
244,MA-24,406739328.77014756,97.510112348617,-0.08861347063834124,4030,424972756.21016866,99.14441353771731,-0.09392621270828205,254664725.78241095,86.6704859012129,-0.060536149091709346,528
244,MA-168,415161737.4938997,101.48856667330044,-0.13416439828304583,4030,433715504.9254229,102.87120534740033,-0.13939876926562755,260570635.60337022,92.31811092197869,-0.11029614791008058,528
245,Mean,136563962.03464943,129.516292881627,-0.04983905873358463,4030,120336975.80559078,127.80981925588162,-0.059208249094732546,215172302.7492847,140.83460848268848,-0.032901314506722734,528
245,SN-24,177266612.36287943,104.39261044714263,-0.7689045562420942,4030,156589601.26776224,103.06301936709048,-0.7935314843107528,277865269.7541367,113.21122401218551,-0.722481755771434,528
245,SN-168,172673948.33918384,107.96153035148095,-0.6784335398894403,4030,156081650.66888428,108.32484440794931,-0.7819145215387309,256896356.6125366,105.55182234816229,-0.47231923122832,528
245,MA-24,135442872.45892075,104.16784228267827,-0.032672998155132804,4030,118857686.89812742,101.81882249654733,-0.033326855715703596,215217259.76463324,119.74789397023615,-0.03333297797571855,528
245,MA-168,136552079.09113994,118.34561002066086,-0.04965636579926902,4030,120136474.98825057,116.81634899847298,-0.055681565876240846,215856756.6611059,128.4885496034298,-0.039482995905408824,528
246,Mean,291940925.1229507,180.28840675826422,-0.26088713207721037,4030,298388801.1005504,179.62915515058404,-0.24988053556963097,244915184.09904706,184.66094298950654,-0.3812018407139013,528
246,SN-24,265225084.25219876,80.36869387476979,-0.04067577434370584,4030,272041694.15700364,80.32547563759867,-0.03890158150480261,214601050.31204394,80.65534210691597,-0.0604480862034118,528
246,SN-168,256858242.13908398,82.05228474553901,0.023947305190445745,4030,264516626.23333517,82.32477437597088,0.01777854671750201,198728502.67828706,80.2449766285458,0.09061864212667814,528
246,MA-24,261751073.2976776,87.93177490042692,-0.013592048885264107,4030,267414396.7827089,87.40324977787233,-0.003859735455147506,220537723.8679487,91.43725781555223,-0.11993160874331776,528
246,MA-168,269522647.1332523,92.62160332976612,-0.07467409326388097,4030,276104107.75912833,92.0424507428494,-0.07016120161369455,220963206.13013077,96.46287673768708,-0.12425713356618062,528
247,Mean,109644735.00271745,151.75482198777442,-0.06842495027248763,3924,114239409.08390851,152.61275952744643,-0.06626639195742956,59037536.28023154,144.63516022490396,-0.15577152752973045,422
247,SN-24,142403100.31630006,112.72582375649787,-0.802218095447887,3924,148752035.73933822,111.82043023250945,-0.8078386236113231,70274550.24557905,120.23930271623118,-0.6376145567046894,422
247,SN-168,138785315.5114315,107.647111817915,-0.7118097311058598,3924,144822111.6939974,104.97933369533273,-0.7135768103479412,71088199.42527717,129.7858771858844,-0.6757551738072234,422
247,MA-24,108979052.74958606,137.70890412122867,-0.05549095046659325,3924,113549651.5468586,137.15088490085944,-0.05342940372400351,58617725.84054944,142.3396702580367,-0.13939280104762508,422
247,MA-168,109606893.96591409,152.15956271736349,-0.06768759920628664,3924,114196953.18929808,152.9034424061328,-0.0654740054772438,59065782.02045933,145.98641894942463,-0.15687771975329046,422
248,Mean,188832863.27052486,88.75907459895052,-0.08691750397273057,4030,192092847.42849007,87.45361209649224,-0.08460878065537925,165594201.3736741,97.41765354517943,-0.10811152197223128,528
248,SN-24,202555623.84116977,84.28183586379089,-0.25063344115398634,4030,207168440.29082355,83.21194484670843,-0.26153098058016955,168799681.86760658,91.3779690869401,-0.1514271568050951,528
248,SN-168,193848631.55779737,79.105664230676,-0.1454256522009718,4030,184804077.96401036,77.7309780834161,-0.0038615686073308897,245544641.14245883,88.22337424526722,-1.4364311389144553,528
248,MA-24,183065330.78538918,82.1784382662737,-0.021535903904233544,4030,185393661.83014357,80.69635225864444,-0.010277062281443206,166801873.48423654,92.00848599111775,-0.12433328842046687,528
248,MA-168,187594869.2616101,83.59491892145499,-0.07271249276630054,4030,190492342.02503973,82.29883261351338,-0.06661029252427553,167110339.28541613,92.19130954723431,-0.12849558043817133,528
249,Mean,172624432.6031155,140.88723296799068,-0.09968120018386761,4030,177213105.95550084,138.74993591867323,-0.10861383854014184,138390700.29396805,155.06301756403187,-0.045220103643181186,528
249,SN-24,180253820.57253817,106.87668858082043,-0.19903325814458617,4030,181183360.37841555,106.85879050862337,-0.1588447059663871,173962903.2735379,106.99539890058212,-0.6516089756146131,528
249,SN-168,168079586.69067654,106.75864605233798,-0.0425387717720247,4030,169842340.6479695,104.98086451462643,-0.018311277311354512,155884251.09367564,118.54991678162936,-0.32616762665922705,528
249,MA-24,171933353.15109763,123.63139400385764,-0.09089396357867319,4030,176382528.5849263,122.80266150996162,-0.0982463011637078,138861271.8105573,129.12802505238773,-0.052340336886076644,528
249,MA-168,172861156.70044285,132.0047586343601,-0.10269930750309686,4030,177415845.16866627,131.40366241777943,-0.11115189082758659,138922103.16415998,135.99157482842347,-0.05326254230719085,528
250,Mean,113497114.03016321,145.68885853374945,-0.05553828362159585,4030,120324578.96937445,143.1720731975831,-0.05523617019130245,47888292.25118728,162.38162794142832,-0.1277798087442723,528
250,SN-24,151690206.2821027,108.53685230139618,-0.8854691731253836,4030,161116177.21416736,108.75713065749801,-0.8919918678756955,58768557.39456886,107.07583941679655,-0.698461376514302,528
250,SN-168,146974337.29165533,106.03876374643322,-0.7700574961024291,4030,155971161.20906484,104.3471902174606,-0.7730850934065181,59363766.98419756,117.25825332685405,-0.7330397279578671,528
250,MA-24,112646098.43218042,130.2416025647216,-0.03976851106080037,4030,119404907.94867504,128.89634450987845,-0.039166945426598376,47819322.613535255,139.1641285269576,-0.12453364776691633,528
250,MA-168,113353840.32697321,147.0444479619525,-0.05287503660459625,4030,120158635.12745842,145.68343822082764,-0.052327550928637834,48061424.57280224,156.07144817676172,-0.13594915803348795,528
251,Mean,106104619.57830413,105.18441970099698,-0.05634656461522458,4030,111826583.15318991,101.12991667413134,-0.062121493745272094,54657162.77833851,132.07621818600376,-0.020066217243069895,528
251,SN-24,118443866.10180159,86.61850358765906,-0.31632457193517083,4030,125123956.26006189,85.36408845120798,-0.32973476288043546,56898012.10488301,94.93850701162052,-0.10542271237686807,528
251,SN-168,113774105.98025216,84.60664006689314,-0.21457601950330418,4030,118550358.62614648,80.49664804607598,-0.1936852602816237,74731342.69481623,111.86647350799488,-0.9069520256415742,528
251,MA-24,104420772.97850871,90.96785613567215,-0.023084833444242392,4030,109884960.30935676,88.96138130624804,-0.0255588774060711,56008100.84018332,104.27595244749635,-0.07111447888579758,528
251,MA-168,106676376.32065019,96.06786736953784,-0.06776172376883549,4030,112361353.84289235,94.20262847037532,-0.07230421659705022,55864147.29131802,108.43920567421046,-0.06561553942684784,528
252,Mean,54666394.04744824,135.52346643961818,-0.09168437445020072,4030,57500612.94109978,133.77336961716233,-0.09487815476404582,29662771.30101248,147.13111619764908,-0.0929451971262436,528
252,SN-24,65802883.55213663,110.13062311778728,-0.5817800351922171,4030,69294101.33077735,109.04264226896201,-0.5900595002737516,34666197.65814587,117.34673852041229,-0.4927509527339675,528
252,SN-168,64624539.90541378,101.79049529765724,-0.5256368408516312,4030,67756062.31190969,99.95538681860087,-0.5202575183206537,37772717.14296501,113.96199130836831,-0.7722761461863776,528
252,MA-24,54257982.95396953,118.69552989015786,-0.07543342071577741,4030,57046648.138238356,117.79957749700316,-0.07765836940388904,29752891.854115695,124.63800201293782,-0.09959639298009937,528
252,MA-168,54811334.88052268,131.04879138249748,-0.09748096696762798,4030,57631130.39849213,130.3434702332295,-0.09985420238526155,30022098.413108632,135.7268873384379,-0.11958488771674425,528
253,Mean,66661726.990030766,126.46247611773434,-0.12351630615547049,4030,61328292.71651415,124.94816588215755,-0.1550819737283633,94717246.98980257,136.50625347566955,-0.045008609667855026,528
253,SN-24,82379149.56373484,111.08339272121609,-0.7157770999945388,4030,79442361.47662872,110.47872652675206,-0.9381855324610147,99691321.81641804,115.0938870640436,-0.15764778255282086,528
253,SN-168,79084702.87162289,102.26658817285006,-0.5812889394724061,4030,76781424.57219666,100.19589177498563,-0.8105202553865265,92927419.42156826,116.00063890262521,-0.00588768122761385,528
253,MA-24,65201596.75672818,116.28523417241698,-0.0748372812169078,4030,59538164.716931015,114.52815753929453,-0.08863412341739241,94534996.6910363,127.93917805346777,-0.040990969648379005,528
253,MA-168,66521245.789683744,126.40730931795363,-0.11878595727583319,4030,61106357.92209789,124.6186512996758,-0.14673708023133547,94914579.33130357,138.2707191285765,-0.04936745272557452,528
254,Mean,378261789.3563688,147.14158077703516,-0.27593916898533766,4030,401081010.9042083,146.54698318903786,-0.3489081074715983,158519022.22226766,151.08529432469913,-0.004251157791418159,528
254,SN-24,452844413.62343854,122.05163419659877,-0.8287024786217649,4030,479346476.2294085,124.35087146862453,-0.9267139483801963,203003454.97482932,106.8017688052461,-0.6469728125922936,528
254,SN-168,462981570.48035043,121.99822079846633,-0.9114917675122829,4030,482384926.5110773,122.93394990440594,-0.9512172211457017,304448226.0042564,115.79192661475342,-2.704302689882542,528
254,MA-24,381467227.1277688,138.3261814030673,-0.29765573179443083,4030,404497425.1059004,142.41235474621402,-0.3719860195291653,159566637.94486603,111.22432714606005,-0.017568748695585557,528
254,MA-168,386411728.49360776,141.20020765320268,-0.3315136530909031,4030,409735068.1395489,145.17428213300923,-0.40774642949238293,161725189.61893204,114.84185759963741,-0.045285460115927156,528
255,Mean,946544031.8373693,91.20571562408468,-0.01278515684433601,4026,1009461448.0217745,83.79105418059198,-0.014654666600662836,271043801.77304846,140.7594262636102,-0.0005446570695302189,524
255,SN-24,1263133555.7883537,100.95040063216945,-0.803575095945942,4026,1339977292.8436146,100.83556203086145,-0.7878606246464304,508572688.28918236,101.71789067373551,-2.5226020538442513,524
255,SN-168,1237293554.9749286,102.56926972313263,-0.730538183290931,4026,1296708824.5502832,98.9368338464295,-0.6742631345494574,724349565.0565867,126.84558735712959,-6.145850466478422,524
255,MA-24,945980378.5900584,84.6720849569848,-0.011579318227287416,4026,1008853758.380399,84.24865098017752,-0.013433402453490784,271045880.02686894,87.50198149663947,-0.0005600006687156434,524
255,MA-168,946604793.6045555,85.98211902499749,-0.012915189022497664,4026,1009508114.5889935,83.4394207922785,-0.014748482059949053,271512189.4878631,102.97549538183317,-0.004005704697980006,524
256,Mean,74025275.76519492,103.12851008629013,-0.007303161133109581,4011,78922975.80495296,102.38042784169916,-0.0075721998405415825,22966767.407007962,108.0740860638136,-0.014452082582198544,527
256,SN-24,104077520.59790811,99.26988568961505,-0.9911959682971541,4011,111120174.8393531,99.8128594752996,-0.9973542789868666,28508506.118216388,95.68028290152203,-0.563078229827001,527
256,SN-168,104126986.60127914,105.96142972297066,-0.9930891708377718,4011,111027016.01839559,104.60612966652603,-0.9940066749621652,32061434.42046718,114.92132611130683,-0.9769591296345632,527
256,MA-24,73931675.42785606,95.47559627467996,-0.004757427756245436,4011,78828221.4076047,95.61166371568478,-0.005154283279563465,22822965.44172514,94.57605364761947,-0.0017882627013730001,527
256,MA-168,73945675.82949287,97.77473578293849,-0.005138004535699459,4011,78843305.88186716,96.69508819507442,-0.005539010331821803,22823706.425213013,104.91229213230943,-0.0018533130221136673,527
257,Mean,220898977.17933568,134.46638938127586,-0.08220823981956604,4028,233923759.4791682,133.63189477694462,-0.08482786480071902,97609613.3239653,139.99807709938074,-0.11101923884219889,528
257,SN-24,279083392.03017247,99.51071030661396,-0.7273940207774241,4028,296050472.37045467,97.47089725420707,-0.7375754768116085,114898030.15735216,113.03219834340209,-0.5394357253710578,528
257,SN-168,282131149.625567,92.28167116049485,-0.7653283810165958,4028,299451047.6621186,89.07268500465543,-0.7777219529586452,113254466.27989839,113.55335969352116,-0.4957088738718709,528
257,MA-24,218137009.35643125,120.31504327499687,-0.05531505969808692,4028,230924588.40099794,118.84678633378928,-0.05718871415391891,97562967.1489421,130.0478070898199,-0.10995761359942446,528
257,MA-168,220471847.22417003,133.31572881786903,-0.07802717328769515,4028,233362900.37446228,132.98751623289382,-0.07963210196554993,99129827.79268117,135.4913804228182,-0.1458957223398205,528
258,Mean,413068297.5625971,100.2975227607911,-0.027799838723861825,4030,438487910.4559228,95.47914791828036,-0.030740067418164818,164484539.2439192,132.2557589321406,-0.00987580704072033,528
258,SN-24,578376661.2648886,97.18036001192125,-1.015052360301945,4030,579284953.3562425,95.12671852331522,-0.7989471583308392,572315859.2820587,110.80129276400146,-11.226139994991442,528
258,SN-168,488966069.78381455,101.10058501083918,-0.4401981978703695,4030,477324185.3352865,94.47026795085421,-0.22140808546192692,560089793.7589628,145.07666520793657,-10.709358979884142,528
258,MA-24,412951764.8913135,97.06347560396358,-0.027220005477419873,4030,438365843.61667484,95.05591516522826,-0.030166269754595243,164409187.3731878,110.37877230178772,-0.008950752303382714,528
258,MA-168,413029544.2120221,100.71853521780056,-0.027606994977280364,4030,438440326.2769121,96.08479729325119,-0.030516370219424438,164583041.17729884,131.45215304312626,-0.011085701967661343,528
259,Mean,188082791.18934077,120.13961494742675,-0.0113035651167821,4026,201345015.57400012,120.39853899318508,-0.011463494524556195,34046119.67934494,118.42424314427795,-0.08662212544061032,528
259,SN-24,263183640.2749035,74.66998028885709,-0.9801641575081963,4026,281980703.6844442,74.10360794056389,-0.9838426703823442,37094684.15336115,78.42219709629977,-0.28993152288855395,528
259,SN-168,244982469.56208035,88.19960680293548,-0.7157477277156492,4026,262393939.7826904,83.49284448558626,-0.7178136448825634,38601025.43767208,119.38190715537411,-0.3968217363441908,528
259,MA-24,187267749.11839256,63.85672762988168,-0.0025577460583481315,4026,200520487.1672105,63.81437913065341,-0.0031963639590324444,31963094.81637511,64.13728643726895,0.04227472905400753,528
259,MA-168,187499443.47663668,69.52975835479668,-0.005040081340813796,4026,200752788.16440737,67.17980270404108,-0.005522096439816604,32652289.143403564,85.09821454105253,0.000528146982366362,528
260,Mean,169402245.2694071,118.54217184883599,-0.02414765531843588,3891,178456645.46114007,114.72327337380419,-0.024450917406448447,28647736.897792023,152.3418403772188,-0.2226394549163797,395
260,SN-24,230612694.0184844,99.2797790722589,-0.8979757933109991,3891,243014958.10297066,97.98779794273764,-0.8997292865843818,34541398.277497135,110.7146297780978,-0.7774508329460639,395
260,SN-168,232870204.2780953,94.06032459968505,-0.935316944050705,3891,221562899.9235311,91.4032014459405,-0.5791369188634192,315763745.4651625,117.57754623383934,-147.5396161514059,395
260,MA-24,168904661.28996742,121.67846316679471,-0.018140048469295955,3891,177934276.07396412,119.14508281012814,-0.018462251908969884,28463621.88386408,144.1004827285829,-0.2069744885897038,395
260,MA-168,169216998.4373173,137.85081457453447,-0.021909002862537053,3891,178262258.749801,136.92597973478613,-0.022220334328395097,28574399.98064418,146.0361882448136,-0.21638766336681847,395
261,Mean,117851727.93854593,96.64609345431032,-0.14411642562265858,4030,123451514.3465158,93.45546513993942,-0.16246389610723933,70191055.18520121,117.80817746364158,-0.03634971773792928,528
261,SN-24,129786221.4902258,77.37486872074567,-0.3875718777561623,4030,135802654.59301317,75.56300651372008,-0.4067053812031536,79033446.73073319,89.39218207113119,-0.3139070283447294,528
261,SN-168,120662515.63995385,72.12318709236068,-0.19934205519575143,4030,122774628.02291615,67.68031617239741,-0.14975123322419193,105589742.47947803,101.59086505014723,-1.3452343814454144,528
261,MA-24,112120877.73325111,88.60383157875016,-0.03555051625596528,4030,116995368.68657456,86.59829403597634,-0.04405642607863647,71858641.34583108,101.90571126585985,-0.08617747997818381,528
261,MA-168,116209297.5254902,95.56346129250917,-0.11244888084313098,4030,121439070.57941273,93.11522728241285,-0.12487301784955607,72534982.854614,111.8015588367465,-0.10672014810628427,528
262,Mean,10483.416205726275,35.371959441620376,-0.6250540709930641,4030,9946.42334308775,32.20928599991081,-0.47592269796968134,13515.393758196878,56.34863064023197,-4.261015386299054,528
262,SN-24,8937.608800811297,27.198701334329833,-0.1811494250716983,4030,9120.727421147969,26.43730856183069,-0.24104830418914713,7612.367091214846,32.24869657920104,-0.6689818438023141,528
262,SN-168,9488.95496196974,30.177115137504522,-0.3313705012584254,4030,9338.242817267692,28.394668659818866,-0.30094835683232857,10433.60513534889,41.99932643457871,-2.135313404510116,528
262,MA-24,7108.06554137865,21.656021369600428,0.2529236180285449,4030,7339.709955584063,21.4767482129502,0.19631191769568257,5322.315858141756,22.845064162382815,0.18414410627726396,528
262,MA-168,7544.739667584078,23.412005528193166,0.1583128875391705,4030,7634.900591084063,22.58039482042268,0.13036601093112388,6917.057509977931,28.927726548292114,-0.37801815402245675,528
263,Mean,15797154.540429503,136.57642223051673,-0.015384317360385813,3985,15727222.647149133,130.98648884248962,-0.016657468078326243,16282790.773681793,176.07937254955053,-0.008098341594495073,494
263,SN-24,22542562.163585823,124.02148240013543,-1.0676606837513374,3985,22866348.360086847,126.35821102092719,-1.149137569088142,20106354.48086297,107.50828479854802,-0.5371345543180688,494
263,SN-168,21888360.18957804,129.0156159184471,-0.9493919636092498,3985,22201546.5765337,127.7456863991461,-1.0259888116415619,19532521.108740445,137.98995590200968,-0.4506472534352417,494
263,MA-24,15764851.237007251,113.04545063657233,-0.011235882743810377,3985,15687885.853433501,115.18048690469658,-0.011578118454028896,16298394.087621696,97.95757287944322,-0.010031328606937784,494
263,MA-168,15794630.331485266,113.21916797761808,-0.015059849128287839,3985,15721606.68923202,113.62827780353688,-0.01593153110966372,16301352.689539384,110.32806999728915,-0.01039805821683526,494
264,Mean,51559.82105680646,191.15571458868007,-2219.400897573986,2027,51563.43892666508,191.17124421197306,-2928.0011539825014,51532.35682585011,191.0378605407233,-781.9523968549836,236
264,SN-24,1391.3864662566082,72.04249684187941,-0.6169781108122598,2027,1255.5874533241288,71.86738279979002,-0.7367196941742071,2159.5983819175335,73.37143433926117,-0.375059003729326,236
264,SN-168,1379.0248972307918,71.09342431238844,-0.5883741318773941,2027,1282.2529483498656,71.59769301602611,-0.8112700553765109,1963.709226504631,67.26653766740918,-0.1369194823285802,236
264,MA-24,1119.8301048720477,55.615035536693725,-0.04740072131330453,2027,975.8452405141993,55.06688600111445,-0.049053630645449875,1882.541149410482,59.77493307153485,-0.04487491586832948,236
264,MA-168,1152.505203201002,55.89925162595378,-0.10941588741315633,2027,1006.1873596145532,55.68123054814139,-0.11530463961190329,1930.100596350796,57.553809890199425,-0.09833604680570418,236
265,Mean,54807663.117321506,135.76454653596463,-0.15457767487546747,3968,56494388.708911814,134.3994918989031,-0.15632730230404746,39912901.71529807,146.02296142650033,-0.15588856326299316,466
265,SN-24,54370700.13307513,110.96392247549296,-0.13624094811078047,3968,56005174.50008048,110.01972761281039,-0.13638753659902703,40005175.03812253,118.05956713024497,-0.1612392625679806,466
265,SN-168,42458271.78724038,108.06324515453211,0.3071085361659033,3968,42272476.02974294,105.05974475934887,0.35258087341314204,43829338.59004101,130.63461507713228,-0.3938601286831489,466
265,MA-24,54164189.26410729,132.02135185795026,-0.12762599599886948,3968,55806003.67042446,131.02319932116404,-0.12831925386542653,39710419.43577024,139.522489591481,-0.14419042712462082,466
265,MA-168,54625365.672460385,140.84757778211173,-0.14690989588947767,3968,56298597.40909111,140.77817616442783,-0.14832627713650126,39863910.42280957,141.36913242831102,-0.15305270228564782,466
266,Mean,2299.339035540535,56.811020589617854,-0.30717642060766526,4029,2172.5611302725197,52.67610785498964,-0.28795052286473255,3009.0455883863365,84.28818263263105,-0.46493949547104974,527
266,SN-24,2497.548471070686,50.66558567432915,-0.542254448739983,4029,2359.8013732691684,48.69150729223482,-0.5195187673758168,3268.6284151349396,63.783654923085045,-0.7285950161933665,527
266,SN-168,2990.521091006418,55.65290708945124,-1.211168912971671,4029,2909.1575065453994,52.353848917012314,-1.3093493687127182,3483.248492281971,77.57568075146479,-0.9630486755619658,527
266,MA-24,1811.8536651622824,37.93735722792373,0.1883394868177083,4029,1722.325710674166,36.578154229706435,0.19055799322617384,2320.6453634311088,46.96948037736765,0.12867593723961102,527
266,MA-168,2028.6319409640012,42.70098135935109,-0.01750065861696526,4029,1928.402417824946,40.193713124790975,-0.01473000863060725,2598.2486500686637,59.36218317610533,-0.09225382309098462,527
267,Mean,945.4181670515017,53.30899485289346,-0.0015738261024393907,3820,950.8895149128159,51.21192037804848,-0.0064698755159737775,902.8432811049001,69.21377317334702,-0.0878069548207745,445
267,SN-24,1286.7929920429078,66.32641491046195,-0.8554636644355427,3820,1297.2532659774397,65.7457651874097,-0.8732261371496275,1204.5059865667095,70.73021898979094,-0.9361768181208179,445
267,SN-168,1331.2395785981626,67.35528723301745,-0.9858549413707041,3820,1350.1583899494344,66.593271045124,-1.029131077127606,1177.903834811214,73.13462348951269,-0.8515982501454602,445
267,MA-24,953.7380711630735,49.96263682001743,-0.019279566621960287,3820,966.7511616563551,49.60307373009471,-0.040327475533725066,848.5717599322794,52.68966025482457,0.039042370000477056,445
267,MA-168,967.2494336246103,50.01758679290103,-0.048363876593219945,3820,975.6593712873746,49.250513370606164,-0.05958817772443625,900.9142344302593,55.8352784788452,-0.0831634277709068,445
268,Mean,143138483.58861488,126.45199281910871,-0.048050690882186275,4030,150370189.873228,125.57785287682776,-0.050809035063936525,80065779.11130598,132.24979220900994,-0.034508078969217815,528
268,SN-24,180403614.66436327,93.65775572475795,-0.6647918255739338,4030,189197633.62810782,90.61145730960422,-0.6635340799481966,104822389.24530123,113.862560743448,-0.773160823730108,528
268,SN-168,190228806.90829918,100.56180647330886,-0.8510665495407177,4030,199744071.48967332,96.40225672598203,-0.8541638017379112,107589648.65431345,128.15033528985907,-0.868017743258779,528
268,MA-24,142202885.78375155,112.74220465596856,-0.03439469428339614,4030,149322637.77987254,112.79369842625077,-0.0362191362303983,80343989.1984575,112.4006683235285,-0.041709922844453295,528
268,MA-168,142587137.63921893,118.16840992459723,-0.039992401885744044,4030,149751740.87345004,118.98589722070128,-0.04218318459625925,80244716.1032587,112.74636350233145,-0.03913723805981517,528
269,Mean,84231561.99203154,127.72288932349689,-0.1341223063478061,4029,87876521.97965883,127.26418338767675,-0.14440229804078375,54094975.82704789,130.77106425185002,-0.07202001282996351,527
269,SN-24,109766294.53018694,133.13758421849792,-0.9259641149244104,4029,113561296.11930889,133.2518416897513,-0.9111451947243447,80104153.61369103,132.37832489339473,-1.3507102599456324,527
269,SN-168,107867240.18143448,131.33710448168296,-0.8598988176703888,4029,109218487.4817838,130.45295086459106,-0.7677682002853936,98417849.63409561,137.2124478726806,-2.54843434723741,527
269,MA-24,82570036.80933367,126.15412884245833,-0.08982091962007921,4029,85961534.1767492,125.47795259496395,-0.09506857734042984,54950951.20795812,130.6474290677437,-0.10621478808725104,527
269,MA-168,84667949.3189659,126.91775204874851,-0.1459040808569707,4029,88230937.43996064,126.02543943239975,-0.15365190783211324,55452669.41108343,132.84731330577583,-0.1265071315806814,527
270,Mean,2567.1632035791304,55.55924520872484,-0.6373484653441679,4027,2464.9769582904864,50.97802468961801,-0.4892279324914204,3165.499837743276,86.11816760474798,-4.46594828838959,525
270,SN-24,2393.394918709442,47.019903475685574,-0.4231900148778107,4027,2472.072102310439,45.73085458781576,-0.4978134030580956,1781.8172368892108,55.61847339058102,-0.7318378984121596,525
270,SN-168,2588.5631802923267,49.89954420502836,-0.6647602505840431,4027,2670.3637208251293,47.80333439687854,-0.747737817634049,1957.3281426946,63.88226182053437,-1.089816762886369,525
270,MA-24,1774.8389204938808,35.163556098657544,0.21737801023975434,4027,1842.3524437167875,34.35234969870349,0.16808132234974504,1233.3128764842156,40.57468907511302,0.17028783226888378,525
270,MA-168,1935.2206095073675,37.99505298396632,0.06954554482862019,4027,2001.1256951462706,36.65089030426202,0.01851383453754407,1419.3621520769295,46.961258135060454,-0.09892326609811297,525
271,Mean,32649.63116483566,46.04114097415018,-0.0015807630357962399,3906,35049.86077920927,40.87980911179086,-0.0006669104756538147,5138.485930230535,79.06193459356265,-1.2161371236061287,528
271,SN-24,46091.64645578718,34.95866515696788,-0.9960612311318195,3906,49529.615447197895,33.737892455493046,-0.9982363578125646,4607.845770709093,42.768835962994395,-0.7820593108194511,528
271,SN-168,48771.288667977366,41.18113568704953,-1.2348988782130532,3906,52370.67088395997,37.50487340604912,-1.2340516999768631,7039.540485312719,64.70085914390447,-3.1592488707166693,528
271,MA-24,32595.495234116348,26.805577111187972,0.0017378995570386246,3906,35029.346430218546,26.238653373081455,0.0005041083152145243,3077.6685464334682,30.43260057202855,0.20499478475287503,528
271,MA-168,32650.96885006118,30.44147375867487,-0.0016628360753674354,3906,35082.264970431504,28.41588538390986,-0.0025180328651714934,3537.078944339756,43.4006357472283,-0.05006405283891313,528
272,Mean,3144.5132273821337,51.04487559960661,-0.6200978251095717,4030,3206.3797282762634,51.506174410486814,-0.7541764131071376,2698.51338958246,47.98527628956406,-0.12648657161094223,528
272,SN-24,3210.4345482344743,44.70826232518987,-0.6887370346879651,4030,3179.4941583316686,42.41314511627348,-0.7248821253125064,3408.547474401373,59.930801085843655,-0.797279244297588,528
272,SN-168,3380.69518638982,47.452253308945686,-0.8726060304229057,4030,3340.0019749264507,44.5936332646143,-0.9034295448869292,3639.096252702412,66.41226731509816,-1.0486319885033075,528
272,MA-24,2341.398963265441,32.84863684039118,0.10177480947874562,4030,2334.3261632420463,31.190278850697155,0.07024947083228184,2387.7796160303196,43.8478218402178,0.1180065798315153,528
272,MA-168,2470.8427276543607,35.14463021257448,-0.0002869269036509525,4030,2439.1231445356407,32.92281945129794,-0.015104640815629011,2671.7101015365206,49.88095840573821,-0.10421979777394919,528
273,Mean,33164401.667883653,134.10995445936788,-0.04986651270759279,4030,35048064.68881134,134.07275244392522,-0.05234190439188313,15737297.060382564,134.35669964512596,-0.04669280119308161,528
273,SN-24,43391968.9390673,103.62066867383565,-0.7972498848958847,4030,45813922.4387056,102.64706893710243,-0.7981409575532097,21210333.72006336,110.0781426852747,-0.9013144776767679,528
273,SN-168,42211398.677522235,108.21557410639504,-0.7007842915864255,4030,44065863.21463748,105.84398673084905,-0.6635403713408143,26844040.484003194,123.94530704041429,-2.0454727787569253,528
273,MA-24,33071145.974745426,131.4616636303134,-0.04397052952109126,4030,34945263.12575386,133.19378362154748,-0.04617758487829815,15755681.402882861,119.97324656724182,-0.0491397269378222,528
273,MA-168,33166294.25597627,132.83205822937384,-0.049986341286175406,4030,35044349.89356662,134.68004285590627,-0.05211883772248371,15822378.780099718,120.57516019506205,-0.05804102115431231,528
274,Mean,104166237.37658793,147.77079293504434,-0.036150069315985967,4030,97481036.86269058,148.753780715644,-0.04579590889217333,140682852.84433734,141.25105201144578,-0.008891166024406205,528
274,SN-24,136996961.15172994,109.3657454096569,-0.7922169224204394,4030,125246342.31633283,109.42879741281133,-0.7263814542637792,198006539.07639033,108.94754822206801,-0.9985777672031984,528
274,SN-168,139460483.08045682,109.1836542342164,-0.8572528632575231,4030,125808654.00618087,109.48525661656122,-0.7419179345968296,208490995.82493508,107.18325358464915,-1.2158307935137902,528
274,MA-24,104042092.01046564,130.0146112080077,-0.033681772862517834,4030,97330315.40049782,131.24406958810206,-0.04256446947401882,140673824.38951817,121.86013536124545,-0.008761677094587972,528
274,MA-168,104197299.01823922,137.82543948971949,-0.03676810682142251,4030,97511065.44035338,139.81203599852356,-0.04644031321062858,140720389.5134579,124.64918764534075,-0.00942961780242313,528
275,Mean,13804.031554784076,36.64616029409953,-0.21741709706584,4030,13283.043704048832,33.96054334293575,-0.1452841921037349,16856.76251447932,54.45871817852298,-1.5525650937724937,528
275,SN-24,14314.531223425509,35.42087544265419,-0.30912697031142966,4030,14624.820640052185,34.56869723010658,-0.3883506257711786,12056.039784808465,41.07301199633176,-0.3056832544988437,528
275,SN-168,15829.973449252531,39.825905943577546,-0.6009872847203923,4030,15835.575556630612,37.716064264985896,-0.6277427466721703,15792.766747745574,53.81959071332749,-1.240499913546682,528
275,MA-24,11018.532569102645,27.546313482291517,0.22433351075460484,4030,11314.843661508607,26.97689938155073,0.16897291524040503,8804.325462358865,31.322995642886664,0.30366108556401794,528
275,MA-168,11799.35037394014,29.887203741730694,0.11050460379494964,4030,11859.683803880718,28.58452648292682,0.08701365147552487,11391.098591285503,38.527309348418505,-0.16562730104133516,528
276,Mean,356385969.95655763,103.53480250677353,-0.012470348701854705,4026,380429078.78859884,103.68538175115987,-0.012781092525487203,92821308.57767309,102.528450381123,-0.04029839776978972,524
276,SN-24,500865089.4941252,95.06593666611109,-0.9997819336676552,4026,534703743.1653961,92.98844106877937,-1.000758278082063,129117096.9208199,108.9502679291945,-1.0129364389316002,524
276,SN-168,497079294.5639492,96.87856584696648,-0.9696654308143151,4026,531399764.9934256,93.9961317644658,-0.9761089709819799,105758136.72840464,116.1424669097858,-0.35048615916773573,524
276,MA-24,354873120.1025801,83.6009539513322,-0.0038927687739405137,4026,378821295.251065,81.32055788275171,-0.004238675565267469,92231811.32480256,98.84131088295226,-0.027126730446856095,524
276,MA-168,355232180.5041175,88.04704480378682,-0.005925272651456925,4026,379187958.7494929,85.99603322658213,-0.006183634155227047,92780423.79049551,101.75437790182258,-0.03938216393994276,524
277,Mean,47914956.57931724,187.51554883172034,-0.006087151734704976,4030,41602612.878236815,187.41418994191375,-0.006683082345988911,77741133.89813341,188.18781934706632,-0.00592052996564485,528
277,SN-24,67244925.39397539,89.5115893820005,-0.9815837729570411,4030,65296064.82651527,90.13205429255848,-1.479850913292673,78962650.9110472,85.39630885780731,-0.03778017525774069,528
277,SN-168,62311652.79161962,92.15449081647206,-0.70149997403127,4030,59467291.69582531,92.4867427598269,-1.0568748829763024,78613965.03729802,89.95080463156927,-0.0286350838018119,528
277,MA-24,47898023.48174243,93.25077301034561,-0.005376177006057192,4030,41583315.46006831,94.54366107097954,-0.005749396811137952,77729967.37082821,84.67559500212573,-0.005631575282621704,528
277,MA-168,47904983.82342833,96.53314750547757,-0.005668392410741907,4030,41591966.06805319,97.61543674778227,-0.006167893924033718,77732008.49691561,89.3547821142824,-0.005684390119990779,528
278,Mean,1521975019.9125779,159.14094675433225,-0.17999481645030957,4030,1628278639.8302512,163.60105287142255,-0.19503542003566632,308656208.5634775,129.5589550459037,-0.4664465827708488,528
278,SN-24,1838940080.6233878,93.47703419876734,-0.7226625315169644,4030,1968438075.4630716,94.14480180994816,-0.7464929633501987,333951329.34990776,89.04801492915507,-0.7166531973494026,528
278,SN-168,1859744256.9090192,88.23944795571887,-0.761860435433307,4030,1974243680.8704207,87.1590629405414,-0.7568101803267488,739606774.0235398,95.40518341623311,-7.420114048286239,528
278,MA-24,1420994591.8816524,96.34095367410166,-0.028608007181710304,4030,1521088479.8891597,96.49663620097792,-0.04287505755869203,256972084.70871753,95.30837752046412,-0.01645488909527293,528
278,MA-168,1444365504.5744526,100.43551578384857,-0.06272100858931284,4030,1545950698.015749,99.59014531552374,-0.07724529419441017,267211345.9139808,106.04249945823018,-0.09907164249693112,528
279,Mean,1562.2787676524565,56.74271646149454,-0.01763372429196397,3954,1466.3050140601115,54.08248949637493,-0.029235587385338935,2130.5918889939126,75.95055066078858,-0.0019426809874267814,481
279,SN-24,2119.1259278313228,69.54994542995574,-0.8723539896382366,3954,1958.981090930459,67.63410766717217,-0.837073966952095,3034.177465606326,83.38301102277754,-1.0320027699537189,481
279,SN-168,2135.419479084564,70.85784674726068,-0.9012570176778758,3954,2027.3623766776961,69.12697489221026,-0.9675642377963232,2794.2569122631076,83.35538926823797,-0.723356023011186,481
279,MA-24,1567.0446792817338,52.92540128022978,-0.023852012821774737,3954,1459.7048474687128,51.69599084656992,-0.01999080190949054,2191.223876361853,61.802204681686526,-0.059780298039677104,481
279,MA-168,1611.5907546472856,55.04548164906412,-0.08288905598533725,3954,1502.2528560622943,53.50553899129906,-0.08031954063015889,2248.4397772886873,66.16444391604564,-0.11584753428367645,481
280,Mean,30611.373687407595,63.839157351084864,-0.0010993541680637264,3940,32625.172605571774,61.56204718605318,-0.001347774598945195,3212.791440681325,80.41039603106339,-0.009635356909544424,476
280,SN-24,43303.481855807884,74.99306049304984,-1.0033516051818974,3940,46152.428672029506,73.85483686099238,-1.0038648184372292,4531.170743732641,83.27626776499736,-1.0082618483232717,476
280,SN-168,38462.70443992616,77.1869437844,-0.5804879115377695,3940,40992.73212995642,75.69208555452917,-0.5808586146977279,4057.3603460618283,88.06549191102309,-0.610225290537449,476
280,MA-24,30623.751521275422,58.397917991640924,-0.0019091150682186697,3940,32638.537952144063,57.68922612425737,-0.0021683741737983375,3201.2636925685892,63.555289060163226,-0.002403053294051105,476
280,MA-168,30628.18977291939,59.65127744424965,-0.002199546304401334,3940,32642.612266304583,58.75161978783976,-0.002418593938953606,3250.0306815983477,66.19836593543428,-0.0331762267117357,476
281,Mean,3176.5387452070713,46.46296844009622,-0.03374317323878473,4025,3111.925796537301,42.7525133641175,-0.06507557770043615,3579.257703104149,71.30811887236675,-0.0438854846278256,523
281,SN-24,4029.794304827057,56.0795191998274,-0.6636811585473796,4025,3917.3780202925386,53.27657532025548,-0.6877686876879052,4713.955719885836,74.84798854258248,-0.8106642191472799,523
281,SN-168,4493.747215044038,62.35615903768243,-1.0688148161945064,4025,4432.161012035992,58.70398726316078,-1.160493773877329,4886.167466104764,86.81104537491926,-0.9453762856741048,523
281,MA-24,2889.0371142275844,41.90699735871456,0.14491245072159387,4025,2789.9526134034113,39.68840206414391,0.14391750887854549,3480.5696542954697,56.76267751471153,0.012885387425125794,523
281,MA-168,3192.613381857464,45.65345814936746,-0.04423200519999693,4025,3092.4637492939037,42.9183593364742,-0.05179522709343232,3795.728585228066,63.967637963425204,-0.1739706059165096,523
282,Mean,,,,0,,,,,,,0
282,SN-24,,,,0,,,,,,,0
282,SN-168,,,,0,,,,,,,0
282,MA-24,,,,0,,,,,,,0
282,MA-168,,,,0,,,,,,,0
283,Mean,1053.0671759172585,62.15801581238729,-0.017106651182832167,289,1053.0671759172585,62.15801581238729,-0.017106651182832167,,,,0
283,SN-24,1437.2550611691297,72.77026291120269,-0.8946196425370598,289,1437.2550611691297,72.77026291120269,-0.8946196425370598,,,,0
283,SN-168,1452.276399127847,70.38656732418588,-0.9344294783815148,289,1452.276399127847,70.38656732418588,-0.9344294783815148,,,,0
283,MA-24,1041.5447526565254,54.6649299921419,0.005029480982356893,289,1041.5447526565254,54.6649299921419,0.005029480982356893,,,,0
283,MA-168,1071.9257541584225,55.10060377889426,-0.05386201954963421,289,1071.9257541584225,55.10060377889426,-0.05386201954963421,,,,0
284,Mean,164623.16089098566,53.53985089062454,-1.0853538410795247,4030,163956.01448644177,51.65149815450635,-0.8789587468592244,168981.40367843548,66.06449346995397,-12.738178089162156,528
284,SN-24,105635.77319899663,20.751609028329092,0.14134260451592195,4030,111852.98850675118,20.843000392507175,0.12550420826359965,46802.95979544438,20.145448881829786,-0.0538964756685818,528
284,SN-168,120754.67432464064,31.93343715939852,-0.12203340221759129,4030,124032.4685264076,31.064318177519056,-0.07530908256836644,96228.71418507199,37.69793464906116,-3.4551330723230604,528
284,MA-24,80590.88184532235,17.846810894258347,0.5002305559985998,4030,85411.67495222836,18.302557450382015,0.49008590501702953,34454.009244121495,14.824037334513879,0.4288754261801323,528
284,MA-168,87484.44239083651,24.585711282634914,0.41107561110938406,4030,91162.96056130738,24.89256050742966,0.41910266916292616,57401.039293795344,22.55051055303032,-0.5852246854829108,528
